[0.000000] (-) TimerEvent: {}
[0.000141] (learning_node) JobQueued: {'identifier': 'learning_node', 'dependencies': OrderedDict()}
[0.000162] (learning_pkg_c) JobQueued: {'identifier': 'learning_pkg_c', 'dependencies': OrderedDict()}
[0.000173] (learning_pkg_python) JobQueued: {'identifier': 'learning_pkg_python', 'dependencies': OrderedDict()}
[0.000183] (nav_hw_interfaces) JobQueued: {'identifier': 'nav_hw_interfaces', 'dependencies': OrderedDict()}
[0.000192] (srv_learning) JobQueued: {'identifier': 'srv_learning', 'dependencies': OrderedDict()}
[0.000200] (topic_learning_pub) JobQueued: {'identifier': 'topic_learning_pub', 'dependencies': OrderedDict()}
[0.000215] (topic_learning_sub) JobQueued: {'identifier': 'topic_learning_sub', 'dependencies': OrderedDict()}
[0.000223] (turtlesim) JobQueued: {'identifier': 'turtlesim', 'dependencies': OrderedDict()}
[0.000231] (launch_learning) JobQueued: {'identifier': 'launch_learning', 'dependencies': OrderedDict([('topic_learning_pub', '/home/ocrv/sp_vision_tutorial_27/lecture4/install/topic_learning_pub'), ('topic_learning_sub', '/home/ocrv/sp_vision_tutorial_27/lecture4/install/topic_learning_sub')])}
[0.000245] (qos_debugger) JobQueued: {'identifier': 'qos_debugger', 'dependencies': OrderedDict([('nav_hw_interfaces', '/home/ocrv/sp_vision_tutorial_27/lecture4/install/nav_hw_interfaces')])}
[0.000255] (nav_hw_interfaces) JobStarted: {'identifier': 'nav_hw_interfaces'}
[0.004910] (topic_learning_pub) JobStarted: {'identifier': 'topic_learning_pub'}
[0.009092] (topic_learning_sub) JobStarted: {'identifier': 'topic_learning_sub'}
[0.012537] (learning_node) JobStarted: {'identifier': 'learning_node'}
[0.016257] (nav_hw_interfaces) JobProgress: {'identifier': 'nav_hw_interfaces', 'progress': 'cmake'}
[0.017061] (nav_hw_interfaces) Command: {'cmd': ['/usr/bin/cmake', '/home/ocrv/sp_vision_tutorial_27/lecture4/homework/src/nav_hw_interfaces', '-DCMAKE_INSTALL_PREFIX=/home/ocrv/sp_vision_tutorial_27/lecture4/install/nav_hw_interfaces'], 'cwd': '/home/ocrv/sp_vision_tutorial_27/lecture4/build/nav_hw_interfaces', 'env': OrderedDict([('LESSOPEN', '| /usr/bin/lesspipe %s'), ('LANGUAGE', 'zh_CN:en'), ('USER', 'ocrv'), ('LC_TIME', 'zh_CN.UTF-8'), ('XDG_SESSION_TYPE', 'x11'), ('ALLUSERSPROFILE', '/opt/MVS/MVFG'), ('GIT_ASKPASS', '/usr/share/code/resources/app/extensions/git/dist/askpass.sh'), ('SHLVL', '2'), ('LD_LIBRARY_PATH', '/opt/ros/humble/opt/rviz_ogre_vendor/lib:/opt/ros/humble/lib/x86_64-linux-gnu:/opt/ros/humble/lib:/opt/MVS/lib/64:/opt/MVS/lib/32:/opt/MVS/lib/64:/opt/MVS/lib/32:/opt/MVS/lib/64:/opt/MVS/lib/32:/opt/MVS/lib/64:/opt/MVS/lib/32:'), ('HOME', '/home/ocrv'), ('CHROME_DESKTOP', 'code.desktop'), ('OLDPWD', '/home/ocrv/sp_vision_tutorial_27/lecture4/src'), ('TERM_PROGRAM_VERSION', '1.103.2'), ('DESKTOP_SESSION', 'ubuntu'), ('ROS_PYTHON_VERSION', '3'), ('GNOME_SHELL_SESSION_MODE', 'ubuntu'), ('GTK_MODULES', 'gail:atk-bridge'), ('VSCODE_GIT_ASKPASS_MAIN', '/usr/share/code/resources/app/extensions/git/dist/askpass-main.js'), ('LC_MONETARY', 'zh_CN.UTF-8'), ('VSCODE_GIT_ASKPASS_NODE', '/usr/share/code/code'), ('SYSTEMD_EXEC_PID', '3342'), ('DBUS_SESSION_BUS_ADDRESS', 'unix:path=/run/user/1000/bus'), ('COLORTERM', 'truecolor'), ('ROS_DISTRO', 'humble'), ('GTK_IM_MODULE', 'ibus'), ('LOGNAME', 'ocrv'), ('_', '/usr/bin/colcon'), ('ROS_VERSION', '2'), ('XDG_SESSION_CLASS', 'user'), ('USERNAME', 'ocrv'), ('TERM', 'xterm-256color'), ('GNOME_DESKTOP_SESSION_ID', 'this-is-deprecated'), ('ROS_LOCALHOST_ONLY', '0'), ('WINDOWPATH', '2'), ('MVCAM_SDK_PATH', '/opt/MVS'), ('PATH', '/opt/ros/humble/bin:/usr/local/sbin:/usr/local/bin:/usr/sbin:/usr/bin:/sbin:/bin:/usr/games:/usr/local/games:/snap/bin:/snap/bin'), ('SESSION_MANAGER', 'local/ocrv-virtual-machine:@/tmp/.ICE-unix/3149,unix/ocrv-virtual-machine:/tmp/.ICE-unix/3149'), ('MVCAM_GENICAM_CLPROTOCOL', '/opt/MVS/lib/CLProtocol'), ('PAPERSIZE', 'a4'), ('XDG_MENU_PREFIX', 'gnome-'), ('LC_ADDRESS', 'zh_CN.UTF-8'), ('GNOME_TERMINAL_SCREEN', '/org/gnome/Terminal/screen/c234ed7f_a8af_4c7b_8272_e118f06c194b'), ('XDG_RUNTIME_DIR', '/run/user/1000'), ('GDK_BACKEND', 'x11'), ('DISPLAY', ':0'), ('LANG', 'zh_CN.UTF-8'), ('XDG_CURRENT_DESKTOP', 'Unity'), ('LC_TELEPHONE', 'zh_CN.UTF-8'), ('XMODIFIERS', '@im=ibus'), ('XDG_SESSION_DESKTOP', 'ubuntu'), ('XAUTHORITY', '/run/user/1000/gdm/Xauthority'), ('LS_COLORS', 'rs=0:di=01;34:ln=01;36:mh=00:pi=40;33:so=01;35:do=01;35:bd=40;33;01:cd=40;33;01:or=40;31;01:mi=00:su=37;41:sg=30;43:ca=30;41:tw=30;42:ow=34;42:st=37;44:ex=01;32:*.tar=01;31:*.tgz=01;31:*.arc=01;31:*.arj=01;31:*.taz=01;31:*.lha=01;31:*.lz4=01;31:*.lzh=01;31:*.lzma=01;31:*.tlz=01;31:*.txz=01;31:*.tzo=01;31:*.t7z=01;31:*.zip=01;31:*.z=01;31:*.dz=01;31:*.gz=01;31:*.lrz=01;31:*.lz=01;31:*.lzo=01;31:*.xz=01;31:*.zst=01;31:*.tzst=01;31:*.bz2=01;31:*.bz=01;31:*.tbz=01;31:*.tbz2=01;31:*.tz=01;31:*.deb=01;31:*.rpm=01;31:*.jar=01;31:*.war=01;31:*.ear=01;31:*.sar=01;31:*.rar=01;31:*.alz=01;31:*.ace=01;31:*.zoo=01;31:*.cpio=01;31:*.7z=01;31:*.rz=01;31:*.cab=01;31:*.wim=01;31:*.swm=01;31:*.dwm=01;31:*.esd=01;31:*.jpg=01;35:*.jpeg=01;35:*.mjpg=01;35:*.mjpeg=01;35:*.gif=01;35:*.bmp=01;35:*.pbm=01;35:*.pgm=01;35:*.ppm=01;35:*.tga=01;35:*.xbm=01;35:*.xpm=01;35:*.tif=01;35:*.tiff=01;35:*.png=01;35:*.svg=01;35:*.svgz=01;35:*.mng=01;35:*.pcx=01;35:*.mov=01;35:*.mpg=01;35:*.mpeg=01;35:*.m2v=01;35:*.mkv=01;35:*.webm=01;35:*.webp=01;35:*.ogm=01;35:*.mp4=01;35:*.m4v=01;35:*.mp4v=01;35:*.vob=01;35:*.qt=01;35:*.nuv=01;35:*.wmv=01;35:*.asf=01;35:*.rm=01;35:*.rmvb=01;35:*.flc=01;35:*.avi=01;35:*.fli=01;35:*.flv=01;35:*.gl=01;35:*.dl=01;35:*.xcf=01;35:*.xwd=01;35:*.yuv=01;35:*.cgm=01;35:*.emf=01;35:*.ogv=01;35:*.ogx=01;35:*.aac=00;36:*.au=00;36:*.flac=00;36:*.m4a=00;36:*.mid=00;36:*.midi=00;36:*.mka=00;36:*.mp3=00;36:*.mpc=00;36:*.ogg=00;36:*.ra=00;36:*.wav=00;36:*.oga=00;36:*.opus=00;36:*.spx=00;36:*.xspf=00;36:'), ('VSCODE_GIT_IPC_HANDLE', '/run/user/1000/vscode-git-963eea5680.sock'), ('GNOME_TERMINAL_SERVICE', ':1.132'), ('TERM_PROGRAM', 'vscode'), ('SSH_AGENT_LAUNCHER', 'gnome-keyring'), ('SSH_AUTH_SOCK', '/run/user/1000/keyring/ssh'), ('AMENT_PREFIX_PATH', '/opt/ros/humble'), ('ORIGINAL_XDG_CURRENT_DESKTOP', 'ubuntu:GNOME'), ('SHELL', '/bin/bash'), ('LC_NAME', 'zh_CN.UTF-8'), ('QT_ACCESSIBILITY', '1'), ('NO_AT_BRIDGE', '1'), ('GDMSESSION', 'ubuntu'), ('LESSCLOSE', '/usr/bin/lesspipe %s %s'), ('LC_MEASUREMENT', 'zh_CN.UTF-8'), ('GPG_AGENT_INFO', '/run/user/1000/gnupg/S.gpg-agent:0:1'), ('LC_IDENTIFICATION', 'zh_CN.UTF-8'), ('VSCODE_GIT_ASKPASS_EXTRA_ARGS', ''), ('QT_IM_MODULE', 'ibus'), ('PWD', '/home/ocrv/sp_vision_tutorial_27/lecture4/build/nav_hw_interfaces'), ('XDG_CONFIG_DIRS', '/etc/xdg/xdg-ubuntu:/etc/xdg'), ('XDG_DATA_DIRS', '/usr/share/ubuntu:/usr/share/gnome:/usr/local/share/:/usr/share/:/var/lib/snapd/desktop'), ('PYTHONPATH', '/opt/ros/humble/lib/python3.10/site-packages:/opt/ros/humble/local/lib/python3.10/dist-packages'), ('LC_NUMERIC', 'zh_CN.UTF-8'), ('MVCAM_SDK_VERSION', ''), ('LC_PAPER', 'zh_CN.UTF-8'), ('COLCON', '1'), ('VTE_VERSION', '6800'), ('MVCAM_COMMON_RUNENV', '/opt/MVS/lib'), ('CMAKE_PREFIX_PATH', '/opt/ros/humble')]), 'shell': False}
[0.024891] (topic_learning_pub) JobProgress: {'identifier': 'topic_learning_pub', 'progress': 'cmake'}
[0.025264] (topic_learning_pub) Command: {'cmd': ['/usr/bin/cmake', '/home/ocrv/sp_vision_tutorial_27/lecture4/src/ep2/topic_learning_pub', '-DCMAKE_INSTALL_PREFIX=/home/ocrv/sp_vision_tutorial_27/lecture4/install/topic_learning_pub'], 'cwd': '/home/ocrv/sp_vision_tutorial_27/lecture4/build/topic_learning_pub', 'env': OrderedDict([('LESSOPEN', '| /usr/bin/lesspipe %s'), ('LANGUAGE', 'zh_CN:en'), ('USER', 'ocrv'), ('LC_TIME', 'zh_CN.UTF-8'), ('XDG_SESSION_TYPE', 'x11'), ('ALLUSERSPROFILE', '/opt/MVS/MVFG'), ('GIT_ASKPASS', '/usr/share/code/resources/app/extensions/git/dist/askpass.sh'), ('SHLVL', '2'), ('LD_LIBRARY_PATH', '/opt/ros/humble/opt/rviz_ogre_vendor/lib:/opt/ros/humble/lib/x86_64-linux-gnu:/opt/ros/humble/lib:/opt/MVS/lib/64:/opt/MVS/lib/32:/opt/MVS/lib/64:/opt/MVS/lib/32:/opt/MVS/lib/64:/opt/MVS/lib/32:/opt/MVS/lib/64:/opt/MVS/lib/32:'), ('HOME', '/home/ocrv'), ('CHROME_DESKTOP', 'code.desktop'), ('OLDPWD', '/home/ocrv/sp_vision_tutorial_27/lecture4/src'), ('TERM_PROGRAM_VERSION', '1.103.2'), ('DESKTOP_SESSION', 'ubuntu'), ('ROS_PYTHON_VERSION', '3'), ('GNOME_SHELL_SESSION_MODE', 'ubuntu'), ('GTK_MODULES', 'gail:atk-bridge'), ('VSCODE_GIT_ASKPASS_MAIN', '/usr/share/code/resources/app/extensions/git/dist/askpass-main.js'), ('LC_MONETARY', 'zh_CN.UTF-8'), ('VSCODE_GIT_ASKPASS_NODE', '/usr/share/code/code'), ('SYSTEMD_EXEC_PID', '3342'), ('DBUS_SESSION_BUS_ADDRESS', 'unix:path=/run/user/1000/bus'), ('COLORTERM', 'truecolor'), ('ROS_DISTRO', 'humble'), ('GTK_IM_MODULE', 'ibus'), ('LOGNAME', 'ocrv'), ('_', '/usr/bin/colcon'), ('ROS_VERSION', '2'), ('XDG_SESSION_CLASS', 'user'), ('USERNAME', 'ocrv'), ('TERM', 'xterm-256color'), ('GNOME_DESKTOP_SESSION_ID', 'this-is-deprecated'), ('ROS_LOCALHOST_ONLY', '0'), ('WINDOWPATH', '2'), ('MVCAM_SDK_PATH', '/opt/MVS'), ('PATH', '/opt/ros/humble/bin:/usr/local/sbin:/usr/local/bin:/usr/sbin:/usr/bin:/sbin:/bin:/usr/games:/usr/local/games:/snap/bin:/snap/bin'), ('SESSION_MANAGER', 'local/ocrv-virtual-machine:@/tmp/.ICE-unix/3149,unix/ocrv-virtual-machine:/tmp/.ICE-unix/3149'), ('MVCAM_GENICAM_CLPROTOCOL', '/opt/MVS/lib/CLProtocol'), ('PAPERSIZE', 'a4'), ('XDG_MENU_PREFIX', 'gnome-'), ('LC_ADDRESS', 'zh_CN.UTF-8'), ('GNOME_TERMINAL_SCREEN', '/org/gnome/Terminal/screen/c234ed7f_a8af_4c7b_8272_e118f06c194b'), ('XDG_RUNTIME_DIR', '/run/user/1000'), ('GDK_BACKEND', 'x11'), ('DISPLAY', ':0'), ('LANG', 'zh_CN.UTF-8'), ('XDG_CURRENT_DESKTOP', 'Unity'), ('LC_TELEPHONE', 'zh_CN.UTF-8'), ('XMODIFIERS', '@im=ibus'), ('XDG_SESSION_DESKTOP', 'ubuntu'), ('XAUTHORITY', '/run/user/1000/gdm/Xauthority'), ('LS_COLORS', 'rs=0:di=01;34:ln=01;36:mh=00:pi=40;33:so=01;35:do=01;35:bd=40;33;01:cd=40;33;01:or=40;31;01:mi=00:su=37;41:sg=30;43:ca=30;41:tw=30;42:ow=34;42:st=37;44:ex=01;32:*.tar=01;31:*.tgz=01;31:*.arc=01;31:*.arj=01;31:*.taz=01;31:*.lha=01;31:*.lz4=01;31:*.lzh=01;31:*.lzma=01;31:*.tlz=01;31:*.txz=01;31:*.tzo=01;31:*.t7z=01;31:*.zip=01;31:*.z=01;31:*.dz=01;31:*.gz=01;31:*.lrz=01;31:*.lz=01;31:*.lzo=01;31:*.xz=01;31:*.zst=01;31:*.tzst=01;31:*.bz2=01;31:*.bz=01;31:*.tbz=01;31:*.tbz2=01;31:*.tz=01;31:*.deb=01;31:*.rpm=01;31:*.jar=01;31:*.war=01;31:*.ear=01;31:*.sar=01;31:*.rar=01;31:*.alz=01;31:*.ace=01;31:*.zoo=01;31:*.cpio=01;31:*.7z=01;31:*.rz=01;31:*.cab=01;31:*.wim=01;31:*.swm=01;31:*.dwm=01;31:*.esd=01;31:*.jpg=01;35:*.jpeg=01;35:*.mjpg=01;35:*.mjpeg=01;35:*.gif=01;35:*.bmp=01;35:*.pbm=01;35:*.pgm=01;35:*.ppm=01;35:*.tga=01;35:*.xbm=01;35:*.xpm=01;35:*.tif=01;35:*.tiff=01;35:*.png=01;35:*.svg=01;35:*.svgz=01;35:*.mng=01;35:*.pcx=01;35:*.mov=01;35:*.mpg=01;35:*.mpeg=01;35:*.m2v=01;35:*.mkv=01;35:*.webm=01;35:*.webp=01;35:*.ogm=01;35:*.mp4=01;35:*.m4v=01;35:*.mp4v=01;35:*.vob=01;35:*.qt=01;35:*.nuv=01;35:*.wmv=01;35:*.asf=01;35:*.rm=01;35:*.rmvb=01;35:*.flc=01;35:*.avi=01;35:*.fli=01;35:*.flv=01;35:*.gl=01;35:*.dl=01;35:*.xcf=01;35:*.xwd=01;35:*.yuv=01;35:*.cgm=01;35:*.emf=01;35:*.ogv=01;35:*.ogx=01;35:*.aac=00;36:*.au=00;36:*.flac=00;36:*.m4a=00;36:*.mid=00;36:*.midi=00;36:*.mka=00;36:*.mp3=00;36:*.mpc=00;36:*.ogg=00;36:*.ra=00;36:*.wav=00;36:*.oga=00;36:*.opus=00;36:*.spx=00;36:*.xspf=00;36:'), ('VSCODE_GIT_IPC_HANDLE', '/run/user/1000/vscode-git-963eea5680.sock'), ('GNOME_TERMINAL_SERVICE', ':1.132'), ('TERM_PROGRAM', 'vscode'), ('SSH_AGENT_LAUNCHER', 'gnome-keyring'), ('SSH_AUTH_SOCK', '/run/user/1000/keyring/ssh'), ('AMENT_PREFIX_PATH', '/opt/ros/humble'), ('ORIGINAL_XDG_CURRENT_DESKTOP', 'ubuntu:GNOME'), ('SHELL', '/bin/bash'), ('LC_NAME', 'zh_CN.UTF-8'), ('QT_ACCESSIBILITY', '1'), ('NO_AT_BRIDGE', '1'), ('GDMSESSION', 'ubuntu'), ('LESSCLOSE', '/usr/bin/lesspipe %s %s'), ('LC_MEASUREMENT', 'zh_CN.UTF-8'), ('GPG_AGENT_INFO', '/run/user/1000/gnupg/S.gpg-agent:0:1'), ('LC_IDENTIFICATION', 'zh_CN.UTF-8'), ('VSCODE_GIT_ASKPASS_EXTRA_ARGS', ''), ('QT_IM_MODULE', 'ibus'), ('PWD', '/home/ocrv/sp_vision_tutorial_27/lecture4/build/topic_learning_pub'), ('XDG_CONFIG_DIRS', '/etc/xdg/xdg-ubuntu:/etc/xdg'), ('XDG_DATA_DIRS', '/usr/share/ubuntu:/usr/share/gnome:/usr/local/share/:/usr/share/:/var/lib/snapd/desktop'), ('PYTHONPATH', '/opt/ros/humble/lib/python3.10/site-packages:/opt/ros/humble/local/lib/python3.10/dist-packages'), ('LC_NUMERIC', 'zh_CN.UTF-8'), ('MVCAM_SDK_VERSION', ''), ('LC_PAPER', 'zh_CN.UTF-8'), ('COLCON', '1'), ('VTE_VERSION', '6800'), ('MVCAM_COMMON_RUNENV', '/opt/MVS/lib'), ('CMAKE_PREFIX_PATH', '/opt/ros/humble')]), 'shell': False}
[0.098733] (-) TimerEvent: {}
[0.178853] (nav_hw_interfaces) StdoutLine: {'line': b'-- The C compiler identification is GNU 11.4.0\n'}
[0.179040] (topic_learning_pub) StdoutLine: {'line': b'-- The C compiler identification is GNU 11.4.0\n'}
[0.198853] (-) TimerEvent: {}
[0.251039] (topic_learning_pub) StdoutLine: {'line': b'-- The CXX compiler identification is GNU 11.4.0\n'}
[0.266403] (nav_hw_interfaces) StdoutLine: {'line': b'-- The CXX compiler identification is GNU 11.4.0\n'}
[0.267743] (topic_learning_pub) StdoutLine: {'line': b'-- Detecting C compiler ABI info\n'}
[0.276943] (nav_hw_interfaces) StdoutLine: {'line': b'-- Detecting C compiler ABI info\n'}
[0.283294] (learning_node) JobProgress: {'identifier': 'learning_node', 'progress': 'cmake'}
[0.283705] (learning_node) Command: {'cmd': ['/usr/bin/cmake', '/home/ocrv/sp_vision_tutorial_27/lecture4/src/ep1/learning_node', '-DCMAKE_INSTALL_PREFIX=/home/ocrv/sp_vision_tutorial_27/lecture4/install/learning_node'], 'cwd': '/home/ocrv/sp_vision_tutorial_27/lecture4/build/learning_node', 'env': OrderedDict([('LESSOPEN', '| /usr/bin/lesspipe %s'), ('LANGUAGE', 'zh_CN:en'), ('USER', 'ocrv'), ('LC_TIME', 'zh_CN.UTF-8'), ('XDG_SESSION_TYPE', 'x11'), ('ALLUSERSPROFILE', '/opt/MVS/MVFG'), ('GIT_ASKPASS', '/usr/share/code/resources/app/extensions/git/dist/askpass.sh'), ('SHLVL', '2'), ('LD_LIBRARY_PATH', '/opt/ros/humble/opt/rviz_ogre_vendor/lib:/opt/ros/humble/lib/x86_64-linux-gnu:/opt/ros/humble/lib:/opt/MVS/lib/64:/opt/MVS/lib/32:/opt/MVS/lib/64:/opt/MVS/lib/32:/opt/MVS/lib/64:/opt/MVS/lib/32:/opt/MVS/lib/64:/opt/MVS/lib/32:'), ('HOME', '/home/ocrv'), ('CHROME_DESKTOP', 'code.desktop'), ('OLDPWD', '/home/ocrv/sp_vision_tutorial_27/lecture4/src'), ('TERM_PROGRAM_VERSION', '1.103.2'), ('DESKTOP_SESSION', 'ubuntu'), ('ROS_PYTHON_VERSION', '3'), ('GNOME_SHELL_SESSION_MODE', 'ubuntu'), ('GTK_MODULES', 'gail:atk-bridge'), ('VSCODE_GIT_ASKPASS_MAIN', '/usr/share/code/resources/app/extensions/git/dist/askpass-main.js'), ('LC_MONETARY', 'zh_CN.UTF-8'), ('VSCODE_GIT_ASKPASS_NODE', '/usr/share/code/code'), ('SYSTEMD_EXEC_PID', '3342'), ('DBUS_SESSION_BUS_ADDRESS', 'unix:path=/run/user/1000/bus'), ('COLORTERM', 'truecolor'), ('ROS_DISTRO', 'humble'), ('GTK_IM_MODULE', 'ibus'), ('LOGNAME', 'ocrv'), ('_', '/usr/bin/colcon'), ('ROS_VERSION', '2'), ('XDG_SESSION_CLASS', 'user'), ('USERNAME', 'ocrv'), ('TERM', 'xterm-256color'), ('GNOME_DESKTOP_SESSION_ID', 'this-is-deprecated'), ('ROS_LOCALHOST_ONLY', '0'), ('WINDOWPATH', '2'), ('MVCAM_SDK_PATH', '/opt/MVS'), ('PATH', '/opt/ros/humble/bin:/usr/local/sbin:/usr/local/bin:/usr/sbin:/usr/bin:/sbin:/bin:/usr/games:/usr/local/games:/snap/bin:/snap/bin'), ('SESSION_MANAGER', 'local/ocrv-virtual-machine:@/tmp/.ICE-unix/3149,unix/ocrv-virtual-machine:/tmp/.ICE-unix/3149'), ('MVCAM_GENICAM_CLPROTOCOL', '/opt/MVS/lib/CLProtocol'), ('PAPERSIZE', 'a4'), ('XDG_MENU_PREFIX', 'gnome-'), ('LC_ADDRESS', 'zh_CN.UTF-8'), ('GNOME_TERMINAL_SCREEN', '/org/gnome/Terminal/screen/c234ed7f_a8af_4c7b_8272_e118f06c194b'), ('XDG_RUNTIME_DIR', '/run/user/1000'), ('GDK_BACKEND', 'x11'), ('DISPLAY', ':0'), ('LANG', 'zh_CN.UTF-8'), ('XDG_CURRENT_DESKTOP', 'Unity'), ('LC_TELEPHONE', 'zh_CN.UTF-8'), ('XMODIFIERS', '@im=ibus'), ('XDG_SESSION_DESKTOP', 'ubuntu'), ('XAUTHORITY', '/run/user/1000/gdm/Xauthority'), ('LS_COLORS', 'rs=0:di=01;34:ln=01;36:mh=00:pi=40;33:so=01;35:do=01;35:bd=40;33;01:cd=40;33;01:or=40;31;01:mi=00:su=37;41:sg=30;43:ca=30;41:tw=30;42:ow=34;42:st=37;44:ex=01;32:*.tar=01;31:*.tgz=01;31:*.arc=01;31:*.arj=01;31:*.taz=01;31:*.lha=01;31:*.lz4=01;31:*.lzh=01;31:*.lzma=01;31:*.tlz=01;31:*.txz=01;31:*.tzo=01;31:*.t7z=01;31:*.zip=01;31:*.z=01;31:*.dz=01;31:*.gz=01;31:*.lrz=01;31:*.lz=01;31:*.lzo=01;31:*.xz=01;31:*.zst=01;31:*.tzst=01;31:*.bz2=01;31:*.bz=01;31:*.tbz=01;31:*.tbz2=01;31:*.tz=01;31:*.deb=01;31:*.rpm=01;31:*.jar=01;31:*.war=01;31:*.ear=01;31:*.sar=01;31:*.rar=01;31:*.alz=01;31:*.ace=01;31:*.zoo=01;31:*.cpio=01;31:*.7z=01;31:*.rz=01;31:*.cab=01;31:*.wim=01;31:*.swm=01;31:*.dwm=01;31:*.esd=01;31:*.jpg=01;35:*.jpeg=01;35:*.mjpg=01;35:*.mjpeg=01;35:*.gif=01;35:*.bmp=01;35:*.pbm=01;35:*.pgm=01;35:*.ppm=01;35:*.tga=01;35:*.xbm=01;35:*.xpm=01;35:*.tif=01;35:*.tiff=01;35:*.png=01;35:*.svg=01;35:*.svgz=01;35:*.mng=01;35:*.pcx=01;35:*.mov=01;35:*.mpg=01;35:*.mpeg=01;35:*.m2v=01;35:*.mkv=01;35:*.webm=01;35:*.webp=01;35:*.ogm=01;35:*.mp4=01;35:*.m4v=01;35:*.mp4v=01;35:*.vob=01;35:*.qt=01;35:*.nuv=01;35:*.wmv=01;35:*.asf=01;35:*.rm=01;35:*.rmvb=01;35:*.flc=01;35:*.avi=01;35:*.fli=01;35:*.flv=01;35:*.gl=01;35:*.dl=01;35:*.xcf=01;35:*.xwd=01;35:*.yuv=01;35:*.cgm=01;35:*.emf=01;35:*.ogv=01;35:*.ogx=01;35:*.aac=00;36:*.au=00;36:*.flac=00;36:*.m4a=00;36:*.mid=00;36:*.midi=00;36:*.mka=00;36:*.mp3=00;36:*.mpc=00;36:*.ogg=00;36:*.ra=00;36:*.wav=00;36:*.oga=00;36:*.opus=00;36:*.spx=00;36:*.xspf=00;36:'), ('VSCODE_GIT_IPC_HANDLE', '/run/user/1000/vscode-git-963eea5680.sock'), ('GNOME_TERMINAL_SERVICE', ':1.132'), ('TERM_PROGRAM', 'vscode'), ('SSH_AGENT_LAUNCHER', 'gnome-keyring'), ('SSH_AUTH_SOCK', '/run/user/1000/keyring/ssh'), ('AMENT_PREFIX_PATH', '/opt/ros/humble'), ('ORIGINAL_XDG_CURRENT_DESKTOP', 'ubuntu:GNOME'), ('SHELL', '/bin/bash'), ('LC_NAME', 'zh_CN.UTF-8'), ('QT_ACCESSIBILITY', '1'), ('NO_AT_BRIDGE', '1'), ('GDMSESSION', 'ubuntu'), ('LESSCLOSE', '/usr/bin/lesspipe %s %s'), ('LC_MEASUREMENT', 'zh_CN.UTF-8'), ('GPG_AGENT_INFO', '/run/user/1000/gnupg/S.gpg-agent:0:1'), ('LC_IDENTIFICATION', 'zh_CN.UTF-8'), ('VSCODE_GIT_ASKPASS_EXTRA_ARGS', ''), ('QT_IM_MODULE', 'ibus'), ('PWD', '/home/ocrv/sp_vision_tutorial_27/lecture4/build/learning_node'), ('XDG_CONFIG_DIRS', '/etc/xdg/xdg-ubuntu:/etc/xdg'), ('XDG_DATA_DIRS', '/usr/share/ubuntu:/usr/share/gnome:/usr/local/share/:/usr/share/:/var/lib/snapd/desktop'), ('PYTHONPATH', '/opt/ros/humble/lib/python3.10/site-packages:/opt/ros/humble/local/lib/python3.10/dist-packages'), ('LC_NUMERIC', 'zh_CN.UTF-8'), ('MVCAM_SDK_VERSION', ''), ('LC_PAPER', 'zh_CN.UTF-8'), ('COLCON', '1'), ('VTE_VERSION', '6800'), ('MVCAM_COMMON_RUNENV', '/opt/MVS/lib'), ('CMAKE_PREFIX_PATH', '/opt/ros/humble')]), 'shell': False}
[0.301287] (-) TimerEvent: {}
[0.344983] (learning_node) StdoutLine: {'line': b'-- The C compiler identification is GNU 11.4.0\n'}
[0.375390] (topic_learning_pub) StdoutLine: {'line': b'-- Detecting C compiler ABI info - done\n'}
[0.390258] (topic_learning_pub) StdoutLine: {'line': b'-- Check for working C compiler: /usr/bin/cc - skipped\n'}
[0.392858] (topic_learning_pub) StdoutLine: {'line': b'-- Detecting C compile features\n'}
[0.394410] (nav_hw_interfaces) StdoutLine: {'line': b'-- Detecting C compiler ABI info - done\n'}
[0.397675] (topic_learning_pub) StdoutLine: {'line': b'-- Detecting C compile features - done\n'}
[0.401371] (-) TimerEvent: {}
[0.402757] (topic_learning_pub) StdoutLine: {'line': b'-- Detecting CXX compiler ABI info\n'}
[0.405538] (nav_hw_interfaces) StdoutLine: {'line': b'-- Check for working C compiler: /usr/bin/cc - skipped\n'}
[0.405640] (nav_hw_interfaces) StdoutLine: {'line': b'-- Detecting C compile features\n'}
[0.408201] (nav_hw_interfaces) StdoutLine: {'line': b'-- Detecting C compile features - done\n'}
[0.408356] (nav_hw_interfaces) StdoutLine: {'line': b'-- Detecting CXX compiler ABI info\n'}
[0.413011] (learning_node) StdoutLine: {'line': b'-- The CXX compiler identification is GNU 11.4.0\n'}
[0.422356] (learning_node) StdoutLine: {'line': b'-- Detecting C compiler ABI info\n'}
[0.503294] (-) TimerEvent: {}
[0.553579] (nav_hw_interfaces) StdoutLine: {'line': b'-- Detecting CXX compiler ABI info - done\n'}
[0.580610] (nav_hw_interfaces) StdoutLine: {'line': b'-- Check for working CXX compiler: /usr/bin/c++ - skipped\n'}
[0.580818] (nav_hw_interfaces) StdoutLine: {'line': b'-- Detecting CXX compile features\n'}
[0.581090] (nav_hw_interfaces) StdoutLine: {'line': b'-- Detecting CXX compile features - done\n'}
[0.589378] (topic_learning_pub) StdoutLine: {'line': b'-- Detecting CXX compiler ABI info - done\n'}
[0.592353] (nav_hw_interfaces) StdoutLine: {'line': b'-- Found ament_cmake: 1.3.14 (/opt/ros/humble/share/ament_cmake/cmake)\n'}
[0.598249] (learning_node) StdoutLine: {'line': b'-- Detecting C compiler ABI info - done\n'}
[0.606869] (-) TimerEvent: {}
[0.607104] (learning_node) StdoutLine: {'line': b'-- Check for working C compiler: /usr/bin/cc - skipped\n'}
[0.607244] (learning_node) StdoutLine: {'line': b'-- Detecting C compile features\n'}
[0.608731] (topic_learning_pub) StdoutLine: {'line': b'-- Check for working CXX compiler: /usr/bin/c++ - skipped\n'}
[0.608870] (topic_learning_pub) StdoutLine: {'line': b'-- Detecting CXX compile features\n'}
[0.609058] (topic_learning_pub) StdoutLine: {'line': b'-- Detecting CXX compile features - done\n'}
[0.612315] (learning_node) StdoutLine: {'line': b'-- Detecting C compile features - done\n'}
[0.616328] (topic_learning_pub) StdoutLine: {'line': b'-- Found ament_cmake: 1.3.14 (/opt/ros/humble/share/ament_cmake/cmake)\n'}
[0.623346] (learning_node) StdoutLine: {'line': b'-- Detecting CXX compiler ABI info\n'}
[0.706978] (-) TimerEvent: {}
[0.793721] (topic_learning_sub) Command: {'cmd': ['/usr/bin/python3', '-W', 'ignore:setup.py install is deprecated', '-W', 'ignore:easy_install command is deprecated', 'setup.py', 'egg_info', '--egg-base', '../../../build/topic_learning_sub', 'build', '--build-base', '/home/ocrv/sp_vision_tutorial_27/lecture4/build/topic_learning_sub/build', 'install', '--record', '/home/ocrv/sp_vision_tutorial_27/lecture4/build/topic_learning_sub/install.log', '--install-scripts', '$base/lib/topic_learning_sub', '--single-version-externally-managed', 'install_data'], 'cwd': '/home/ocrv/sp_vision_tutorial_27/lecture4/src/ep2/topic_learning_sub', 'env': OrderedDict([('LESSOPEN', '| /usr/bin/lesspipe %s'), ('LANGUAGE', 'zh_CN:en'), ('USER', 'ocrv'), ('LC_TIME', 'zh_CN.UTF-8'), ('XDG_SESSION_TYPE', 'x11'), ('ALLUSERSPROFILE', '/opt/MVS/MVFG'), ('GIT_ASKPASS', '/usr/share/code/resources/app/extensions/git/dist/askpass.sh'), ('SHLVL', '2'), ('LD_LIBRARY_PATH', '/opt/ros/humble/opt/rviz_ogre_vendor/lib:/opt/ros/humble/lib/x86_64-linux-gnu:/opt/ros/humble/lib:/opt/MVS/lib/64:/opt/MVS/lib/32:/opt/MVS/lib/64:/opt/MVS/lib/32:/opt/MVS/lib/64:/opt/MVS/lib/32:/opt/MVS/lib/64:/opt/MVS/lib/32:'), ('HOME', '/home/ocrv'), ('CHROME_DESKTOP', 'code.desktop'), ('OLDPWD', '/home/ocrv/sp_vision_tutorial_27/lecture4/src'), ('TERM_PROGRAM_VERSION', '1.103.2'), ('DESKTOP_SESSION', 'ubuntu'), ('ROS_PYTHON_VERSION', '3'), ('GNOME_SHELL_SESSION_MODE', 'ubuntu'), ('GTK_MODULES', 'gail:atk-bridge'), ('VSCODE_GIT_ASKPASS_MAIN', '/usr/share/code/resources/app/extensions/git/dist/askpass-main.js'), ('LC_MONETARY', 'zh_CN.UTF-8'), ('VSCODE_GIT_ASKPASS_NODE', '/usr/share/code/code'), ('SYSTEMD_EXEC_PID', '3342'), ('DBUS_SESSION_BUS_ADDRESS', 'unix:path=/run/user/1000/bus'), ('COLORTERM', 'truecolor'), ('ROS_DISTRO', 'humble'), ('GTK_IM_MODULE', 'ibus'), ('LOGNAME', 'ocrv'), ('_', '/usr/bin/colcon'), ('ROS_VERSION', '2'), ('XDG_SESSION_CLASS', 'user'), ('USERNAME', 'ocrv'), ('TERM', 'xterm-256color'), ('GNOME_DESKTOP_SESSION_ID', 'this-is-deprecated'), ('ROS_LOCALHOST_ONLY', '0'), ('WINDOWPATH', '2'), ('MVCAM_SDK_PATH', '/opt/MVS'), ('PATH', '/opt/ros/humble/bin:/usr/local/sbin:/usr/local/bin:/usr/sbin:/usr/bin:/sbin:/bin:/usr/games:/usr/local/games:/snap/bin:/snap/bin'), ('SESSION_MANAGER', 'local/ocrv-virtual-machine:@/tmp/.ICE-unix/3149,unix/ocrv-virtual-machine:/tmp/.ICE-unix/3149'), ('MVCAM_GENICAM_CLPROTOCOL', '/opt/MVS/lib/CLProtocol'), ('PAPERSIZE', 'a4'), ('XDG_MENU_PREFIX', 'gnome-'), ('LC_ADDRESS', 'zh_CN.UTF-8'), ('GNOME_TERMINAL_SCREEN', '/org/gnome/Terminal/screen/c234ed7f_a8af_4c7b_8272_e118f06c194b'), ('XDG_RUNTIME_DIR', '/run/user/1000'), ('GDK_BACKEND', 'x11'), ('DISPLAY', ':0'), ('LANG', 'zh_CN.UTF-8'), ('XDG_CURRENT_DESKTOP', 'Unity'), ('LC_TELEPHONE', 'zh_CN.UTF-8'), ('XMODIFIERS', '@im=ibus'), ('XDG_SESSION_DESKTOP', 'ubuntu'), ('XAUTHORITY', '/run/user/1000/gdm/Xauthority'), ('LS_COLORS', 'rs=0:di=01;34:ln=01;36:mh=00:pi=40;33:so=01;35:do=01;35:bd=40;33;01:cd=40;33;01:or=40;31;01:mi=00:su=37;41:sg=30;43:ca=30;41:tw=30;42:ow=34;42:st=37;44:ex=01;32:*.tar=01;31:*.tgz=01;31:*.arc=01;31:*.arj=01;31:*.taz=01;31:*.lha=01;31:*.lz4=01;31:*.lzh=01;31:*.lzma=01;31:*.tlz=01;31:*.txz=01;31:*.tzo=01;31:*.t7z=01;31:*.zip=01;31:*.z=01;31:*.dz=01;31:*.gz=01;31:*.lrz=01;31:*.lz=01;31:*.lzo=01;31:*.xz=01;31:*.zst=01;31:*.tzst=01;31:*.bz2=01;31:*.bz=01;31:*.tbz=01;31:*.tbz2=01;31:*.tz=01;31:*.deb=01;31:*.rpm=01;31:*.jar=01;31:*.war=01;31:*.ear=01;31:*.sar=01;31:*.rar=01;31:*.alz=01;31:*.ace=01;31:*.zoo=01;31:*.cpio=01;31:*.7z=01;31:*.rz=01;31:*.cab=01;31:*.wim=01;31:*.swm=01;31:*.dwm=01;31:*.esd=01;31:*.jpg=01;35:*.jpeg=01;35:*.mjpg=01;35:*.mjpeg=01;35:*.gif=01;35:*.bmp=01;35:*.pbm=01;35:*.pgm=01;35:*.ppm=01;35:*.tga=01;35:*.xbm=01;35:*.xpm=01;35:*.tif=01;35:*.tiff=01;35:*.png=01;35:*.svg=01;35:*.svgz=01;35:*.mng=01;35:*.pcx=01;35:*.mov=01;35:*.mpg=01;35:*.mpeg=01;35:*.m2v=01;35:*.mkv=01;35:*.webm=01;35:*.webp=01;35:*.ogm=01;35:*.mp4=01;35:*.m4v=01;35:*.mp4v=01;35:*.vob=01;35:*.qt=01;35:*.nuv=01;35:*.wmv=01;35:*.asf=01;35:*.rm=01;35:*.rmvb=01;35:*.flc=01;35:*.avi=01;35:*.fli=01;35:*.flv=01;35:*.gl=01;35:*.dl=01;35:*.xcf=01;35:*.xwd=01;35:*.yuv=01;35:*.cgm=01;35:*.emf=01;35:*.ogv=01;35:*.ogx=01;35:*.aac=00;36:*.au=00;36:*.flac=00;36:*.m4a=00;36:*.mid=00;36:*.midi=00;36:*.mka=00;36:*.mp3=00;36:*.mpc=00;36:*.ogg=00;36:*.ra=00;36:*.wav=00;36:*.oga=00;36:*.opus=00;36:*.spx=00;36:*.xspf=00;36:'), ('VSCODE_GIT_IPC_HANDLE', '/run/user/1000/vscode-git-963eea5680.sock'), ('GNOME_TERMINAL_SERVICE', ':1.132'), ('TERM_PROGRAM', 'vscode'), ('SSH_AGENT_LAUNCHER', 'gnome-keyring'), ('SSH_AUTH_SOCK', '/run/user/1000/keyring/ssh'), ('AMENT_PREFIX_PATH', '/opt/ros/humble'), ('ORIGINAL_XDG_CURRENT_DESKTOP', 'ubuntu:GNOME'), ('SHELL', '/bin/bash'), ('LC_NAME', 'zh_CN.UTF-8'), ('QT_ACCESSIBILITY', '1'), ('NO_AT_BRIDGE', '1'), ('GDMSESSION', 'ubuntu'), ('LESSCLOSE', '/usr/bin/lesspipe %s %s'), ('LC_MEASUREMENT', 'zh_CN.UTF-8'), ('GPG_AGENT_INFO', '/run/user/1000/gnupg/S.gpg-agent:0:1'), ('LC_IDENTIFICATION', 'zh_CN.UTF-8'), ('VSCODE_GIT_ASKPASS_EXTRA_ARGS', ''), ('QT_IM_MODULE', 'ibus'), ('PWD', '/home/ocrv/sp_vision_tutorial_27/lecture4/build/topic_learning_sub'), ('XDG_CONFIG_DIRS', '/etc/xdg/xdg-ubuntu:/etc/xdg'), ('XDG_DATA_DIRS', '/usr/share/ubuntu:/usr/share/gnome:/usr/local/share/:/usr/share/:/var/lib/snapd/desktop'), ('PYTHONPATH', '/home/ocrv/sp_vision_tutorial_27/lecture4/build/topic_learning_sub/prefix_override:/usr/lib/python3/dist-packages/colcon_core/task/python/colcon_distutils_commands:/home/ocrv/sp_vision_tutorial_27/lecture4/install/topic_learning_sub/lib/python3.10/site-packages:/opt/ros/humble/lib/python3.10/site-packages:/opt/ros/humble/local/lib/python3.10/dist-packages'), ('LC_NUMERIC', 'zh_CN.UTF-8'), ('MVCAM_SDK_VERSION', ''), ('LC_PAPER', 'zh_CN.UTF-8'), ('COLCON', '1'), ('VTE_VERSION', '6800'), ('MVCAM_COMMON_RUNENV', '/opt/MVS/lib')]), 'shell': False}
[0.808237] (-) TimerEvent: {}
[0.829886] (learning_node) StdoutLine: {'line': b'-- Detecting CXX compiler ABI info - done\n'}
[0.837539] (learning_node) StdoutLine: {'line': b'-- Check for working CXX compiler: /usr/bin/c++ - skipped\n'}
[0.837769] (learning_node) StdoutLine: {'line': b'-- Detecting CXX compile features\n'}
[0.838160] (learning_node) StdoutLine: {'line': b'-- Detecting CXX compile features - done\n'}
[0.838313] (nav_hw_interfaces) StdoutLine: {'line': b'-- Found Python3: /usr/bin/python3 (found version "3.10.12") found components: Interpreter \n'}
[0.839836] (learning_node) StdoutLine: {'line': b'-- Found ament_cmake: 1.3.14 (/opt/ros/humble/share/ament_cmake/cmake)\n'}
[0.845182] (topic_learning_pub) StdoutLine: {'line': b'-- Found Python3: /usr/bin/python3 (found version "3.10.12") found components: Interpreter \n'}
[0.910297] (-) TimerEvent: {}
[1.010724] (-) TimerEvent: {}
[1.036555] (topic_learning_pub) StdoutLine: {'line': b'-- Found rclcpp: 16.0.21 (/opt/ros/humble/share/rclcpp/cmake)\n'}
[1.069182] (learning_node) StdoutLine: {'line': b'-- Found Python3: /usr/bin/python3 (found version "3.10.12") found components: Interpreter \n'}
[1.084108] (nav_hw_interfaces) StdoutLine: {'line': b'-- Found rosidl_default_generators: 1.2.1 (/opt/ros/humble/share/rosidl_default_generators/cmake)\n'}
[1.092829] (nav_hw_interfaces) StdoutLine: {'line': b'-- Using all available rosidl_typesupport_c: rosidl_typesupport_fastrtps_c;rosidl_typesupport_introspection_c\n'}
[1.100615] (nav_hw_interfaces) StdoutLine: {'line': b'-- Found rosidl_adapter: 3.1.9 (/opt/ros/humble/share/rosidl_adapter/cmake)\n'}
[1.111190] (-) TimerEvent: {}
[1.151271] (topic_learning_pub) StdoutLine: {'line': b'-- Found rosidl_generator_c: 3.1.9 (/opt/ros/humble/share/rosidl_generator_c/cmake)\n'}
[1.152791] (topic_learning_pub) StdoutLine: {'line': b'-- Found rosidl_adapter: 3.1.9 (/opt/ros/humble/share/rosidl_adapter/cmake)\n'}
[1.167867] (topic_learning_pub) StdoutLine: {'line': b'-- Found rosidl_generator_cpp: 3.1.9 (/opt/ros/humble/share/rosidl_generator_cpp/cmake)\n'}
[1.173292] (nav_hw_interfaces) StdoutLine: {'line': b'-- Using all available rosidl_typesupport_cpp: rosidl_typesupport_fastrtps_cpp;rosidl_typesupport_introspection_cpp\n'}
[1.193929] (topic_learning_pub) StdoutLine: {'line': b'-- Using all available rosidl_typesupport_c: rosidl_typesupport_fastrtps_c;rosidl_typesupport_introspection_c\n'}
[1.212761] (-) TimerEvent: {}
[1.218342] (topic_learning_sub) StdoutLine: {'line': b'running egg_info\n'}
[1.218630] (topic_learning_pub) StdoutLine: {'line': b'-- Using all available rosidl_typesupport_cpp: rosidl_typesupport_fastrtps_cpp;rosidl_typesupport_introspection_cpp\n'}
[1.220447] (topic_learning_sub) StdoutLine: {'line': b'creating ../../../build/topic_learning_sub/topic_learning_sub.egg-info\n'}
[1.220695] (topic_learning_sub) StdoutLine: {'line': b'writing ../../../build/topic_learning_sub/topic_learning_sub.egg-info/PKG-INFO\n'}
[1.220997] (topic_learning_sub) StdoutLine: {'line': b'writing dependency_links to ../../../build/topic_learning_sub/topic_learning_sub.egg-info/dependency_links.txt\n'}
[1.224097] (topic_learning_sub) StdoutLine: {'line': b'writing entry points to ../../../build/topic_learning_sub/topic_learning_sub.egg-info/entry_points.txt\n'}
[1.224223] (topic_learning_sub) StdoutLine: {'line': b'writing requirements to ../../../build/topic_learning_sub/topic_learning_sub.egg-info/requires.txt\n'}
[1.224271] (topic_learning_sub) StdoutLine: {'line': b'writing top-level names to ../../../build/topic_learning_sub/topic_learning_sub.egg-info/top_level.txt\n'}
[1.224310] (topic_learning_sub) StdoutLine: {'line': b"writing manifest file '../../../build/topic_learning_sub/topic_learning_sub.egg-info/SOURCES.txt'\n"}
[1.230441] (topic_learning_sub) StdoutLine: {'line': b"reading manifest file '../../../build/topic_learning_sub/topic_learning_sub.egg-info/SOURCES.txt'\n"}
[1.230588] (topic_learning_sub) StdoutLine: {'line': b"writing manifest file '../../../build/topic_learning_sub/topic_learning_sub.egg-info/SOURCES.txt'\n"}
[1.230635] (topic_learning_sub) StdoutLine: {'line': b'running build\n'}
[1.230675] (topic_learning_sub) StdoutLine: {'line': b'running build_py\n'}
[1.230749] (topic_learning_sub) StdoutLine: {'line': b'creating /home/ocrv/sp_vision_tutorial_27/lecture4/build/topic_learning_sub/build\n'}
[1.230894] (topic_learning_sub) StdoutLine: {'line': b'creating /home/ocrv/sp_vision_tutorial_27/lecture4/build/topic_learning_sub/build/lib\n'}
[1.231006] (topic_learning_sub) StdoutLine: {'line': b'creating /home/ocrv/sp_vision_tutorial_27/lecture4/build/topic_learning_sub/build/lib/topic_learning_sub\n'}
[1.231280] (topic_learning_sub) StdoutLine: {'line': b'copying topic_learning_sub/qos_subscriber.py -> /home/ocrv/sp_vision_tutorial_27/lecture4/build/topic_learning_sub/build/lib/topic_learning_sub\n'}
[1.231464] (topic_learning_sub) StdoutLine: {'line': b'copying topic_learning_sub/__init__.py -> /home/ocrv/sp_vision_tutorial_27/lecture4/build/topic_learning_sub/build/lib/topic_learning_sub\n'}
[1.231569] (topic_learning_sub) StdoutLine: {'line': b'copying topic_learning_sub/subscriber_node.py -> /home/ocrv/sp_vision_tutorial_27/lecture4/build/topic_learning_sub/build/lib/topic_learning_sub\n'}
[1.232441] (topic_learning_sub) StdoutLine: {'line': b'running install\n'}
[1.235641] (topic_learning_sub) StdoutLine: {'line': b'running install_lib\n'}
[1.235775] (topic_learning_sub) StdoutLine: {'line': b'creating /home/ocrv/sp_vision_tutorial_27/lecture4/install/topic_learning_sub/lib/python3.10/site-packages/topic_learning_sub\n'}
[1.235821] (topic_learning_sub) StdoutLine: {'line': b'copying /home/ocrv/sp_vision_tutorial_27/lecture4/build/topic_learning_sub/build/lib/topic_learning_sub/qos_subscriber.py -> /home/ocrv/sp_vision_tutorial_27/lecture4/install/topic_learning_sub/lib/python3.10/site-packages/topic_learning_sub\n'}
[1.235898] (topic_learning_sub) StdoutLine: {'line': b'copying /home/ocrv/sp_vision_tutorial_27/lecture4/build/topic_learning_sub/build/lib/topic_learning_sub/__init__.py -> /home/ocrv/sp_vision_tutorial_27/lecture4/install/topic_learning_sub/lib/python3.10/site-packages/topic_learning_sub\n'}
[1.236199] (topic_learning_sub) StdoutLine: {'line': b'copying /home/ocrv/sp_vision_tutorial_27/lecture4/build/topic_learning_sub/build/lib/topic_learning_sub/subscriber_node.py -> /home/ocrv/sp_vision_tutorial_27/lecture4/install/topic_learning_sub/lib/python3.10/site-packages/topic_learning_sub\n'}
[1.237278] (topic_learning_sub) StdoutLine: {'line': b'byte-compiling /home/ocrv/sp_vision_tutorial_27/lecture4/install/topic_learning_sub/lib/python3.10/site-packages/topic_learning_sub/qos_subscriber.py to qos_subscriber.cpython-310.pyc\n'}
[1.239784] (topic_learning_sub) StdoutLine: {'line': b'byte-compiling /home/ocrv/sp_vision_tutorial_27/lecture4/install/topic_learning_sub/lib/python3.10/site-packages/topic_learning_sub/__init__.py to __init__.cpython-310.pyc\n'}
[1.239899] (topic_learning_sub) StdoutLine: {'line': b'byte-compiling /home/ocrv/sp_vision_tutorial_27/lecture4/install/topic_learning_sub/lib/python3.10/site-packages/topic_learning_sub/subscriber_node.py to subscriber_node.cpython-310.pyc\n'}
[1.240083] (topic_learning_sub) StdoutLine: {'line': b'running install_data\n'}
[1.240264] (topic_learning_sub) StdoutLine: {'line': b'creating /home/ocrv/sp_vision_tutorial_27/lecture4/install/topic_learning_sub/share/ament_index\n'}
[1.240320] (topic_learning_sub) StdoutLine: {'line': b'creating /home/ocrv/sp_vision_tutorial_27/lecture4/install/topic_learning_sub/share/ament_index/resource_index\n'}
[1.240390] (topic_learning_sub) StdoutLine: {'line': b'creating /home/ocrv/sp_vision_tutorial_27/lecture4/install/topic_learning_sub/share/ament_index/resource_index/packages\n'}
[1.240541] (topic_learning_sub) StdoutLine: {'line': b'copying resource/topic_learning_sub -> /home/ocrv/sp_vision_tutorial_27/lecture4/install/topic_learning_sub/share/ament_index/resource_index/packages\n'}
[1.240727] (learning_node) StdoutLine: {'line': b'-- Found rclcpp: 16.0.21 (/opt/ros/humble/share/rclcpp/cmake)\n'}
[1.241454] (topic_learning_sub) StdoutLine: {'line': b'copying package.xml -> /home/ocrv/sp_vision_tutorial_27/lecture4/install/topic_learning_sub/share/topic_learning_sub\n'}
[1.243297] (topic_learning_sub) StdoutLine: {'line': b'running install_egg_info\n'}
[1.243404] (nav_hw_interfaces) StdoutLine: {'line': b'-- Found std_msgs: 4.9.2 (/opt/ros/humble/share/std_msgs/cmake)\n'}
[1.247473] (topic_learning_sub) StdoutLine: {'line': b'Copying ../../../build/topic_learning_sub/topic_learning_sub.egg-info to /home/ocrv/sp_vision_tutorial_27/lecture4/install/topic_learning_sub/lib/python3.10/site-packages/topic_learning_sub-0.0.0-py3.10.egg-info\n'}
[1.249525] (topic_learning_sub) StdoutLine: {'line': b'running install_scripts\n'}
[1.294381] (topic_learning_sub) StdoutLine: {'line': b'Installing qos_subscriber script to /home/ocrv/sp_vision_tutorial_27/lecture4/install/topic_learning_sub/lib/topic_learning_sub\n'}
[1.294573] (topic_learning_sub) StdoutLine: {'line': b'Installing subscriber_node script to /home/ocrv/sp_vision_tutorial_27/lecture4/install/topic_learning_sub/lib/topic_learning_sub\n'}
[1.294688] (topic_learning_sub) StdoutLine: {'line': b"writing list of installed files to '/home/ocrv/sp_vision_tutorial_27/lecture4/build/topic_learning_sub/install.log'\n"}
[1.301822] (learning_node) StdoutLine: {'line': b'-- Found rosidl_generator_c: 3.1.9 (/opt/ros/humble/share/rosidl_generator_c/cmake)\n'}
[1.305068] (learning_node) StdoutLine: {'line': b'-- Found rosidl_adapter: 3.1.9 (/opt/ros/humble/share/rosidl_adapter/cmake)\n'}
[1.309109] (topic_learning_pub) StdoutLine: {'line': b'-- Found rmw_implementation_cmake: 6.1.4 (/opt/ros/humble/share/rmw_implementation_cmake/cmake)\n'}
[1.311481] (learning_node) StdoutLine: {'line': b'-- Found rosidl_generator_cpp: 3.1.9 (/opt/ros/humble/share/rosidl_generator_cpp/cmake)\n'}
[1.313415] (topic_learning_pub) StdoutLine: {'line': b'-- Found rmw_fastrtps_cpp: 6.2.10 (/opt/ros/humble/share/rmw_fastrtps_cpp/cmake)\n'}
[1.313558] (-) TimerEvent: {}
[1.321660] (learning_node) StdoutLine: {'line': b'-- Using all available rosidl_typesupport_c: rosidl_typesupport_fastrtps_c;rosidl_typesupport_introspection_c\n'}
[1.334077] (learning_node) StdoutLine: {'line': b'-- Using all available rosidl_typesupport_cpp: rosidl_typesupport_fastrtps_cpp;rosidl_typesupport_introspection_cpp\n'}
[1.337321] (topic_learning_sub) CommandEnded: {'returncode': 0}
[1.360035] (topic_learning_sub) JobEnded: {'identifier': 'topic_learning_sub', 'rc': 0}
[1.360448] (learning_pkg_c) JobStarted: {'identifier': 'learning_pkg_c'}
[1.377282] (learning_pkg_c) JobProgress: {'identifier': 'learning_pkg_c', 'progress': 'cmake'}
[1.377360] (learning_pkg_c) Command: {'cmd': ['/usr/bin/cmake', '/home/ocrv/sp_vision_tutorial_27/lecture4/src/ep1/learning_pkg_c', '-DCMAKE_INSTALL_PREFIX=/home/ocrv/sp_vision_tutorial_27/lecture4/install/learning_pkg_c'], 'cwd': '/home/ocrv/sp_vision_tutorial_27/lecture4/build/learning_pkg_c', 'env': OrderedDict([('LESSOPEN', '| /usr/bin/lesspipe %s'), ('LANGUAGE', 'zh_CN:en'), ('USER', 'ocrv'), ('LC_TIME', 'zh_CN.UTF-8'), ('XDG_SESSION_TYPE', 'x11'), ('ALLUSERSPROFILE', '/opt/MVS/MVFG'), ('GIT_ASKPASS', '/usr/share/code/resources/app/extensions/git/dist/askpass.sh'), ('SHLVL', '2'), ('LD_LIBRARY_PATH', '/opt/ros/humble/opt/rviz_ogre_vendor/lib:/opt/ros/humble/lib/x86_64-linux-gnu:/opt/ros/humble/lib:/opt/MVS/lib/64:/opt/MVS/lib/32:/opt/MVS/lib/64:/opt/MVS/lib/32:/opt/MVS/lib/64:/opt/MVS/lib/32:/opt/MVS/lib/64:/opt/MVS/lib/32:'), ('HOME', '/home/ocrv'), ('CHROME_DESKTOP', 'code.desktop'), ('OLDPWD', '/home/ocrv/sp_vision_tutorial_27/lecture4/src'), ('TERM_PROGRAM_VERSION', '1.103.2'), ('DESKTOP_SESSION', 'ubuntu'), ('ROS_PYTHON_VERSION', '3'), ('GNOME_SHELL_SESSION_MODE', 'ubuntu'), ('GTK_MODULES', 'gail:atk-bridge'), ('VSCODE_GIT_ASKPASS_MAIN', '/usr/share/code/resources/app/extensions/git/dist/askpass-main.js'), ('LC_MONETARY', 'zh_CN.UTF-8'), ('VSCODE_GIT_ASKPASS_NODE', '/usr/share/code/code'), ('SYSTEMD_EXEC_PID', '3342'), ('DBUS_SESSION_BUS_ADDRESS', 'unix:path=/run/user/1000/bus'), ('COLORTERM', 'truecolor'), ('ROS_DISTRO', 'humble'), ('GTK_IM_MODULE', 'ibus'), ('LOGNAME', 'ocrv'), ('_', '/usr/bin/colcon'), ('ROS_VERSION', '2'), ('XDG_SESSION_CLASS', 'user'), ('USERNAME', 'ocrv'), ('TERM', 'xterm-256color'), ('GNOME_DESKTOP_SESSION_ID', 'this-is-deprecated'), ('ROS_LOCALHOST_ONLY', '0'), ('WINDOWPATH', '2'), ('MVCAM_SDK_PATH', '/opt/MVS'), ('PATH', '/opt/ros/humble/bin:/usr/local/sbin:/usr/local/bin:/usr/sbin:/usr/bin:/sbin:/bin:/usr/games:/usr/local/games:/snap/bin:/snap/bin'), ('SESSION_MANAGER', 'local/ocrv-virtual-machine:@/tmp/.ICE-unix/3149,unix/ocrv-virtual-machine:/tmp/.ICE-unix/3149'), ('MVCAM_GENICAM_CLPROTOCOL', '/opt/MVS/lib/CLProtocol'), ('PAPERSIZE', 'a4'), ('XDG_MENU_PREFIX', 'gnome-'), ('LC_ADDRESS', 'zh_CN.UTF-8'), ('GNOME_TERMINAL_SCREEN', '/org/gnome/Terminal/screen/c234ed7f_a8af_4c7b_8272_e118f06c194b'), ('XDG_RUNTIME_DIR', '/run/user/1000'), ('GDK_BACKEND', 'x11'), ('DISPLAY', ':0'), ('LANG', 'zh_CN.UTF-8'), ('XDG_CURRENT_DESKTOP', 'Unity'), ('LC_TELEPHONE', 'zh_CN.UTF-8'), ('XMODIFIERS', '@im=ibus'), ('XDG_SESSION_DESKTOP', 'ubuntu'), ('XAUTHORITY', '/run/user/1000/gdm/Xauthority'), ('LS_COLORS', 'rs=0:di=01;34:ln=01;36:mh=00:pi=40;33:so=01;35:do=01;35:bd=40;33;01:cd=40;33;01:or=40;31;01:mi=00:su=37;41:sg=30;43:ca=30;41:tw=30;42:ow=34;42:st=37;44:ex=01;32:*.tar=01;31:*.tgz=01;31:*.arc=01;31:*.arj=01;31:*.taz=01;31:*.lha=01;31:*.lz4=01;31:*.lzh=01;31:*.lzma=01;31:*.tlz=01;31:*.txz=01;31:*.tzo=01;31:*.t7z=01;31:*.zip=01;31:*.z=01;31:*.dz=01;31:*.gz=01;31:*.lrz=01;31:*.lz=01;31:*.lzo=01;31:*.xz=01;31:*.zst=01;31:*.tzst=01;31:*.bz2=01;31:*.bz=01;31:*.tbz=01;31:*.tbz2=01;31:*.tz=01;31:*.deb=01;31:*.rpm=01;31:*.jar=01;31:*.war=01;31:*.ear=01;31:*.sar=01;31:*.rar=01;31:*.alz=01;31:*.ace=01;31:*.zoo=01;31:*.cpio=01;31:*.7z=01;31:*.rz=01;31:*.cab=01;31:*.wim=01;31:*.swm=01;31:*.dwm=01;31:*.esd=01;31:*.jpg=01;35:*.jpeg=01;35:*.mjpg=01;35:*.mjpeg=01;35:*.gif=01;35:*.bmp=01;35:*.pbm=01;35:*.pgm=01;35:*.ppm=01;35:*.tga=01;35:*.xbm=01;35:*.xpm=01;35:*.tif=01;35:*.tiff=01;35:*.png=01;35:*.svg=01;35:*.svgz=01;35:*.mng=01;35:*.pcx=01;35:*.mov=01;35:*.mpg=01;35:*.mpeg=01;35:*.m2v=01;35:*.mkv=01;35:*.webm=01;35:*.webp=01;35:*.ogm=01;35:*.mp4=01;35:*.m4v=01;35:*.mp4v=01;35:*.vob=01;35:*.qt=01;35:*.nuv=01;35:*.wmv=01;35:*.asf=01;35:*.rm=01;35:*.rmvb=01;35:*.flc=01;35:*.avi=01;35:*.fli=01;35:*.flv=01;35:*.gl=01;35:*.dl=01;35:*.xcf=01;35:*.xwd=01;35:*.yuv=01;35:*.cgm=01;35:*.emf=01;35:*.ogv=01;35:*.ogx=01;35:*.aac=00;36:*.au=00;36:*.flac=00;36:*.m4a=00;36:*.mid=00;36:*.midi=00;36:*.mka=00;36:*.mp3=00;36:*.mpc=00;36:*.ogg=00;36:*.ra=00;36:*.wav=00;36:*.oga=00;36:*.opus=00;36:*.spx=00;36:*.xspf=00;36:'), ('VSCODE_GIT_IPC_HANDLE', '/run/user/1000/vscode-git-963eea5680.sock'), ('GNOME_TERMINAL_SERVICE', ':1.132'), ('TERM_PROGRAM', 'vscode'), ('SSH_AGENT_LAUNCHER', 'gnome-keyring'), ('SSH_AUTH_SOCK', '/run/user/1000/keyring/ssh'), ('AMENT_PREFIX_PATH', '/opt/ros/humble'), ('ORIGINAL_XDG_CURRENT_DESKTOP', 'ubuntu:GNOME'), ('SHELL', '/bin/bash'), ('LC_NAME', 'zh_CN.UTF-8'), ('QT_ACCESSIBILITY', '1'), ('NO_AT_BRIDGE', '1'), ('GDMSESSION', 'ubuntu'), ('LESSCLOSE', '/usr/bin/lesspipe %s %s'), ('LC_MEASUREMENT', 'zh_CN.UTF-8'), ('GPG_AGENT_INFO', '/run/user/1000/gnupg/S.gpg-agent:0:1'), ('LC_IDENTIFICATION', 'zh_CN.UTF-8'), ('VSCODE_GIT_ASKPASS_EXTRA_ARGS', ''), ('QT_IM_MODULE', 'ibus'), ('PWD', '/home/ocrv/sp_vision_tutorial_27/lecture4/build/learning_pkg_c'), ('XDG_CONFIG_DIRS', '/etc/xdg/xdg-ubuntu:/etc/xdg'), ('XDG_DATA_DIRS', '/usr/share/ubuntu:/usr/share/gnome:/usr/local/share/:/usr/share/:/var/lib/snapd/desktop'), ('PYTHONPATH', '/opt/ros/humble/lib/python3.10/site-packages:/opt/ros/humble/local/lib/python3.10/dist-packages'), ('LC_NUMERIC', 'zh_CN.UTF-8'), ('MVCAM_SDK_VERSION', ''), ('LC_PAPER', 'zh_CN.UTF-8'), ('COLCON', '1'), ('VTE_VERSION', '6800'), ('MVCAM_COMMON_RUNENV', '/opt/MVS/lib'), ('CMAKE_PREFIX_PATH', '/opt/ros/humble')]), 'shell': False}
[1.384594] (learning_node) StdoutLine: {'line': b'-- Found rmw_implementation_cmake: 6.1.4 (/opt/ros/humble/share/rmw_implementation_cmake/cmake)\n'}
[1.384805] (learning_node) StdoutLine: {'line': b'-- Found rmw_fastrtps_cpp: 6.2.10 (/opt/ros/humble/share/rmw_fastrtps_cpp/cmake)\n'}
[1.413679] (-) TimerEvent: {}
[1.478183] (topic_learning_pub) StdoutLine: {'line': b'-- Found OpenSSL: /usr/lib/x86_64-linux-gnu/libcrypto.so (found version "3.0.2")  \n'}
[1.478704] (learning_pkg_c) StdoutLine: {'line': b'-- The C compiler identification is GNU 11.4.0\n'}
[1.502852] (learning_node) StdoutLine: {'line': b'-- Found OpenSSL: /usr/lib/x86_64-linux-gnu/libcrypto.so (found version "3.0.2")  \n'}
[1.513453] (topic_learning_pub) StdoutLine: {'line': b'-- Found FastRTPS: /opt/ros/humble/include  \n'}
[1.513741] (-) TimerEvent: {}
[1.525715] (learning_node) StdoutLine: {'line': b'-- Found FastRTPS: /opt/ros/humble/include  \n'}
[1.539887] (learning_pkg_c) StdoutLine: {'line': b'-- The CXX compiler identification is GNU 11.4.0\n'}
[1.551469] (learning_pkg_c) StdoutLine: {'line': b'-- Detecting C compiler ABI info\n'}
[1.567549] (topic_learning_pub) StdoutLine: {'line': b"-- Using RMW implementation 'rmw_fastrtps_cpp' as default\n"}
[1.579036] (learning_node) StdoutLine: {'line': b"-- Using RMW implementation 'rmw_fastrtps_cpp' as default\n"}
[1.583651] (topic_learning_pub) StdoutLine: {'line': b'-- Looking for pthread.h\n'}
[1.591066] (learning_node) StdoutLine: {'line': b'-- Looking for pthread.h\n'}
[1.611198] (nav_hw_interfaces) StdoutLine: {'line': b'-- Found ament_cmake_ros: 0.10.1 (/opt/ros/humble/share/ament_cmake_ros/cmake)\n'}
[1.613889] (-) TimerEvent: {}
[1.662296] (learning_pkg_c) StdoutLine: {'line': b'-- Detecting C compiler ABI info - done\n'}
[1.664088] (learning_pkg_c) StdoutLine: {'line': b'-- Check for working C compiler: /usr/bin/cc - skipped\n'}
[1.664460] (learning_pkg_c) StdoutLine: {'line': b'-- Detecting C compile features\n'}
[1.664989] (learning_pkg_c) StdoutLine: {'line': b'-- Detecting C compile features - done\n'}
[1.668177] (learning_pkg_c) StdoutLine: {'line': b'-- Detecting CXX compiler ABI info\n'}
[1.693460] (topic_learning_pub) StdoutLine: {'line': b'-- Looking for pthread.h - found\n'}
[1.695284] (topic_learning_pub) StdoutLine: {'line': b'-- Performing Test CMAKE_HAVE_LIBC_PTHREAD\n'}
[1.714012] (-) TimerEvent: {}
[1.717013] (learning_node) StdoutLine: {'line': b'-- Looking for pthread.h - found\n'}
[1.720598] (learning_node) StdoutLine: {'line': b'-- Performing Test CMAKE_HAVE_LIBC_PTHREAD\n'}
[1.776314] (learning_pkg_c) StdoutLine: {'line': b'-- Detecting CXX compiler ABI info - done\n'}
[1.780549] (learning_pkg_c) StdoutLine: {'line': b'-- Check for working CXX compiler: /usr/bin/c++ - skipped\n'}
[1.780874] (learning_pkg_c) StdoutLine: {'line': b'-- Detecting CXX compile features\n'}
[1.781305] (learning_pkg_c) StdoutLine: {'line': b'-- Detecting CXX compile features - done\n'}
[1.787307] (learning_pkg_c) StdoutLine: {'line': b'-- Found ament_cmake: 1.3.14 (/opt/ros/humble/share/ament_cmake/cmake)\n'}
[1.810337] (topic_learning_pub) StdoutLine: {'line': b'-- Performing Test CMAKE_HAVE_LIBC_PTHREAD - Success\n'}
[1.810608] (topic_learning_pub) StdoutLine: {'line': b'-- Found Threads: TRUE  \n'}
[1.816266] (-) TimerEvent: {}
[1.822348] (learning_node) StdoutLine: {'line': b'-- Performing Test CMAKE_HAVE_LIBC_PTHREAD - Success\n'}
[1.823320] (learning_node) StdoutLine: {'line': b'-- Found Threads: TRUE  \n'}
[1.876379] (nav_hw_interfaces) StdoutLine: {'line': b'-- Using all available rosidl_typesupport_c: rosidl_typesupport_fastrtps_c;rosidl_typesupport_introspection_c\n'}
[1.884681] (topic_learning_pub) StdoutLine: {'line': b'-- Found ament_lint_auto: 0.12.15 (/opt/ros/humble/share/ament_lint_auto/cmake)\n'}
[1.885784] (learning_node) StdoutLine: {'line': b'-- Found ament_lint_auto: 0.12.15 (/opt/ros/humble/share/ament_lint_auto/cmake)\n'}
[1.916811] (-) TimerEvent: {}
[1.933160] (learning_pkg_c) StdoutLine: {'line': b'-- Found Python3: /usr/bin/python3 (found version "3.10.12") found components: Interpreter \n'}
[1.967354] (topic_learning_pub) StdoutLine: {'line': b"-- Added test 'cppcheck' to perform static code analysis on C / C++ code\n"}
[1.967546] (topic_learning_pub) StdoutLine: {'line': b'-- Configured cppcheck include dirs: \n'}
[1.967593] (topic_learning_pub) StdoutLine: {'line': b'-- Configured cppcheck exclude dirs and/or files: \n'}
[1.971653] (learning_node) StdoutLine: {'line': b"-- Added test 'cppcheck' to perform static code analysis on C / C++ code\n"}
[1.971800] (learning_node) StdoutLine: {'line': b'-- Configured cppcheck include dirs: \n'}
[1.971840] (learning_node) StdoutLine: {'line': b'-- Configured cppcheck exclude dirs and/or files: \n'}
[1.971907] (topic_learning_pub) StdoutLine: {'line': b"-- Added test 'lint_cmake' to check CMake code style\n"}
[1.972240] (learning_node) StdoutLine: {'line': b"-- Added test 'lint_cmake' to check CMake code style\n"}
[1.973010] (topic_learning_pub) StdoutLine: {'line': b"-- Added test 'uncrustify' to check C / C++ code style\n"}
[1.973065] (topic_learning_pub) StdoutLine: {'line': b'-- Configured uncrustify additional arguments: \n'}
[1.974018] (learning_node) StdoutLine: {'line': b"-- Added test 'uncrustify' to check C / C++ code style\n"}
[1.974090] (learning_node) StdoutLine: {'line': b'-- Configured uncrustify additional arguments: \n'}
[1.975411] (learning_node) StdoutLine: {'line': b"-- Added test 'xmllint' to check XML markup files\n"}
[1.975491] (topic_learning_pub) StdoutLine: {'line': b"-- Added test 'xmllint' to check XML markup files\n"}
[1.976629] (learning_node) StdoutLine: {'line': b'-- Configuring done\n'}
[1.978723] (topic_learning_pub) StdoutLine: {'line': b'-- Configuring done\n'}
[1.985198] (learning_node) StdoutLine: {'line': b'-- Generating done\n'}
[1.987794] (learning_node) StdoutLine: {'line': b'-- Build files have been written to: /home/ocrv/sp_vision_tutorial_27/lecture4/build/learning_node\n'}
[1.989254] (topic_learning_pub) StdoutLine: {'line': b'-- Generating done\n'}
[1.992302] (topic_learning_pub) StdoutLine: {'line': b'-- Build files have been written to: /home/ocrv/sp_vision_tutorial_27/lecture4/build/topic_learning_pub\n'}
[1.995754] (learning_node) CommandEnded: {'returncode': 0}
[1.996266] (learning_node) JobProgress: {'identifier': 'learning_node', 'progress': 'build'}
[1.996686] (learning_node) Command: {'cmd': ['/usr/bin/cmake', '--build', '/home/ocrv/sp_vision_tutorial_27/lecture4/build/learning_node', '--', '-j4', '-l4'], 'cwd': '/home/ocrv/sp_vision_tutorial_27/lecture4/build/learning_node', 'env': OrderedDict([('LESSOPEN', '| /usr/bin/lesspipe %s'), ('LANGUAGE', 'zh_CN:en'), ('USER', 'ocrv'), ('LC_TIME', 'zh_CN.UTF-8'), ('XDG_SESSION_TYPE', 'x11'), ('ALLUSERSPROFILE', '/opt/MVS/MVFG'), ('GIT_ASKPASS', '/usr/share/code/resources/app/extensions/git/dist/askpass.sh'), ('SHLVL', '2'), ('LD_LIBRARY_PATH', '/opt/ros/humble/opt/rviz_ogre_vendor/lib:/opt/ros/humble/lib/x86_64-linux-gnu:/opt/ros/humble/lib:/opt/MVS/lib/64:/opt/MVS/lib/32:/opt/MVS/lib/64:/opt/MVS/lib/32:/opt/MVS/lib/64:/opt/MVS/lib/32:/opt/MVS/lib/64:/opt/MVS/lib/32:'), ('HOME', '/home/ocrv'), ('CHROME_DESKTOP', 'code.desktop'), ('OLDPWD', '/home/ocrv/sp_vision_tutorial_27/lecture4/src'), ('TERM_PROGRAM_VERSION', '1.103.2'), ('DESKTOP_SESSION', 'ubuntu'), ('ROS_PYTHON_VERSION', '3'), ('GNOME_SHELL_SESSION_MODE', 'ubuntu'), ('GTK_MODULES', 'gail:atk-bridge'), ('VSCODE_GIT_ASKPASS_MAIN', '/usr/share/code/resources/app/extensions/git/dist/askpass-main.js'), ('LC_MONETARY', 'zh_CN.UTF-8'), ('VSCODE_GIT_ASKPASS_NODE', '/usr/share/code/code'), ('SYSTEMD_EXEC_PID', '3342'), ('DBUS_SESSION_BUS_ADDRESS', 'unix:path=/run/user/1000/bus'), ('COLORTERM', 'truecolor'), ('ROS_DISTRO', 'humble'), ('GTK_IM_MODULE', 'ibus'), ('LOGNAME', 'ocrv'), ('_', '/usr/bin/colcon'), ('ROS_VERSION', '2'), ('XDG_SESSION_CLASS', 'user'), ('USERNAME', 'ocrv'), ('TERM', 'xterm-256color'), ('GNOME_DESKTOP_SESSION_ID', 'this-is-deprecated'), ('ROS_LOCALHOST_ONLY', '0'), ('WINDOWPATH', '2'), ('MVCAM_SDK_PATH', '/opt/MVS'), ('PATH', '/opt/ros/humble/bin:/usr/local/sbin:/usr/local/bin:/usr/sbin:/usr/bin:/sbin:/bin:/usr/games:/usr/local/games:/snap/bin:/snap/bin'), ('SESSION_MANAGER', 'local/ocrv-virtual-machine:@/tmp/.ICE-unix/3149,unix/ocrv-virtual-machine:/tmp/.ICE-unix/3149'), ('MVCAM_GENICAM_CLPROTOCOL', '/opt/MVS/lib/CLProtocol'), ('PAPERSIZE', 'a4'), ('XDG_MENU_PREFIX', 'gnome-'), ('LC_ADDRESS', 'zh_CN.UTF-8'), ('GNOME_TERMINAL_SCREEN', '/org/gnome/Terminal/screen/c234ed7f_a8af_4c7b_8272_e118f06c194b'), ('XDG_RUNTIME_DIR', '/run/user/1000'), ('GDK_BACKEND', 'x11'), ('DISPLAY', ':0'), ('LANG', 'zh_CN.UTF-8'), ('XDG_CURRENT_DESKTOP', 'Unity'), ('LC_TELEPHONE', 'zh_CN.UTF-8'), ('XMODIFIERS', '@im=ibus'), ('XDG_SESSION_DESKTOP', 'ubuntu'), ('XAUTHORITY', '/run/user/1000/gdm/Xauthority'), ('LS_COLORS', 'rs=0:di=01;34:ln=01;36:mh=00:pi=40;33:so=01;35:do=01;35:bd=40;33;01:cd=40;33;01:or=40;31;01:mi=00:su=37;41:sg=30;43:ca=30;41:tw=30;42:ow=34;42:st=37;44:ex=01;32:*.tar=01;31:*.tgz=01;31:*.arc=01;31:*.arj=01;31:*.taz=01;31:*.lha=01;31:*.lz4=01;31:*.lzh=01;31:*.lzma=01;31:*.tlz=01;31:*.txz=01;31:*.tzo=01;31:*.t7z=01;31:*.zip=01;31:*.z=01;31:*.dz=01;31:*.gz=01;31:*.lrz=01;31:*.lz=01;31:*.lzo=01;31:*.xz=01;31:*.zst=01;31:*.tzst=01;31:*.bz2=01;31:*.bz=01;31:*.tbz=01;31:*.tbz2=01;31:*.tz=01;31:*.deb=01;31:*.rpm=01;31:*.jar=01;31:*.war=01;31:*.ear=01;31:*.sar=01;31:*.rar=01;31:*.alz=01;31:*.ace=01;31:*.zoo=01;31:*.cpio=01;31:*.7z=01;31:*.rz=01;31:*.cab=01;31:*.wim=01;31:*.swm=01;31:*.dwm=01;31:*.esd=01;31:*.jpg=01;35:*.jpeg=01;35:*.mjpg=01;35:*.mjpeg=01;35:*.gif=01;35:*.bmp=01;35:*.pbm=01;35:*.pgm=01;35:*.ppm=01;35:*.tga=01;35:*.xbm=01;35:*.xpm=01;35:*.tif=01;35:*.tiff=01;35:*.png=01;35:*.svg=01;35:*.svgz=01;35:*.mng=01;35:*.pcx=01;35:*.mov=01;35:*.mpg=01;35:*.mpeg=01;35:*.m2v=01;35:*.mkv=01;35:*.webm=01;35:*.webp=01;35:*.ogm=01;35:*.mp4=01;35:*.m4v=01;35:*.mp4v=01;35:*.vob=01;35:*.qt=01;35:*.nuv=01;35:*.wmv=01;35:*.asf=01;35:*.rm=01;35:*.rmvb=01;35:*.flc=01;35:*.avi=01;35:*.fli=01;35:*.flv=01;35:*.gl=01;35:*.dl=01;35:*.xcf=01;35:*.xwd=01;35:*.yuv=01;35:*.cgm=01;35:*.emf=01;35:*.ogv=01;35:*.ogx=01;35:*.aac=00;36:*.au=00;36:*.flac=00;36:*.m4a=00;36:*.mid=00;36:*.midi=00;36:*.mka=00;36:*.mp3=00;36:*.mpc=00;36:*.ogg=00;36:*.ra=00;36:*.wav=00;36:*.oga=00;36:*.opus=00;36:*.spx=00;36:*.xspf=00;36:'), ('VSCODE_GIT_IPC_HANDLE', '/run/user/1000/vscode-git-963eea5680.sock'), ('GNOME_TERMINAL_SERVICE', ':1.132'), ('TERM_PROGRAM', 'vscode'), ('SSH_AGENT_LAUNCHER', 'gnome-keyring'), ('SSH_AUTH_SOCK', '/run/user/1000/keyring/ssh'), ('AMENT_PREFIX_PATH', '/opt/ros/humble'), ('ORIGINAL_XDG_CURRENT_DESKTOP', 'ubuntu:GNOME'), ('SHELL', '/bin/bash'), ('LC_NAME', 'zh_CN.UTF-8'), ('QT_ACCESSIBILITY', '1'), ('NO_AT_BRIDGE', '1'), ('GDMSESSION', 'ubuntu'), ('LESSCLOSE', '/usr/bin/lesspipe %s %s'), ('LC_MEASUREMENT', 'zh_CN.UTF-8'), ('GPG_AGENT_INFO', '/run/user/1000/gnupg/S.gpg-agent:0:1'), ('LC_IDENTIFICATION', 'zh_CN.UTF-8'), ('VSCODE_GIT_ASKPASS_EXTRA_ARGS', ''), ('QT_IM_MODULE', 'ibus'), ('PWD', '/home/ocrv/sp_vision_tutorial_27/lecture4/build/learning_node'), ('XDG_CONFIG_DIRS', '/etc/xdg/xdg-ubuntu:/etc/xdg'), ('XDG_DATA_DIRS', '/usr/share/ubuntu:/usr/share/gnome:/usr/local/share/:/usr/share/:/var/lib/snapd/desktop'), ('PYTHONPATH', '/opt/ros/humble/lib/python3.10/site-packages:/opt/ros/humble/local/lib/python3.10/dist-packages'), ('LC_NUMERIC', 'zh_CN.UTF-8'), ('MVCAM_SDK_VERSION', ''), ('LC_PAPER', 'zh_CN.UTF-8'), ('COLCON', '1'), ('VTE_VERSION', '6800'), ('MVCAM_COMMON_RUNENV', '/opt/MVS/lib'), ('CMAKE_PREFIX_PATH', '/opt/ros/humble')]), 'shell': False}
[2.000086] (topic_learning_pub) CommandEnded: {'returncode': 0}
[2.000550] (topic_learning_pub) JobProgress: {'identifier': 'topic_learning_pub', 'progress': 'build'}
[2.000861] (topic_learning_pub) Command: {'cmd': ['/usr/bin/cmake', '--build', '/home/ocrv/sp_vision_tutorial_27/lecture4/build/topic_learning_pub', '--', '-j4', '-l4'], 'cwd': '/home/ocrv/sp_vision_tutorial_27/lecture4/build/topic_learning_pub', 'env': OrderedDict([('LESSOPEN', '| /usr/bin/lesspipe %s'), ('LANGUAGE', 'zh_CN:en'), ('USER', 'ocrv'), ('LC_TIME', 'zh_CN.UTF-8'), ('XDG_SESSION_TYPE', 'x11'), ('ALLUSERSPROFILE', '/opt/MVS/MVFG'), ('GIT_ASKPASS', '/usr/share/code/resources/app/extensions/git/dist/askpass.sh'), ('SHLVL', '2'), ('LD_LIBRARY_PATH', '/opt/ros/humble/opt/rviz_ogre_vendor/lib:/opt/ros/humble/lib/x86_64-linux-gnu:/opt/ros/humble/lib:/opt/MVS/lib/64:/opt/MVS/lib/32:/opt/MVS/lib/64:/opt/MVS/lib/32:/opt/MVS/lib/64:/opt/MVS/lib/32:/opt/MVS/lib/64:/opt/MVS/lib/32:'), ('HOME', '/home/ocrv'), ('CHROME_DESKTOP', 'code.desktop'), ('OLDPWD', '/home/ocrv/sp_vision_tutorial_27/lecture4/src'), ('TERM_PROGRAM_VERSION', '1.103.2'), ('DESKTOP_SESSION', 'ubuntu'), ('ROS_PYTHON_VERSION', '3'), ('GNOME_SHELL_SESSION_MODE', 'ubuntu'), ('GTK_MODULES', 'gail:atk-bridge'), ('VSCODE_GIT_ASKPASS_MAIN', '/usr/share/code/resources/app/extensions/git/dist/askpass-main.js'), ('LC_MONETARY', 'zh_CN.UTF-8'), ('VSCODE_GIT_ASKPASS_NODE', '/usr/share/code/code'), ('SYSTEMD_EXEC_PID', '3342'), ('DBUS_SESSION_BUS_ADDRESS', 'unix:path=/run/user/1000/bus'), ('COLORTERM', 'truecolor'), ('ROS_DISTRO', 'humble'), ('GTK_IM_MODULE', 'ibus'), ('LOGNAME', 'ocrv'), ('_', '/usr/bin/colcon'), ('ROS_VERSION', '2'), ('XDG_SESSION_CLASS', 'user'), ('USERNAME', 'ocrv'), ('TERM', 'xterm-256color'), ('GNOME_DESKTOP_SESSION_ID', 'this-is-deprecated'), ('ROS_LOCALHOST_ONLY', '0'), ('WINDOWPATH', '2'), ('MVCAM_SDK_PATH', '/opt/MVS'), ('PATH', '/opt/ros/humble/bin:/usr/local/sbin:/usr/local/bin:/usr/sbin:/usr/bin:/sbin:/bin:/usr/games:/usr/local/games:/snap/bin:/snap/bin'), ('SESSION_MANAGER', 'local/ocrv-virtual-machine:@/tmp/.ICE-unix/3149,unix/ocrv-virtual-machine:/tmp/.ICE-unix/3149'), ('MVCAM_GENICAM_CLPROTOCOL', '/opt/MVS/lib/CLProtocol'), ('PAPERSIZE', 'a4'), ('XDG_MENU_PREFIX', 'gnome-'), ('LC_ADDRESS', 'zh_CN.UTF-8'), ('GNOME_TERMINAL_SCREEN', '/org/gnome/Terminal/screen/c234ed7f_a8af_4c7b_8272_e118f06c194b'), ('XDG_RUNTIME_DIR', '/run/user/1000'), ('GDK_BACKEND', 'x11'), ('DISPLAY', ':0'), ('LANG', 'zh_CN.UTF-8'), ('XDG_CURRENT_DESKTOP', 'Unity'), ('LC_TELEPHONE', 'zh_CN.UTF-8'), ('XMODIFIERS', '@im=ibus'), ('XDG_SESSION_DESKTOP', 'ubuntu'), ('XAUTHORITY', '/run/user/1000/gdm/Xauthority'), ('LS_COLORS', 'rs=0:di=01;34:ln=01;36:mh=00:pi=40;33:so=01;35:do=01;35:bd=40;33;01:cd=40;33;01:or=40;31;01:mi=00:su=37;41:sg=30;43:ca=30;41:tw=30;42:ow=34;42:st=37;44:ex=01;32:*.tar=01;31:*.tgz=01;31:*.arc=01;31:*.arj=01;31:*.taz=01;31:*.lha=01;31:*.lz4=01;31:*.lzh=01;31:*.lzma=01;31:*.tlz=01;31:*.txz=01;31:*.tzo=01;31:*.t7z=01;31:*.zip=01;31:*.z=01;31:*.dz=01;31:*.gz=01;31:*.lrz=01;31:*.lz=01;31:*.lzo=01;31:*.xz=01;31:*.zst=01;31:*.tzst=01;31:*.bz2=01;31:*.bz=01;31:*.tbz=01;31:*.tbz2=01;31:*.tz=01;31:*.deb=01;31:*.rpm=01;31:*.jar=01;31:*.war=01;31:*.ear=01;31:*.sar=01;31:*.rar=01;31:*.alz=01;31:*.ace=01;31:*.zoo=01;31:*.cpio=01;31:*.7z=01;31:*.rz=01;31:*.cab=01;31:*.wim=01;31:*.swm=01;31:*.dwm=01;31:*.esd=01;31:*.jpg=01;35:*.jpeg=01;35:*.mjpg=01;35:*.mjpeg=01;35:*.gif=01;35:*.bmp=01;35:*.pbm=01;35:*.pgm=01;35:*.ppm=01;35:*.tga=01;35:*.xbm=01;35:*.xpm=01;35:*.tif=01;35:*.tiff=01;35:*.png=01;35:*.svg=01;35:*.svgz=01;35:*.mng=01;35:*.pcx=01;35:*.mov=01;35:*.mpg=01;35:*.mpeg=01;35:*.m2v=01;35:*.mkv=01;35:*.webm=01;35:*.webp=01;35:*.ogm=01;35:*.mp4=01;35:*.m4v=01;35:*.mp4v=01;35:*.vob=01;35:*.qt=01;35:*.nuv=01;35:*.wmv=01;35:*.asf=01;35:*.rm=01;35:*.rmvb=01;35:*.flc=01;35:*.avi=01;35:*.fli=01;35:*.flv=01;35:*.gl=01;35:*.dl=01;35:*.xcf=01;35:*.xwd=01;35:*.yuv=01;35:*.cgm=01;35:*.emf=01;35:*.ogv=01;35:*.ogx=01;35:*.aac=00;36:*.au=00;36:*.flac=00;36:*.m4a=00;36:*.mid=00;36:*.midi=00;36:*.mka=00;36:*.mp3=00;36:*.mpc=00;36:*.ogg=00;36:*.ra=00;36:*.wav=00;36:*.oga=00;36:*.opus=00;36:*.spx=00;36:*.xspf=00;36:'), ('VSCODE_GIT_IPC_HANDLE', '/run/user/1000/vscode-git-963eea5680.sock'), ('GNOME_TERMINAL_SERVICE', ':1.132'), ('TERM_PROGRAM', 'vscode'), ('SSH_AGENT_LAUNCHER', 'gnome-keyring'), ('SSH_AUTH_SOCK', '/run/user/1000/keyring/ssh'), ('AMENT_PREFIX_PATH', '/opt/ros/humble'), ('ORIGINAL_XDG_CURRENT_DESKTOP', 'ubuntu:GNOME'), ('SHELL', '/bin/bash'), ('LC_NAME', 'zh_CN.UTF-8'), ('QT_ACCESSIBILITY', '1'), ('NO_AT_BRIDGE', '1'), ('GDMSESSION', 'ubuntu'), ('LESSCLOSE', '/usr/bin/lesspipe %s %s'), ('LC_MEASUREMENT', 'zh_CN.UTF-8'), ('GPG_AGENT_INFO', '/run/user/1000/gnupg/S.gpg-agent:0:1'), ('LC_IDENTIFICATION', 'zh_CN.UTF-8'), ('VSCODE_GIT_ASKPASS_EXTRA_ARGS', ''), ('QT_IM_MODULE', 'ibus'), ('PWD', '/home/ocrv/sp_vision_tutorial_27/lecture4/build/topic_learning_pub'), ('XDG_CONFIG_DIRS', '/etc/xdg/xdg-ubuntu:/etc/xdg'), ('XDG_DATA_DIRS', '/usr/share/ubuntu:/usr/share/gnome:/usr/local/share/:/usr/share/:/var/lib/snapd/desktop'), ('PYTHONPATH', '/opt/ros/humble/lib/python3.10/site-packages:/opt/ros/humble/local/lib/python3.10/dist-packages'), ('LC_NUMERIC', 'zh_CN.UTF-8'), ('MVCAM_SDK_VERSION', ''), ('LC_PAPER', 'zh_CN.UTF-8'), ('COLCON', '1'), ('VTE_VERSION', '6800'), ('MVCAM_COMMON_RUNENV', '/opt/MVS/lib'), ('CMAKE_PREFIX_PATH', '/opt/ros/humble')]), 'shell': False}
[2.017290] (-) TimerEvent: {}
[2.018223] (learning_pkg_c) StdoutLine: {'line': b'-- Found ament_lint_auto: 0.12.15 (/opt/ros/humble/share/ament_lint_auto/cmake)\n'}
[2.077341] (learning_node) StdoutLine: {'line': b'[ 50%] \x1b[32mBuilding CXX object CMakeFiles/helloworld_node.dir/src/helloworld_node.cpp.o\x1b[0m\n'}
[2.093670] (topic_learning_pub) StdoutLine: {'line': b'[ 25%] \x1b[32mBuilding CXX object CMakeFiles/qos_publisher.dir/src/qos_publisher.cpp.o\x1b[0m\n'}
[2.098666] (topic_learning_pub) StdoutLine: {'line': b'[ 50%] \x1b[32mBuilding CXX object CMakeFiles/publisher_node.dir/src/publisher_node.cpp.o\x1b[0m\n'}
[2.117431] (-) TimerEvent: {}
[2.129067] (learning_pkg_c) StdoutLine: {'line': b"-- Added test 'lint_cmake' to check CMake code style\n"}
[2.129772] (learning_pkg_c) StdoutLine: {'line': b"-- Added test 'xmllint' to check XML markup files\n"}
[2.131637] (learning_pkg_c) StdoutLine: {'line': b'-- Configuring done\n'}
[2.133814] (learning_pkg_c) StdoutLine: {'line': b'-- Generating done\n'}
[2.136655] (learning_pkg_c) StdoutLine: {'line': b'-- Build files have been written to: /home/ocrv/sp_vision_tutorial_27/lecture4/build/learning_pkg_c\n'}
[2.147273] (learning_pkg_c) CommandEnded: {'returncode': 0}
[2.151348] (learning_pkg_c) JobProgress: {'identifier': 'learning_pkg_c', 'progress': 'build'}
[2.152104] (learning_pkg_c) Command: {'cmd': ['/usr/bin/cmake', '--build', '/home/ocrv/sp_vision_tutorial_27/lecture4/build/learning_pkg_c', '--', '-j4', '-l4'], 'cwd': '/home/ocrv/sp_vision_tutorial_27/lecture4/build/learning_pkg_c', 'env': OrderedDict([('LESSOPEN', '| /usr/bin/lesspipe %s'), ('LANGUAGE', 'zh_CN:en'), ('USER', 'ocrv'), ('LC_TIME', 'zh_CN.UTF-8'), ('XDG_SESSION_TYPE', 'x11'), ('ALLUSERSPROFILE', '/opt/MVS/MVFG'), ('GIT_ASKPASS', '/usr/share/code/resources/app/extensions/git/dist/askpass.sh'), ('SHLVL', '2'), ('LD_LIBRARY_PATH', '/opt/ros/humble/opt/rviz_ogre_vendor/lib:/opt/ros/humble/lib/x86_64-linux-gnu:/opt/ros/humble/lib:/opt/MVS/lib/64:/opt/MVS/lib/32:/opt/MVS/lib/64:/opt/MVS/lib/32:/opt/MVS/lib/64:/opt/MVS/lib/32:/opt/MVS/lib/64:/opt/MVS/lib/32:'), ('HOME', '/home/ocrv'), ('CHROME_DESKTOP', 'code.desktop'), ('OLDPWD', '/home/ocrv/sp_vision_tutorial_27/lecture4/src'), ('TERM_PROGRAM_VERSION', '1.103.2'), ('DESKTOP_SESSION', 'ubuntu'), ('ROS_PYTHON_VERSION', '3'), ('GNOME_SHELL_SESSION_MODE', 'ubuntu'), ('GTK_MODULES', 'gail:atk-bridge'), ('VSCODE_GIT_ASKPASS_MAIN', '/usr/share/code/resources/app/extensions/git/dist/askpass-main.js'), ('LC_MONETARY', 'zh_CN.UTF-8'), ('VSCODE_GIT_ASKPASS_NODE', '/usr/share/code/code'), ('SYSTEMD_EXEC_PID', '3342'), ('DBUS_SESSION_BUS_ADDRESS', 'unix:path=/run/user/1000/bus'), ('COLORTERM', 'truecolor'), ('ROS_DISTRO', 'humble'), ('GTK_IM_MODULE', 'ibus'), ('LOGNAME', 'ocrv'), ('_', '/usr/bin/colcon'), ('ROS_VERSION', '2'), ('XDG_SESSION_CLASS', 'user'), ('USERNAME', 'ocrv'), ('TERM', 'xterm-256color'), ('GNOME_DESKTOP_SESSION_ID', 'this-is-deprecated'), ('ROS_LOCALHOST_ONLY', '0'), ('WINDOWPATH', '2'), ('MVCAM_SDK_PATH', '/opt/MVS'), ('PATH', '/opt/ros/humble/bin:/usr/local/sbin:/usr/local/bin:/usr/sbin:/usr/bin:/sbin:/bin:/usr/games:/usr/local/games:/snap/bin:/snap/bin'), ('SESSION_MANAGER', 'local/ocrv-virtual-machine:@/tmp/.ICE-unix/3149,unix/ocrv-virtual-machine:/tmp/.ICE-unix/3149'), ('MVCAM_GENICAM_CLPROTOCOL', '/opt/MVS/lib/CLProtocol'), ('PAPERSIZE', 'a4'), ('XDG_MENU_PREFIX', 'gnome-'), ('LC_ADDRESS', 'zh_CN.UTF-8'), ('GNOME_TERMINAL_SCREEN', '/org/gnome/Terminal/screen/c234ed7f_a8af_4c7b_8272_e118f06c194b'), ('XDG_RUNTIME_DIR', '/run/user/1000'), ('GDK_BACKEND', 'x11'), ('DISPLAY', ':0'), ('LANG', 'zh_CN.UTF-8'), ('XDG_CURRENT_DESKTOP', 'Unity'), ('LC_TELEPHONE', 'zh_CN.UTF-8'), ('XMODIFIERS', '@im=ibus'), ('XDG_SESSION_DESKTOP', 'ubuntu'), ('XAUTHORITY', '/run/user/1000/gdm/Xauthority'), ('LS_COLORS', 'rs=0:di=01;34:ln=01;36:mh=00:pi=40;33:so=01;35:do=01;35:bd=40;33;01:cd=40;33;01:or=40;31;01:mi=00:su=37;41:sg=30;43:ca=30;41:tw=30;42:ow=34;42:st=37;44:ex=01;32:*.tar=01;31:*.tgz=01;31:*.arc=01;31:*.arj=01;31:*.taz=01;31:*.lha=01;31:*.lz4=01;31:*.lzh=01;31:*.lzma=01;31:*.tlz=01;31:*.txz=01;31:*.tzo=01;31:*.t7z=01;31:*.zip=01;31:*.z=01;31:*.dz=01;31:*.gz=01;31:*.lrz=01;31:*.lz=01;31:*.lzo=01;31:*.xz=01;31:*.zst=01;31:*.tzst=01;31:*.bz2=01;31:*.bz=01;31:*.tbz=01;31:*.tbz2=01;31:*.tz=01;31:*.deb=01;31:*.rpm=01;31:*.jar=01;31:*.war=01;31:*.ear=01;31:*.sar=01;31:*.rar=01;31:*.alz=01;31:*.ace=01;31:*.zoo=01;31:*.cpio=01;31:*.7z=01;31:*.rz=01;31:*.cab=01;31:*.wim=01;31:*.swm=01;31:*.dwm=01;31:*.esd=01;31:*.jpg=01;35:*.jpeg=01;35:*.mjpg=01;35:*.mjpeg=01;35:*.gif=01;35:*.bmp=01;35:*.pbm=01;35:*.pgm=01;35:*.ppm=01;35:*.tga=01;35:*.xbm=01;35:*.xpm=01;35:*.tif=01;35:*.tiff=01;35:*.png=01;35:*.svg=01;35:*.svgz=01;35:*.mng=01;35:*.pcx=01;35:*.mov=01;35:*.mpg=01;35:*.mpeg=01;35:*.m2v=01;35:*.mkv=01;35:*.webm=01;35:*.webp=01;35:*.ogm=01;35:*.mp4=01;35:*.m4v=01;35:*.mp4v=01;35:*.vob=01;35:*.qt=01;35:*.nuv=01;35:*.wmv=01;35:*.asf=01;35:*.rm=01;35:*.rmvb=01;35:*.flc=01;35:*.avi=01;35:*.fli=01;35:*.flv=01;35:*.gl=01;35:*.dl=01;35:*.xcf=01;35:*.xwd=01;35:*.yuv=01;35:*.cgm=01;35:*.emf=01;35:*.ogv=01;35:*.ogx=01;35:*.aac=00;36:*.au=00;36:*.flac=00;36:*.m4a=00;36:*.mid=00;36:*.midi=00;36:*.mka=00;36:*.mp3=00;36:*.mpc=00;36:*.ogg=00;36:*.ra=00;36:*.wav=00;36:*.oga=00;36:*.opus=00;36:*.spx=00;36:*.xspf=00;36:'), ('VSCODE_GIT_IPC_HANDLE', '/run/user/1000/vscode-git-963eea5680.sock'), ('GNOME_TERMINAL_SERVICE', ':1.132'), ('TERM_PROGRAM', 'vscode'), ('SSH_AGENT_LAUNCHER', 'gnome-keyring'), ('SSH_AUTH_SOCK', '/run/user/1000/keyring/ssh'), ('AMENT_PREFIX_PATH', '/opt/ros/humble'), ('ORIGINAL_XDG_CURRENT_DESKTOP', 'ubuntu:GNOME'), ('SHELL', '/bin/bash'), ('LC_NAME', 'zh_CN.UTF-8'), ('QT_ACCESSIBILITY', '1'), ('NO_AT_BRIDGE', '1'), ('GDMSESSION', 'ubuntu'), ('LESSCLOSE', '/usr/bin/lesspipe %s %s'), ('LC_MEASUREMENT', 'zh_CN.UTF-8'), ('GPG_AGENT_INFO', '/run/user/1000/gnupg/S.gpg-agent:0:1'), ('LC_IDENTIFICATION', 'zh_CN.UTF-8'), ('VSCODE_GIT_ASKPASS_EXTRA_ARGS', ''), ('QT_IM_MODULE', 'ibus'), ('PWD', '/home/ocrv/sp_vision_tutorial_27/lecture4/build/learning_pkg_c'), ('XDG_CONFIG_DIRS', '/etc/xdg/xdg-ubuntu:/etc/xdg'), ('XDG_DATA_DIRS', '/usr/share/ubuntu:/usr/share/gnome:/usr/local/share/:/usr/share/:/var/lib/snapd/desktop'), ('PYTHONPATH', '/opt/ros/humble/lib/python3.10/site-packages:/opt/ros/humble/local/lib/python3.10/dist-packages'), ('LC_NUMERIC', 'zh_CN.UTF-8'), ('MVCAM_SDK_VERSION', ''), ('LC_PAPER', 'zh_CN.UTF-8'), ('COLCON', '1'), ('VTE_VERSION', '6800'), ('MVCAM_COMMON_RUNENV', '/opt/MVS/lib'), ('CMAKE_PREFIX_PATH', '/opt/ros/humble')]), 'shell': False}
[2.194817] (nav_hw_interfaces) StdoutLine: {'line': b'-- Using all available rosidl_typesupport_cpp: rosidl_typesupport_fastrtps_cpp;rosidl_typesupport_introspection_cpp\n'}
[2.204036] (learning_pkg_c) CommandEnded: {'returncode': 0}
[2.204982] (learning_pkg_c) JobProgress: {'identifier': 'learning_pkg_c', 'progress': 'install'}
[2.213776] (learning_pkg_c) Command: {'cmd': ['/usr/bin/cmake', '--install', '/home/ocrv/sp_vision_tutorial_27/lecture4/build/learning_pkg_c'], 'cwd': '/home/ocrv/sp_vision_tutorial_27/lecture4/build/learning_pkg_c', 'env': OrderedDict([('LESSOPEN', '| /usr/bin/lesspipe %s'), ('LANGUAGE', 'zh_CN:en'), ('USER', 'ocrv'), ('LC_TIME', 'zh_CN.UTF-8'), ('XDG_SESSION_TYPE', 'x11'), ('ALLUSERSPROFILE', '/opt/MVS/MVFG'), ('GIT_ASKPASS', '/usr/share/code/resources/app/extensions/git/dist/askpass.sh'), ('SHLVL', '2'), ('LD_LIBRARY_PATH', '/opt/ros/humble/opt/rviz_ogre_vendor/lib:/opt/ros/humble/lib/x86_64-linux-gnu:/opt/ros/humble/lib:/opt/MVS/lib/64:/opt/MVS/lib/32:/opt/MVS/lib/64:/opt/MVS/lib/32:/opt/MVS/lib/64:/opt/MVS/lib/32:/opt/MVS/lib/64:/opt/MVS/lib/32:'), ('HOME', '/home/ocrv'), ('CHROME_DESKTOP', 'code.desktop'), ('OLDPWD', '/home/ocrv/sp_vision_tutorial_27/lecture4/src'), ('TERM_PROGRAM_VERSION', '1.103.2'), ('DESKTOP_SESSION', 'ubuntu'), ('ROS_PYTHON_VERSION', '3'), ('GNOME_SHELL_SESSION_MODE', 'ubuntu'), ('GTK_MODULES', 'gail:atk-bridge'), ('VSCODE_GIT_ASKPASS_MAIN', '/usr/share/code/resources/app/extensions/git/dist/askpass-main.js'), ('LC_MONETARY', 'zh_CN.UTF-8'), ('VSCODE_GIT_ASKPASS_NODE', '/usr/share/code/code'), ('SYSTEMD_EXEC_PID', '3342'), ('DBUS_SESSION_BUS_ADDRESS', 'unix:path=/run/user/1000/bus'), ('COLORTERM', 'truecolor'), ('ROS_DISTRO', 'humble'), ('GTK_IM_MODULE', 'ibus'), ('LOGNAME', 'ocrv'), ('_', '/usr/bin/colcon'), ('ROS_VERSION', '2'), ('XDG_SESSION_CLASS', 'user'), ('USERNAME', 'ocrv'), ('TERM', 'xterm-256color'), ('GNOME_DESKTOP_SESSION_ID', 'this-is-deprecated'), ('ROS_LOCALHOST_ONLY', '0'), ('WINDOWPATH', '2'), ('MVCAM_SDK_PATH', '/opt/MVS'), ('PATH', '/opt/ros/humble/bin:/usr/local/sbin:/usr/local/bin:/usr/sbin:/usr/bin:/sbin:/bin:/usr/games:/usr/local/games:/snap/bin:/snap/bin'), ('SESSION_MANAGER', 'local/ocrv-virtual-machine:@/tmp/.ICE-unix/3149,unix/ocrv-virtual-machine:/tmp/.ICE-unix/3149'), ('MVCAM_GENICAM_CLPROTOCOL', '/opt/MVS/lib/CLProtocol'), ('PAPERSIZE', 'a4'), ('XDG_MENU_PREFIX', 'gnome-'), ('LC_ADDRESS', 'zh_CN.UTF-8'), ('GNOME_TERMINAL_SCREEN', '/org/gnome/Terminal/screen/c234ed7f_a8af_4c7b_8272_e118f06c194b'), ('XDG_RUNTIME_DIR', '/run/user/1000'), ('GDK_BACKEND', 'x11'), ('DISPLAY', ':0'), ('LANG', 'zh_CN.UTF-8'), ('XDG_CURRENT_DESKTOP', 'Unity'), ('LC_TELEPHONE', 'zh_CN.UTF-8'), ('XMODIFIERS', '@im=ibus'), ('XDG_SESSION_DESKTOP', 'ubuntu'), ('XAUTHORITY', '/run/user/1000/gdm/Xauthority'), ('LS_COLORS', 'rs=0:di=01;34:ln=01;36:mh=00:pi=40;33:so=01;35:do=01;35:bd=40;33;01:cd=40;33;01:or=40;31;01:mi=00:su=37;41:sg=30;43:ca=30;41:tw=30;42:ow=34;42:st=37;44:ex=01;32:*.tar=01;31:*.tgz=01;31:*.arc=01;31:*.arj=01;31:*.taz=01;31:*.lha=01;31:*.lz4=01;31:*.lzh=01;31:*.lzma=01;31:*.tlz=01;31:*.txz=01;31:*.tzo=01;31:*.t7z=01;31:*.zip=01;31:*.z=01;31:*.dz=01;31:*.gz=01;31:*.lrz=01;31:*.lz=01;31:*.lzo=01;31:*.xz=01;31:*.zst=01;31:*.tzst=01;31:*.bz2=01;31:*.bz=01;31:*.tbz=01;31:*.tbz2=01;31:*.tz=01;31:*.deb=01;31:*.rpm=01;31:*.jar=01;31:*.war=01;31:*.ear=01;31:*.sar=01;31:*.rar=01;31:*.alz=01;31:*.ace=01;31:*.zoo=01;31:*.cpio=01;31:*.7z=01;31:*.rz=01;31:*.cab=01;31:*.wim=01;31:*.swm=01;31:*.dwm=01;31:*.esd=01;31:*.jpg=01;35:*.jpeg=01;35:*.mjpg=01;35:*.mjpeg=01;35:*.gif=01;35:*.bmp=01;35:*.pbm=01;35:*.pgm=01;35:*.ppm=01;35:*.tga=01;35:*.xbm=01;35:*.xpm=01;35:*.tif=01;35:*.tiff=01;35:*.png=01;35:*.svg=01;35:*.svgz=01;35:*.mng=01;35:*.pcx=01;35:*.mov=01;35:*.mpg=01;35:*.mpeg=01;35:*.m2v=01;35:*.mkv=01;35:*.webm=01;35:*.webp=01;35:*.ogm=01;35:*.mp4=01;35:*.m4v=01;35:*.mp4v=01;35:*.vob=01;35:*.qt=01;35:*.nuv=01;35:*.wmv=01;35:*.asf=01;35:*.rm=01;35:*.rmvb=01;35:*.flc=01;35:*.avi=01;35:*.fli=01;35:*.flv=01;35:*.gl=01;35:*.dl=01;35:*.xcf=01;35:*.xwd=01;35:*.yuv=01;35:*.cgm=01;35:*.emf=01;35:*.ogv=01;35:*.ogx=01;35:*.aac=00;36:*.au=00;36:*.flac=00;36:*.m4a=00;36:*.mid=00;36:*.midi=00;36:*.mka=00;36:*.mp3=00;36:*.mpc=00;36:*.ogg=00;36:*.ra=00;36:*.wav=00;36:*.oga=00;36:*.opus=00;36:*.spx=00;36:*.xspf=00;36:'), ('VSCODE_GIT_IPC_HANDLE', '/run/user/1000/vscode-git-963eea5680.sock'), ('GNOME_TERMINAL_SERVICE', ':1.132'), ('TERM_PROGRAM', 'vscode'), ('SSH_AGENT_LAUNCHER', 'gnome-keyring'), ('SSH_AUTH_SOCK', '/run/user/1000/keyring/ssh'), ('AMENT_PREFIX_PATH', '/opt/ros/humble'), ('ORIGINAL_XDG_CURRENT_DESKTOP', 'ubuntu:GNOME'), ('SHELL', '/bin/bash'), ('LC_NAME', 'zh_CN.UTF-8'), ('QT_ACCESSIBILITY', '1'), ('NO_AT_BRIDGE', '1'), ('GDMSESSION', 'ubuntu'), ('LESSCLOSE', '/usr/bin/lesspipe %s %s'), ('LC_MEASUREMENT', 'zh_CN.UTF-8'), ('GPG_AGENT_INFO', '/run/user/1000/gnupg/S.gpg-agent:0:1'), ('LC_IDENTIFICATION', 'zh_CN.UTF-8'), ('VSCODE_GIT_ASKPASS_EXTRA_ARGS', ''), ('QT_IM_MODULE', 'ibus'), ('PWD', '/home/ocrv/sp_vision_tutorial_27/lecture4/build/learning_pkg_c'), ('XDG_CONFIG_DIRS', '/etc/xdg/xdg-ubuntu:/etc/xdg'), ('XDG_DATA_DIRS', '/usr/share/ubuntu:/usr/share/gnome:/usr/local/share/:/usr/share/:/var/lib/snapd/desktop'), ('PYTHONPATH', '/opt/ros/humble/lib/python3.10/site-packages:/opt/ros/humble/local/lib/python3.10/dist-packages'), ('LC_NUMERIC', 'zh_CN.UTF-8'), ('MVCAM_SDK_VERSION', ''), ('LC_PAPER', 'zh_CN.UTF-8'), ('COLCON', '1'), ('VTE_VERSION', '6800'), ('MVCAM_COMMON_RUNENV', '/opt/MVS/lib'), ('CMAKE_PREFIX_PATH', '/opt/ros/humble')]), 'shell': False}
[2.215439] (nav_hw_interfaces) StdoutLine: {'line': b'-- Found PythonInterp: /usr/bin/python3 (found suitable version "3.10.12", minimum required is "3.6") \n'}
[2.216872] (nav_hw_interfaces) StdoutLine: {'line': b'-- Found python_cmake_module: 0.10.0 (/opt/ros/humble/share/python_cmake_module/cmake)\n'}
[2.217786] (-) TimerEvent: {}
[2.224372] (learning_pkg_c) StdoutLine: {'line': b'-- Install configuration: ""\n'}
[2.225751] (learning_pkg_c) StdoutLine: {'line': b'-- Installing: /home/ocrv/sp_vision_tutorial_27/lecture4/install/learning_pkg_c/share/ament_index/resource_index/package_run_dependencies/learning_pkg_c\n'}
[2.227308] (learning_pkg_c) StdoutLine: {'line': b'-- Installing: /home/ocrv/sp_vision_tutorial_27/lecture4/install/learning_pkg_c/share/ament_index/resource_index/parent_prefix_path/learning_pkg_c\n'}
[2.227411] (learning_pkg_c) StdoutLine: {'line': b'-- Installing: /home/ocrv/sp_vision_tutorial_27/lecture4/install/learning_pkg_c/share/learning_pkg_c/environment/ament_prefix_path.sh\n'}
[2.227583] (learning_pkg_c) StdoutLine: {'line': b'-- Installing: /home/ocrv/sp_vision_tutorial_27/lecture4/install/learning_pkg_c/share/learning_pkg_c/environment/ament_prefix_path.dsv\n'}
[2.227735] (learning_pkg_c) StdoutLine: {'line': b'-- Installing: /home/ocrv/sp_vision_tutorial_27/lecture4/install/learning_pkg_c/share/learning_pkg_c/environment/path.sh\n'}
[2.227874] (learning_pkg_c) StdoutLine: {'line': b'-- Installing: /home/ocrv/sp_vision_tutorial_27/lecture4/install/learning_pkg_c/share/learning_pkg_c/environment/path.dsv\n'}
[2.228057] (learning_pkg_c) StdoutLine: {'line': b'-- Installing: /home/ocrv/sp_vision_tutorial_27/lecture4/install/learning_pkg_c/share/learning_pkg_c/local_setup.bash\n'}
[2.231380] (learning_pkg_c) StdoutLine: {'line': b'-- Installing: /home/ocrv/sp_vision_tutorial_27/lecture4/install/learning_pkg_c/share/learning_pkg_c/local_setup.sh\n'}
[2.231482] (learning_pkg_c) StdoutLine: {'line': b'-- Installing: /home/ocrv/sp_vision_tutorial_27/lecture4/install/learning_pkg_c/share/learning_pkg_c/local_setup.zsh\n'}
[2.231520] (learning_pkg_c) StdoutLine: {'line': b'-- Installing: /home/ocrv/sp_vision_tutorial_27/lecture4/install/learning_pkg_c/share/learning_pkg_c/local_setup.dsv\n'}
[2.231552] (learning_pkg_c) StdoutLine: {'line': b'-- Installing: /home/ocrv/sp_vision_tutorial_27/lecture4/install/learning_pkg_c/share/learning_pkg_c/package.dsv\n'}
[2.231581] (learning_pkg_c) StdoutLine: {'line': b'-- Installing: /home/ocrv/sp_vision_tutorial_27/lecture4/install/learning_pkg_c/share/ament_index/resource_index/packages/learning_pkg_c\n'}
[2.231614] (learning_pkg_c) StdoutLine: {'line': b'-- Installing: /home/ocrv/sp_vision_tutorial_27/lecture4/install/learning_pkg_c/share/learning_pkg_c/cmake/learning_pkg_cConfig.cmake\n'}
[2.231644] (learning_pkg_c) StdoutLine: {'line': b'-- Installing: /home/ocrv/sp_vision_tutorial_27/lecture4/install/learning_pkg_c/share/learning_pkg_c/cmake/learning_pkg_cConfig-version.cmake\n'}
[2.231671] (learning_pkg_c) StdoutLine: {'line': b'-- Installing: /home/ocrv/sp_vision_tutorial_27/lecture4/install/learning_pkg_c/share/learning_pkg_c/package.xml\n'}
[2.233265] (learning_pkg_c) CommandEnded: {'returncode': 0}
[2.244407] (learning_pkg_c) JobEnded: {'identifier': 'learning_pkg_c', 'rc': 0}
[2.244990] (learning_pkg_python) JobStarted: {'identifier': 'learning_pkg_python'}
[2.256286] (nav_hw_interfaces) StdoutLine: {'line': b'-- Found PythonLibs: /usr/lib/x86_64-linux-gnu/libpython3.10.so (found suitable version "3.10.12", minimum required is "3.5") \n'}
[2.258945] (nav_hw_interfaces) StdoutLine: {'line': b'-- Using PYTHON_EXECUTABLE: /usr/bin/python3\n'}
[2.259050] (nav_hw_interfaces) StdoutLine: {'line': b'-- Using PYTHON_INCLUDE_DIRS: /usr/include/python3.10\n'}
[2.259090] (nav_hw_interfaces) StdoutLine: {'line': b'-- Using PYTHON_LIBRARIES: /usr/lib/x86_64-linux-gnu/libpython3.10.so\n'}
[2.293573] (nav_hw_interfaces) StdoutLine: {'line': b'-- Found PythonExtra: .so  \n'}
[2.317947] (-) TimerEvent: {}
[2.422273] (-) TimerEvent: {}
[2.442366] (nav_hw_interfaces) StdoutLine: {'line': b'-- Configuring done\n'}
[2.473808] (nav_hw_interfaces) StdoutLine: {'line': b'-- Generating done\n'}
[2.494574] (nav_hw_interfaces) StdoutLine: {'line': b'-- Build files have been written to: /home/ocrv/sp_vision_tutorial_27/lecture4/build/nav_hw_interfaces\n'}
[2.510691] (nav_hw_interfaces) CommandEnded: {'returncode': 0}
[2.511115] (nav_hw_interfaces) JobProgress: {'identifier': 'nav_hw_interfaces', 'progress': 'build'}
[2.511294] (nav_hw_interfaces) Command: {'cmd': ['/usr/bin/cmake', '--build', '/home/ocrv/sp_vision_tutorial_27/lecture4/build/nav_hw_interfaces', '--', '-j4', '-l4'], 'cwd': '/home/ocrv/sp_vision_tutorial_27/lecture4/build/nav_hw_interfaces', 'env': OrderedDict([('LESSOPEN', '| /usr/bin/lesspipe %s'), ('LANGUAGE', 'zh_CN:en'), ('USER', 'ocrv'), ('LC_TIME', 'zh_CN.UTF-8'), ('XDG_SESSION_TYPE', 'x11'), ('ALLUSERSPROFILE', '/opt/MVS/MVFG'), ('GIT_ASKPASS', '/usr/share/code/resources/app/extensions/git/dist/askpass.sh'), ('SHLVL', '2'), ('LD_LIBRARY_PATH', '/opt/ros/humble/opt/rviz_ogre_vendor/lib:/opt/ros/humble/lib/x86_64-linux-gnu:/opt/ros/humble/lib:/opt/MVS/lib/64:/opt/MVS/lib/32:/opt/MVS/lib/64:/opt/MVS/lib/32:/opt/MVS/lib/64:/opt/MVS/lib/32:/opt/MVS/lib/64:/opt/MVS/lib/32:'), ('HOME', '/home/ocrv'), ('CHROME_DESKTOP', 'code.desktop'), ('OLDPWD', '/home/ocrv/sp_vision_tutorial_27/lecture4/src'), ('TERM_PROGRAM_VERSION', '1.103.2'), ('DESKTOP_SESSION', 'ubuntu'), ('ROS_PYTHON_VERSION', '3'), ('GNOME_SHELL_SESSION_MODE', 'ubuntu'), ('GTK_MODULES', 'gail:atk-bridge'), ('VSCODE_GIT_ASKPASS_MAIN', '/usr/share/code/resources/app/extensions/git/dist/askpass-main.js'), ('LC_MONETARY', 'zh_CN.UTF-8'), ('VSCODE_GIT_ASKPASS_NODE', '/usr/share/code/code'), ('SYSTEMD_EXEC_PID', '3342'), ('DBUS_SESSION_BUS_ADDRESS', 'unix:path=/run/user/1000/bus'), ('COLORTERM', 'truecolor'), ('ROS_DISTRO', 'humble'), ('GTK_IM_MODULE', 'ibus'), ('LOGNAME', 'ocrv'), ('_', '/usr/bin/colcon'), ('ROS_VERSION', '2'), ('XDG_SESSION_CLASS', 'user'), ('USERNAME', 'ocrv'), ('TERM', 'xterm-256color'), ('GNOME_DESKTOP_SESSION_ID', 'this-is-deprecated'), ('ROS_LOCALHOST_ONLY', '0'), ('WINDOWPATH', '2'), ('MVCAM_SDK_PATH', '/opt/MVS'), ('PATH', '/opt/ros/humble/bin:/usr/local/sbin:/usr/local/bin:/usr/sbin:/usr/bin:/sbin:/bin:/usr/games:/usr/local/games:/snap/bin:/snap/bin'), ('SESSION_MANAGER', 'local/ocrv-virtual-machine:@/tmp/.ICE-unix/3149,unix/ocrv-virtual-machine:/tmp/.ICE-unix/3149'), ('MVCAM_GENICAM_CLPROTOCOL', '/opt/MVS/lib/CLProtocol'), ('PAPERSIZE', 'a4'), ('XDG_MENU_PREFIX', 'gnome-'), ('LC_ADDRESS', 'zh_CN.UTF-8'), ('GNOME_TERMINAL_SCREEN', '/org/gnome/Terminal/screen/c234ed7f_a8af_4c7b_8272_e118f06c194b'), ('XDG_RUNTIME_DIR', '/run/user/1000'), ('GDK_BACKEND', 'x11'), ('DISPLAY', ':0'), ('LANG', 'zh_CN.UTF-8'), ('XDG_CURRENT_DESKTOP', 'Unity'), ('LC_TELEPHONE', 'zh_CN.UTF-8'), ('XMODIFIERS', '@im=ibus'), ('XDG_SESSION_DESKTOP', 'ubuntu'), ('XAUTHORITY', '/run/user/1000/gdm/Xauthority'), ('LS_COLORS', 'rs=0:di=01;34:ln=01;36:mh=00:pi=40;33:so=01;35:do=01;35:bd=40;33;01:cd=40;33;01:or=40;31;01:mi=00:su=37;41:sg=30;43:ca=30;41:tw=30;42:ow=34;42:st=37;44:ex=01;32:*.tar=01;31:*.tgz=01;31:*.arc=01;31:*.arj=01;31:*.taz=01;31:*.lha=01;31:*.lz4=01;31:*.lzh=01;31:*.lzma=01;31:*.tlz=01;31:*.txz=01;31:*.tzo=01;31:*.t7z=01;31:*.zip=01;31:*.z=01;31:*.dz=01;31:*.gz=01;31:*.lrz=01;31:*.lz=01;31:*.lzo=01;31:*.xz=01;31:*.zst=01;31:*.tzst=01;31:*.bz2=01;31:*.bz=01;31:*.tbz=01;31:*.tbz2=01;31:*.tz=01;31:*.deb=01;31:*.rpm=01;31:*.jar=01;31:*.war=01;31:*.ear=01;31:*.sar=01;31:*.rar=01;31:*.alz=01;31:*.ace=01;31:*.zoo=01;31:*.cpio=01;31:*.7z=01;31:*.rz=01;31:*.cab=01;31:*.wim=01;31:*.swm=01;31:*.dwm=01;31:*.esd=01;31:*.jpg=01;35:*.jpeg=01;35:*.mjpg=01;35:*.mjpeg=01;35:*.gif=01;35:*.bmp=01;35:*.pbm=01;35:*.pgm=01;35:*.ppm=01;35:*.tga=01;35:*.xbm=01;35:*.xpm=01;35:*.tif=01;35:*.tiff=01;35:*.png=01;35:*.svg=01;35:*.svgz=01;35:*.mng=01;35:*.pcx=01;35:*.mov=01;35:*.mpg=01;35:*.mpeg=01;35:*.m2v=01;35:*.mkv=01;35:*.webm=01;35:*.webp=01;35:*.ogm=01;35:*.mp4=01;35:*.m4v=01;35:*.mp4v=01;35:*.vob=01;35:*.qt=01;35:*.nuv=01;35:*.wmv=01;35:*.asf=01;35:*.rm=01;35:*.rmvb=01;35:*.flc=01;35:*.avi=01;35:*.fli=01;35:*.flv=01;35:*.gl=01;35:*.dl=01;35:*.xcf=01;35:*.xwd=01;35:*.yuv=01;35:*.cgm=01;35:*.emf=01;35:*.ogv=01;35:*.ogx=01;35:*.aac=00;36:*.au=00;36:*.flac=00;36:*.m4a=00;36:*.mid=00;36:*.midi=00;36:*.mka=00;36:*.mp3=00;36:*.mpc=00;36:*.ogg=00;36:*.ra=00;36:*.wav=00;36:*.oga=00;36:*.opus=00;36:*.spx=00;36:*.xspf=00;36:'), ('VSCODE_GIT_IPC_HANDLE', '/run/user/1000/vscode-git-963eea5680.sock'), ('GNOME_TERMINAL_SERVICE', ':1.132'), ('TERM_PROGRAM', 'vscode'), ('SSH_AGENT_LAUNCHER', 'gnome-keyring'), ('SSH_AUTH_SOCK', '/run/user/1000/keyring/ssh'), ('AMENT_PREFIX_PATH', '/opt/ros/humble'), ('ORIGINAL_XDG_CURRENT_DESKTOP', 'ubuntu:GNOME'), ('SHELL', '/bin/bash'), ('LC_NAME', 'zh_CN.UTF-8'), ('QT_ACCESSIBILITY', '1'), ('NO_AT_BRIDGE', '1'), ('GDMSESSION', 'ubuntu'), ('LESSCLOSE', '/usr/bin/lesspipe %s %s'), ('LC_MEASUREMENT', 'zh_CN.UTF-8'), ('GPG_AGENT_INFO', '/run/user/1000/gnupg/S.gpg-agent:0:1'), ('LC_IDENTIFICATION', 'zh_CN.UTF-8'), ('VSCODE_GIT_ASKPASS_EXTRA_ARGS', ''), ('QT_IM_MODULE', 'ibus'), ('PWD', '/home/ocrv/sp_vision_tutorial_27/lecture4/build/nav_hw_interfaces'), ('XDG_CONFIG_DIRS', '/etc/xdg/xdg-ubuntu:/etc/xdg'), ('XDG_DATA_DIRS', '/usr/share/ubuntu:/usr/share/gnome:/usr/local/share/:/usr/share/:/var/lib/snapd/desktop'), ('PYTHONPATH', '/opt/ros/humble/lib/python3.10/site-packages:/opt/ros/humble/local/lib/python3.10/dist-packages'), ('LC_NUMERIC', 'zh_CN.UTF-8'), ('MVCAM_SDK_VERSION', ''), ('LC_PAPER', 'zh_CN.UTF-8'), ('COLCON', '1'), ('VTE_VERSION', '6800'), ('MVCAM_COMMON_RUNENV', '/opt/MVS/lib'), ('CMAKE_PREFIX_PATH', '/opt/ros/humble')]), 'shell': False}
[2.522419] (-) TimerEvent: {}
[2.597014] (nav_hw_interfaces) StdoutLine: {'line': b'[  3%] \x1b[34m\x1b[1mGenerating C code for ROS interfaces\x1b[0m\n'}
[2.623489] (-) TimerEvent: {}
[2.623734] (nav_hw_interfaces) StdoutLine: {'line': b'[  6%] \x1b[34m\x1b[1mGenerating Rust code for ROS interfaces\x1b[0m\n'}
[2.629118] (nav_hw_interfaces) StdoutLine: {'line': b'[  9%] \x1b[34m\x1b[1mGenerating C++ code for ROS interfaces\x1b[0m\n'}
[2.652105] (nav_hw_interfaces) StdoutLine: {'line': b'[  9%] Built target ament_cmake_python_copy_nav_hw_interfaces\n'}
[2.724269] (-) TimerEvent: {}
[2.824581] (-) TimerEvent: {}
[2.925880] (-) TimerEvent: {}
[3.026674] (-) TimerEvent: {}
[3.055310] (learning_pkg_python) Command: {'cmd': ['/usr/bin/python3', '-W', 'ignore:setup.py install is deprecated', '-W', 'ignore:easy_install command is deprecated', 'setup.py', 'egg_info', '--egg-base', '../../../build/learning_pkg_python', 'build', '--build-base', '/home/ocrv/sp_vision_tutorial_27/lecture4/build/learning_pkg_python/build', 'install', '--record', '/home/ocrv/sp_vision_tutorial_27/lecture4/build/learning_pkg_python/install.log', '--install-scripts', '$base/lib/learning_pkg_python', '--single-version-externally-managed', 'install_data'], 'cwd': '/home/ocrv/sp_vision_tutorial_27/lecture4/src/ep1/learning_pkg_python', 'env': OrderedDict([('LESSOPEN', '| /usr/bin/lesspipe %s'), ('LANGUAGE', 'zh_CN:en'), ('USER', 'ocrv'), ('LC_TIME', 'zh_CN.UTF-8'), ('XDG_SESSION_TYPE', 'x11'), ('ALLUSERSPROFILE', '/opt/MVS/MVFG'), ('GIT_ASKPASS', '/usr/share/code/resources/app/extensions/git/dist/askpass.sh'), ('SHLVL', '2'), ('LD_LIBRARY_PATH', '/opt/ros/humble/opt/rviz_ogre_vendor/lib:/opt/ros/humble/lib/x86_64-linux-gnu:/opt/ros/humble/lib:/opt/MVS/lib/64:/opt/MVS/lib/32:/opt/MVS/lib/64:/opt/MVS/lib/32:/opt/MVS/lib/64:/opt/MVS/lib/32:/opt/MVS/lib/64:/opt/MVS/lib/32:'), ('HOME', '/home/ocrv'), ('CHROME_DESKTOP', 'code.desktop'), ('OLDPWD', '/home/ocrv/sp_vision_tutorial_27/lecture4/src'), ('TERM_PROGRAM_VERSION', '1.103.2'), ('DESKTOP_SESSION', 'ubuntu'), ('ROS_PYTHON_VERSION', '3'), ('GNOME_SHELL_SESSION_MODE', 'ubuntu'), ('GTK_MODULES', 'gail:atk-bridge'), ('VSCODE_GIT_ASKPASS_MAIN', '/usr/share/code/resources/app/extensions/git/dist/askpass-main.js'), ('LC_MONETARY', 'zh_CN.UTF-8'), ('VSCODE_GIT_ASKPASS_NODE', '/usr/share/code/code'), ('SYSTEMD_EXEC_PID', '3342'), ('DBUS_SESSION_BUS_ADDRESS', 'unix:path=/run/user/1000/bus'), ('COLORTERM', 'truecolor'), ('ROS_DISTRO', 'humble'), ('GTK_IM_MODULE', 'ibus'), ('LOGNAME', 'ocrv'), ('_', '/usr/bin/colcon'), ('ROS_VERSION', '2'), ('XDG_SESSION_CLASS', 'user'), ('USERNAME', 'ocrv'), ('TERM', 'xterm-256color'), ('GNOME_DESKTOP_SESSION_ID', 'this-is-deprecated'), ('ROS_LOCALHOST_ONLY', '0'), ('WINDOWPATH', '2'), ('MVCAM_SDK_PATH', '/opt/MVS'), ('PATH', '/opt/ros/humble/bin:/usr/local/sbin:/usr/local/bin:/usr/sbin:/usr/bin:/sbin:/bin:/usr/games:/usr/local/games:/snap/bin:/snap/bin'), ('SESSION_MANAGER', 'local/ocrv-virtual-machine:@/tmp/.ICE-unix/3149,unix/ocrv-virtual-machine:/tmp/.ICE-unix/3149'), ('MVCAM_GENICAM_CLPROTOCOL', '/opt/MVS/lib/CLProtocol'), ('PAPERSIZE', 'a4'), ('XDG_MENU_PREFIX', 'gnome-'), ('LC_ADDRESS', 'zh_CN.UTF-8'), ('GNOME_TERMINAL_SCREEN', '/org/gnome/Terminal/screen/c234ed7f_a8af_4c7b_8272_e118f06c194b'), ('XDG_RUNTIME_DIR', '/run/user/1000'), ('GDK_BACKEND', 'x11'), ('DISPLAY', ':0'), ('LANG', 'zh_CN.UTF-8'), ('XDG_CURRENT_DESKTOP', 'Unity'), ('LC_TELEPHONE', 'zh_CN.UTF-8'), ('XMODIFIERS', '@im=ibus'), ('XDG_SESSION_DESKTOP', 'ubuntu'), ('XAUTHORITY', '/run/user/1000/gdm/Xauthority'), ('LS_COLORS', 'rs=0:di=01;34:ln=01;36:mh=00:pi=40;33:so=01;35:do=01;35:bd=40;33;01:cd=40;33;01:or=40;31;01:mi=00:su=37;41:sg=30;43:ca=30;41:tw=30;42:ow=34;42:st=37;44:ex=01;32:*.tar=01;31:*.tgz=01;31:*.arc=01;31:*.arj=01;31:*.taz=01;31:*.lha=01;31:*.lz4=01;31:*.lzh=01;31:*.lzma=01;31:*.tlz=01;31:*.txz=01;31:*.tzo=01;31:*.t7z=01;31:*.zip=01;31:*.z=01;31:*.dz=01;31:*.gz=01;31:*.lrz=01;31:*.lz=01;31:*.lzo=01;31:*.xz=01;31:*.zst=01;31:*.tzst=01;31:*.bz2=01;31:*.bz=01;31:*.tbz=01;31:*.tbz2=01;31:*.tz=01;31:*.deb=01;31:*.rpm=01;31:*.jar=01;31:*.war=01;31:*.ear=01;31:*.sar=01;31:*.rar=01;31:*.alz=01;31:*.ace=01;31:*.zoo=01;31:*.cpio=01;31:*.7z=01;31:*.rz=01;31:*.cab=01;31:*.wim=01;31:*.swm=01;31:*.dwm=01;31:*.esd=01;31:*.jpg=01;35:*.jpeg=01;35:*.mjpg=01;35:*.mjpeg=01;35:*.gif=01;35:*.bmp=01;35:*.pbm=01;35:*.pgm=01;35:*.ppm=01;35:*.tga=01;35:*.xbm=01;35:*.xpm=01;35:*.tif=01;35:*.tiff=01;35:*.png=01;35:*.svg=01;35:*.svgz=01;35:*.mng=01;35:*.pcx=01;35:*.mov=01;35:*.mpg=01;35:*.mpeg=01;35:*.m2v=01;35:*.mkv=01;35:*.webm=01;35:*.webp=01;35:*.ogm=01;35:*.mp4=01;35:*.m4v=01;35:*.mp4v=01;35:*.vob=01;35:*.qt=01;35:*.nuv=01;35:*.wmv=01;35:*.asf=01;35:*.rm=01;35:*.rmvb=01;35:*.flc=01;35:*.avi=01;35:*.fli=01;35:*.flv=01;35:*.gl=01;35:*.dl=01;35:*.xcf=01;35:*.xwd=01;35:*.yuv=01;35:*.cgm=01;35:*.emf=01;35:*.ogv=01;35:*.ogx=01;35:*.aac=00;36:*.au=00;36:*.flac=00;36:*.m4a=00;36:*.mid=00;36:*.midi=00;36:*.mka=00;36:*.mp3=00;36:*.mpc=00;36:*.ogg=00;36:*.ra=00;36:*.wav=00;36:*.oga=00;36:*.opus=00;36:*.spx=00;36:*.xspf=00;36:'), ('VSCODE_GIT_IPC_HANDLE', '/run/user/1000/vscode-git-963eea5680.sock'), ('GNOME_TERMINAL_SERVICE', ':1.132'), ('TERM_PROGRAM', 'vscode'), ('SSH_AGENT_LAUNCHER', 'gnome-keyring'), ('SSH_AUTH_SOCK', '/run/user/1000/keyring/ssh'), ('AMENT_PREFIX_PATH', '/opt/ros/humble'), ('ORIGINAL_XDG_CURRENT_DESKTOP', 'ubuntu:GNOME'), ('SHELL', '/bin/bash'), ('LC_NAME', 'zh_CN.UTF-8'), ('QT_ACCESSIBILITY', '1'), ('NO_AT_BRIDGE', '1'), ('GDMSESSION', 'ubuntu'), ('LESSCLOSE', '/usr/bin/lesspipe %s %s'), ('LC_MEASUREMENT', 'zh_CN.UTF-8'), ('GPG_AGENT_INFO', '/run/user/1000/gnupg/S.gpg-agent:0:1'), ('LC_IDENTIFICATION', 'zh_CN.UTF-8'), ('VSCODE_GIT_ASKPASS_EXTRA_ARGS', ''), ('QT_IM_MODULE', 'ibus'), ('PWD', '/home/ocrv/sp_vision_tutorial_27/lecture4/build/learning_pkg_python'), ('XDG_CONFIG_DIRS', '/etc/xdg/xdg-ubuntu:/etc/xdg'), ('XDG_DATA_DIRS', '/usr/share/ubuntu:/usr/share/gnome:/usr/local/share/:/usr/share/:/var/lib/snapd/desktop'), ('PYTHONPATH', '/home/ocrv/sp_vision_tutorial_27/lecture4/build/learning_pkg_python/prefix_override:/usr/lib/python3/dist-packages/colcon_core/task/python/colcon_distutils_commands:/home/ocrv/sp_vision_tutorial_27/lecture4/install/learning_pkg_python/lib/python3.10/site-packages:/opt/ros/humble/lib/python3.10/site-packages:/opt/ros/humble/local/lib/python3.10/dist-packages'), ('LC_NUMERIC', 'zh_CN.UTF-8'), ('MVCAM_SDK_VERSION', ''), ('LC_PAPER', 'zh_CN.UTF-8'), ('COLCON', '1'), ('VTE_VERSION', '6800'), ('MVCAM_COMMON_RUNENV', '/opt/MVS/lib')]), 'shell': False}
[3.096905] (nav_hw_interfaces) StdoutLine: {'line': b'running egg_info\n'}
[3.097305] (nav_hw_interfaces) StdoutLine: {'line': b'creating nav_hw_interfaces.egg-info\n'}
[3.100398] (nav_hw_interfaces) StdoutLine: {'line': b'writing nav_hw_interfaces.egg-info/PKG-INFO\n'}
[3.100529] (nav_hw_interfaces) StdoutLine: {'line': b'writing dependency_links to nav_hw_interfaces.egg-info/dependency_links.txt\n'}
[3.100570] (nav_hw_interfaces) StdoutLine: {'line': b'writing top-level names to nav_hw_interfaces.egg-info/top_level.txt\n'}
[3.100614] (nav_hw_interfaces) StdoutLine: {'line': b"writing manifest file 'nav_hw_interfaces.egg-info/SOURCES.txt'\n"}
[3.108354] (nav_hw_interfaces) StdoutLine: {'line': b"reading manifest file 'nav_hw_interfaces.egg-info/SOURCES.txt'\n"}
[3.108500] (nav_hw_interfaces) StdoutLine: {'line': b"writing manifest file 'nav_hw_interfaces.egg-info/SOURCES.txt'\n"}
[3.128329] (-) TimerEvent: {}
[3.158330] (nav_hw_interfaces) StdoutLine: {'line': b'[  9%] Built target ament_cmake_python_build_nav_hw_interfaces_egg\n'}
[3.161781] (nav_hw_interfaces) StdoutLine: {'line': b'[ 12%] \x1b[32mBuilding C object CMakeFiles/nav_hw_interfaces__rosidl_generator_c.dir/rosidl_generator_c/nav_hw_interfaces/msg/detail/sensor_data__functions.c.o\x1b[0m\n'}
[3.162285] (nav_hw_interfaces) StdoutLine: {'line': b'[ 12%] Built target nav_hw_interfaces__cpp\n'}
[3.187294] (nav_hw_interfaces) StdoutLine: {'line': b'[ 12%] Built target nav_hw_interfaces__rs\n'}
[3.187476] (nav_hw_interfaces) StdoutLine: {'line': b'[ 15%] \x1b[34m\x1b[1mGenerating C++ type support for eProsima Fast-RTPS\x1b[0m\n'}
[3.190390] (nav_hw_interfaces) StdoutLine: {'line': b'[ 18%] \x1b[34m\x1b[1mGenerating C++ introspection for ROS interfaces\x1b[0m\n'}
[3.222035] (nav_hw_interfaces) StdoutLine: {'line': b'[ 21%] \x1b[34m\x1b[1mGenerating C++ type support dispatch for ROS interfaces\x1b[0m\n'}
[3.228420] (-) TimerEvent: {}
[3.328940] (-) TimerEvent: {}
[3.329528] (nav_hw_interfaces) StdoutLine: {'line': b'[ 25%] \x1b[32m\x1b[1mLinking C shared library libnav_hw_interfaces__rosidl_generator_c.so\x1b[0m\n'}
[3.425229] (nav_hw_interfaces) StdoutLine: {'line': b'[ 25%] Built target nav_hw_interfaces__rosidl_generator_c\n'}
[3.429022] (-) TimerEvent: {}
[3.453811] (nav_hw_interfaces) StdoutLine: {'line': b'[ 28%] \x1b[34m\x1b[1mGenerating C type support for eProsima Fast-RTPS\x1b[0m\n'}
[3.524254] (learning_pkg_python) StdoutLine: {'line': b'running egg_info\n'}
[3.524461] (learning_pkg_python) StdoutLine: {'line': b'creating ../../../build/learning_pkg_python/learning_pkg_python.egg-info\n'}
[3.524505] (learning_pkg_python) StdoutLine: {'line': b'writing ../../../build/learning_pkg_python/learning_pkg_python.egg-info/PKG-INFO\n'}
[3.524539] (learning_pkg_python) StdoutLine: {'line': b'writing dependency_links to ../../../build/learning_pkg_python/learning_pkg_python.egg-info/dependency_links.txt\n'}
[3.524568] (learning_pkg_python) StdoutLine: {'line': b'writing entry points to ../../../build/learning_pkg_python/learning_pkg_python.egg-info/entry_points.txt\n'}
[3.524595] (learning_pkg_python) StdoutLine: {'line': b'writing requirements to ../../../build/learning_pkg_python/learning_pkg_python.egg-info/requires.txt\n'}
[3.524622] (learning_pkg_python) StdoutLine: {'line': b'writing top-level names to ../../../build/learning_pkg_python/learning_pkg_python.egg-info/top_level.txt\n'}
[3.528301] (learning_pkg_python) StdoutLine: {'line': b"writing manifest file '../../../build/learning_pkg_python/learning_pkg_python.egg-info/SOURCES.txt'\n"}
[3.528426] (learning_pkg_python) StdoutLine: {'line': b"reading manifest file '../../../build/learning_pkg_python/learning_pkg_python.egg-info/SOURCES.txt'\n"}
[3.528464] (learning_pkg_python) StdoutLine: {'line': b"writing manifest file '../../../build/learning_pkg_python/learning_pkg_python.egg-info/SOURCES.txt'\n"}
[3.528713] (learning_pkg_python) StdoutLine: {'line': b'running build\n'}
[3.529002] (learning_pkg_python) StdoutLine: {'line': b'running build_py\n'}
[3.529103] (-) TimerEvent: {}
[3.529517] (learning_pkg_python) StdoutLine: {'line': b'creating /home/ocrv/sp_vision_tutorial_27/lecture4/build/learning_pkg_python/build\n'}
[3.529585] (learning_pkg_python) StdoutLine: {'line': b'creating /home/ocrv/sp_vision_tutorial_27/lecture4/build/learning_pkg_python/build/lib\n'}
[3.529629] (learning_pkg_python) StdoutLine: {'line': b'creating /home/ocrv/sp_vision_tutorial_27/lecture4/build/learning_pkg_python/build/lib/learning_pkg_python\n'}
[3.529680] (learning_pkg_python) StdoutLine: {'line': b'copying learning_pkg_python/__init__.py -> /home/ocrv/sp_vision_tutorial_27/lecture4/build/learning_pkg_python/build/lib/learning_pkg_python\n'}
[3.529746] (learning_pkg_python) StdoutLine: {'line': b'running install\n'}
[3.534438] (learning_pkg_python) StdoutLine: {'line': b'running install_lib\n'}
[3.535402] (learning_pkg_python) StdoutLine: {'line': b'creating /home/ocrv/sp_vision_tutorial_27/lecture4/install/learning_pkg_python/lib/python3.10/site-packages/learning_pkg_python\n'}
[3.535532] (learning_pkg_python) StdoutLine: {'line': b'copying /home/ocrv/sp_vision_tutorial_27/lecture4/build/learning_pkg_python/build/lib/learning_pkg_python/__init__.py -> /home/ocrv/sp_vision_tutorial_27/lecture4/install/learning_pkg_python/lib/python3.10/site-packages/learning_pkg_python\n'}
[3.535590] (learning_pkg_python) StdoutLine: {'line': b'byte-compiling /home/ocrv/sp_vision_tutorial_27/lecture4/install/learning_pkg_python/lib/python3.10/site-packages/learning_pkg_python/__init__.py to __init__.cpython-310.pyc\n'}
[3.535640] (learning_pkg_python) StdoutLine: {'line': b'running install_data\n'}
[3.535684] (learning_pkg_python) StdoutLine: {'line': b'creating /home/ocrv/sp_vision_tutorial_27/lecture4/install/learning_pkg_python/share/ament_index\n'}
[3.535728] (learning_pkg_python) StdoutLine: {'line': b'creating /home/ocrv/sp_vision_tutorial_27/lecture4/install/learning_pkg_python/share/ament_index/resource_index\n'}
[3.535769] (learning_pkg_python) StdoutLine: {'line': b'creating /home/ocrv/sp_vision_tutorial_27/lecture4/install/learning_pkg_python/share/ament_index/resource_index/packages\n'}
[3.535809] (learning_pkg_python) StdoutLine: {'line': b'copying resource/learning_pkg_python -> /home/ocrv/sp_vision_tutorial_27/lecture4/install/learning_pkg_python/share/ament_index/resource_index/packages\n'}
[3.535851] (learning_pkg_python) StdoutLine: {'line': b'copying package.xml -> /home/ocrv/sp_vision_tutorial_27/lecture4/install/learning_pkg_python/share/learning_pkg_python\n'}
[3.535891] (learning_pkg_python) StdoutLine: {'line': b'running install_egg_info\n'}
[3.540261] (learning_pkg_python) StdoutLine: {'line': b'Copying ../../../build/learning_pkg_python/learning_pkg_python.egg-info to /home/ocrv/sp_vision_tutorial_27/lecture4/install/learning_pkg_python/lib/python3.10/site-packages/learning_pkg_python-0.0.0-py3.10.egg-info\n'}
[3.542308] (learning_pkg_python) StdoutLine: {'line': b'running install_scripts\n'}
[3.600277] (learning_pkg_python) StdoutLine: {'line': b"writing list of installed files to '/home/ocrv/sp_vision_tutorial_27/lecture4/build/learning_pkg_python/install.log'\n"}
[3.630099] (-) TimerEvent: {}
[3.642634] (nav_hw_interfaces) StdoutLine: {'line': b'[ 31%] \x1b[32mBuilding CXX object CMakeFiles/nav_hw_interfaces__rosidl_typesupport_cpp.dir/rosidl_typesupport_cpp/nav_hw_interfaces/msg/sensor_data__type_support.cpp.o\x1b[0m\n'}
[3.647296] (learning_pkg_python) CommandEnded: {'returncode': 0}
[3.672643] (learning_pkg_python) JobEnded: {'identifier': 'learning_pkg_python', 'rc': 0}
[3.675359] (srv_learning) JobStarted: {'identifier': 'srv_learning'}
[3.686843] (nav_hw_interfaces) StdoutLine: {'line': b'[ 34%] \x1b[32mBuilding CXX object CMakeFiles/nav_hw_interfaces__rosidl_typesupport_fastrtps_cpp.dir/rosidl_typesupport_fastrtps_cpp/nav_hw_interfaces/msg/detail/dds_fastrtps/sensor_data__type_support.cpp.o\x1b[0m\n'}
[3.703003] (srv_learning) JobProgress: {'identifier': 'srv_learning', 'progress': 'cmake'}
[3.704226] (srv_learning) Command: {'cmd': ['/usr/bin/cmake', '/home/ocrv/sp_vision_tutorial_27/lecture4/src/ep2/srv_learning', '-DCMAKE_INSTALL_PREFIX=/home/ocrv/sp_vision_tutorial_27/lecture4/install/srv_learning'], 'cwd': '/home/ocrv/sp_vision_tutorial_27/lecture4/build/srv_learning', 'env': OrderedDict([('LESSOPEN', '| /usr/bin/lesspipe %s'), ('LANGUAGE', 'zh_CN:en'), ('USER', 'ocrv'), ('LC_TIME', 'zh_CN.UTF-8'), ('XDG_SESSION_TYPE', 'x11'), ('ALLUSERSPROFILE', '/opt/MVS/MVFG'), ('GIT_ASKPASS', '/usr/share/code/resources/app/extensions/git/dist/askpass.sh'), ('SHLVL', '2'), ('LD_LIBRARY_PATH', '/opt/ros/humble/opt/rviz_ogre_vendor/lib:/opt/ros/humble/lib/x86_64-linux-gnu:/opt/ros/humble/lib:/opt/MVS/lib/64:/opt/MVS/lib/32:/opt/MVS/lib/64:/opt/MVS/lib/32:/opt/MVS/lib/64:/opt/MVS/lib/32:/opt/MVS/lib/64:/opt/MVS/lib/32:'), ('HOME', '/home/ocrv'), ('CHROME_DESKTOP', 'code.desktop'), ('OLDPWD', '/home/ocrv/sp_vision_tutorial_27/lecture4/src'), ('TERM_PROGRAM_VERSION', '1.103.2'), ('DESKTOP_SESSION', 'ubuntu'), ('ROS_PYTHON_VERSION', '3'), ('GNOME_SHELL_SESSION_MODE', 'ubuntu'), ('GTK_MODULES', 'gail:atk-bridge'), ('VSCODE_GIT_ASKPASS_MAIN', '/usr/share/code/resources/app/extensions/git/dist/askpass-main.js'), ('LC_MONETARY', 'zh_CN.UTF-8'), ('VSCODE_GIT_ASKPASS_NODE', '/usr/share/code/code'), ('SYSTEMD_EXEC_PID', '3342'), ('DBUS_SESSION_BUS_ADDRESS', 'unix:path=/run/user/1000/bus'), ('COLORTERM', 'truecolor'), ('ROS_DISTRO', 'humble'), ('GTK_IM_MODULE', 'ibus'), ('LOGNAME', 'ocrv'), ('_', '/usr/bin/colcon'), ('ROS_VERSION', '2'), ('XDG_SESSION_CLASS', 'user'), ('USERNAME', 'ocrv'), ('TERM', 'xterm-256color'), ('GNOME_DESKTOP_SESSION_ID', 'this-is-deprecated'), ('ROS_LOCALHOST_ONLY', '0'), ('WINDOWPATH', '2'), ('MVCAM_SDK_PATH', '/opt/MVS'), ('PATH', '/opt/ros/humble/bin:/usr/local/sbin:/usr/local/bin:/usr/sbin:/usr/bin:/sbin:/bin:/usr/games:/usr/local/games:/snap/bin:/snap/bin'), ('SESSION_MANAGER', 'local/ocrv-virtual-machine:@/tmp/.ICE-unix/3149,unix/ocrv-virtual-machine:/tmp/.ICE-unix/3149'), ('MVCAM_GENICAM_CLPROTOCOL', '/opt/MVS/lib/CLProtocol'), ('PAPERSIZE', 'a4'), ('XDG_MENU_PREFIX', 'gnome-'), ('LC_ADDRESS', 'zh_CN.UTF-8'), ('GNOME_TERMINAL_SCREEN', '/org/gnome/Terminal/screen/c234ed7f_a8af_4c7b_8272_e118f06c194b'), ('XDG_RUNTIME_DIR', '/run/user/1000'), ('GDK_BACKEND', 'x11'), ('DISPLAY', ':0'), ('LANG', 'zh_CN.UTF-8'), ('XDG_CURRENT_DESKTOP', 'Unity'), ('LC_TELEPHONE', 'zh_CN.UTF-8'), ('XMODIFIERS', '@im=ibus'), ('XDG_SESSION_DESKTOP', 'ubuntu'), ('XAUTHORITY', '/run/user/1000/gdm/Xauthority'), ('LS_COLORS', 'rs=0:di=01;34:ln=01;36:mh=00:pi=40;33:so=01;35:do=01;35:bd=40;33;01:cd=40;33;01:or=40;31;01:mi=00:su=37;41:sg=30;43:ca=30;41:tw=30;42:ow=34;42:st=37;44:ex=01;32:*.tar=01;31:*.tgz=01;31:*.arc=01;31:*.arj=01;31:*.taz=01;31:*.lha=01;31:*.lz4=01;31:*.lzh=01;31:*.lzma=01;31:*.tlz=01;31:*.txz=01;31:*.tzo=01;31:*.t7z=01;31:*.zip=01;31:*.z=01;31:*.dz=01;31:*.gz=01;31:*.lrz=01;31:*.lz=01;31:*.lzo=01;31:*.xz=01;31:*.zst=01;31:*.tzst=01;31:*.bz2=01;31:*.bz=01;31:*.tbz=01;31:*.tbz2=01;31:*.tz=01;31:*.deb=01;31:*.rpm=01;31:*.jar=01;31:*.war=01;31:*.ear=01;31:*.sar=01;31:*.rar=01;31:*.alz=01;31:*.ace=01;31:*.zoo=01;31:*.cpio=01;31:*.7z=01;31:*.rz=01;31:*.cab=01;31:*.wim=01;31:*.swm=01;31:*.dwm=01;31:*.esd=01;31:*.jpg=01;35:*.jpeg=01;35:*.mjpg=01;35:*.mjpeg=01;35:*.gif=01;35:*.bmp=01;35:*.pbm=01;35:*.pgm=01;35:*.ppm=01;35:*.tga=01;35:*.xbm=01;35:*.xpm=01;35:*.tif=01;35:*.tiff=01;35:*.png=01;35:*.svg=01;35:*.svgz=01;35:*.mng=01;35:*.pcx=01;35:*.mov=01;35:*.mpg=01;35:*.mpeg=01;35:*.m2v=01;35:*.mkv=01;35:*.webm=01;35:*.webp=01;35:*.ogm=01;35:*.mp4=01;35:*.m4v=01;35:*.mp4v=01;35:*.vob=01;35:*.qt=01;35:*.nuv=01;35:*.wmv=01;35:*.asf=01;35:*.rm=01;35:*.rmvb=01;35:*.flc=01;35:*.avi=01;35:*.fli=01;35:*.flv=01;35:*.gl=01;35:*.dl=01;35:*.xcf=01;35:*.xwd=01;35:*.yuv=01;35:*.cgm=01;35:*.emf=01;35:*.ogv=01;35:*.ogx=01;35:*.aac=00;36:*.au=00;36:*.flac=00;36:*.m4a=00;36:*.mid=00;36:*.midi=00;36:*.mka=00;36:*.mp3=00;36:*.mpc=00;36:*.ogg=00;36:*.ra=00;36:*.wav=00;36:*.oga=00;36:*.opus=00;36:*.spx=00;36:*.xspf=00;36:'), ('VSCODE_GIT_IPC_HANDLE', '/run/user/1000/vscode-git-963eea5680.sock'), ('GNOME_TERMINAL_SERVICE', ':1.132'), ('TERM_PROGRAM', 'vscode'), ('SSH_AGENT_LAUNCHER', 'gnome-keyring'), ('SSH_AUTH_SOCK', '/run/user/1000/keyring/ssh'), ('AMENT_PREFIX_PATH', '/opt/ros/humble'), ('ORIGINAL_XDG_CURRENT_DESKTOP', 'ubuntu:GNOME'), ('SHELL', '/bin/bash'), ('LC_NAME', 'zh_CN.UTF-8'), ('QT_ACCESSIBILITY', '1'), ('NO_AT_BRIDGE', '1'), ('GDMSESSION', 'ubuntu'), ('LESSCLOSE', '/usr/bin/lesspipe %s %s'), ('LC_MEASUREMENT', 'zh_CN.UTF-8'), ('GPG_AGENT_INFO', '/run/user/1000/gnupg/S.gpg-agent:0:1'), ('LC_IDENTIFICATION', 'zh_CN.UTF-8'), ('VSCODE_GIT_ASKPASS_EXTRA_ARGS', ''), ('QT_IM_MODULE', 'ibus'), ('PWD', '/home/ocrv/sp_vision_tutorial_27/lecture4/build/srv_learning'), ('XDG_CONFIG_DIRS', '/etc/xdg/xdg-ubuntu:/etc/xdg'), ('XDG_DATA_DIRS', '/usr/share/ubuntu:/usr/share/gnome:/usr/local/share/:/usr/share/:/var/lib/snapd/desktop'), ('PYTHONPATH', '/opt/ros/humble/lib/python3.10/site-packages:/opt/ros/humble/local/lib/python3.10/dist-packages'), ('LC_NUMERIC', 'zh_CN.UTF-8'), ('MVCAM_SDK_VERSION', ''), ('LC_PAPER', 'zh_CN.UTF-8'), ('COLCON', '1'), ('VTE_VERSION', '6800'), ('MVCAM_COMMON_RUNENV', '/opt/MVS/lib'), ('CMAKE_PREFIX_PATH', '/opt/ros/humble')]), 'shell': False}
[3.728321] (nav_hw_interfaces) StdoutLine: {'line': b'[ 37%] \x1b[32mBuilding CXX object CMakeFiles/nav_hw_interfaces__rosidl_typesupport_introspection_cpp.dir/rosidl_typesupport_introspection_cpp/nav_hw_interfaces/msg/detail/sensor_data__type_support.cpp.o\x1b[0m\n'}
[3.730175] (-) TimerEvent: {}
[3.830773] (-) TimerEvent: {}
[3.841408] (nav_hw_interfaces) StdoutLine: {'line': b'[ 40%] \x1b[32mBuilding CXX object CMakeFiles/nav_hw_interfaces__rosidl_typesupport_fastrtps_c.dir/rosidl_typesupport_fastrtps_c/nav_hw_interfaces/msg/detail/sensor_data__type_support_c.cpp.o\x1b[0m\n'}
[3.876870] (srv_learning) StdoutLine: {'line': b'-- The C compiler identification is GNU 11.4.0\n'}
[3.931517] (-) TimerEvent: {}
[4.033307] (-) TimerEvent: {}
[4.052666] (srv_learning) StdoutLine: {'line': b'-- The CXX compiler identification is GNU 11.4.0\n'}
[4.069276] (srv_learning) StdoutLine: {'line': b'-- Detecting C compiler ABI info\n'}
[4.133424] (-) TimerEvent: {}
[4.170628] (nav_hw_interfaces) StdoutLine: {'line': b'[ 43%] \x1b[32m\x1b[1mLinking CXX shared library libnav_hw_interfaces__rosidl_typesupport_cpp.so\x1b[0m\n'}
[4.233556] (-) TimerEvent: {}
[4.244355] (srv_learning) StdoutLine: {'line': b'-- Detecting C compiler ABI info - done\n'}
[4.254185] (srv_learning) StdoutLine: {'line': b'-- Check for working C compiler: /usr/bin/cc - skipped\n'}
[4.255497] (srv_learning) StdoutLine: {'line': b'-- Detecting C compile features\n'}
[4.255622] (srv_learning) StdoutLine: {'line': b'-- Detecting C compile features - done\n'}
[4.260553] (srv_learning) StdoutLine: {'line': b'-- Detecting CXX compiler ABI info\n'}
[4.268957] (nav_hw_interfaces) StdoutLine: {'line': b'[ 43%] Built target nav_hw_interfaces__rosidl_typesupport_cpp\n'}
[4.312214] (nav_hw_interfaces) StdoutLine: {'line': b'[ 46%] \x1b[34m\x1b[1mGenerating C introspection for ROS interfaces\x1b[0m\n'}
[4.317529] (nav_hw_interfaces) StdoutLine: {'line': b'[ 50%] \x1b[32m\x1b[1mLinking CXX shared library libnav_hw_interfaces__rosidl_typesupport_fastrtps_cpp.so\x1b[0m\n'}
[4.336733] (-) TimerEvent: {}
[4.393301] (srv_learning) StdoutLine: {'line': b'-- Detecting CXX compiler ABI info - done\n'}
[4.406347] (srv_learning) StdoutLine: {'line': b'-- Check for working CXX compiler: /usr/bin/c++ - skipped\n'}
[4.406508] (srv_learning) StdoutLine: {'line': b'-- Detecting CXX compile features\n'}
[4.406544] (srv_learning) StdoutLine: {'line': b'-- Detecting CXX compile features - done\n'}
[4.407543] (srv_learning) StdoutLine: {'line': b'-- Found ament_cmake: 1.3.14 (/opt/ros/humble/share/ament_cmake/cmake)\n'}
[4.437103] (-) TimerEvent: {}
[4.473410] (nav_hw_interfaces) StdoutLine: {'line': b'[ 50%] Built target nav_hw_interfaces__rosidl_typesupport_fastrtps_cpp\n'}
[4.500800] (nav_hw_interfaces) StdoutLine: {'line': b'[ 53%] \x1b[34m\x1b[1mGenerating C type support dispatch for ROS interfaces\x1b[0m\n'}
[4.537466] (-) TimerEvent: {}
[4.638132] (-) TimerEvent: {}
[4.727334] (srv_learning) StdoutLine: {'line': b'-- Found Python3: /usr/bin/python3 (found version "3.10.12") found components: Interpreter \n'}
[4.740352] (-) TimerEvent: {}
[4.742344] (nav_hw_interfaces) StdoutLine: {'line': b'[ 56%] \x1b[32m\x1b[1mLinking CXX shared library libnav_hw_interfaces__rosidl_typesupport_introspection_cpp.so\x1b[0m\n'}
[4.764802] (nav_hw_interfaces) StdoutLine: {'line': b'[ 59%] \x1b[32m\x1b[1mLinking CXX shared library libnav_hw_interfaces__rosidl_typesupport_fastrtps_c.so\x1b[0m\n'}
[4.840465] (-) TimerEvent: {}
[4.880840] (nav_hw_interfaces) StdoutLine: {'line': b'[ 62%] \x1b[32mBuilding CXX object CMakeFiles/nav_hw_interfaces__rosidl_typesupport_c.dir/rosidl_typesupport_c/nav_hw_interfaces/msg/sensor_data__type_support.cpp.o\x1b[0m\n'}
[4.889924] (nav_hw_interfaces) StdoutLine: {'line': b'[ 65%] \x1b[32mBuilding C object CMakeFiles/nav_hw_interfaces__rosidl_typesupport_introspection_c.dir/rosidl_typesupport_introspection_c/nav_hw_interfaces/msg/detail/sensor_data__type_support.c.o\x1b[0m\n'}
[4.906360] (nav_hw_interfaces) StdoutLine: {'line': b'[ 65%] Built target nav_hw_interfaces__rosidl_typesupport_introspection_cpp\n'}
[4.935850] (nav_hw_interfaces) StdoutLine: {'line': b'[ 68%] \x1b[32m\x1b[1mLinking CXX shared library libnav_hw_interfaces__rosidl_typesupport_c.so\x1b[0m\n'}
[4.940546] (-) TimerEvent: {}
[4.942279] (nav_hw_interfaces) StdoutLine: {'line': b'[ 71%] \x1b[32m\x1b[1mLinking C shared library libnav_hw_interfaces__rosidl_typesupport_introspection_c.so\x1b[0m\n'}
[4.948275] (srv_learning) StdoutLine: {'line': b'-- Found rclcpp: 16.0.21 (/opt/ros/humble/share/rclcpp/cmake)\n'}
[5.000139] (srv_learning) StdoutLine: {'line': b'-- Found rosidl_generator_c: 3.1.9 (/opt/ros/humble/share/rosidl_generator_c/cmake)\n'}
[5.006334] (srv_learning) StdoutLine: {'line': b'-- Found rosidl_adapter: 3.1.9 (/opt/ros/humble/share/rosidl_adapter/cmake)\n'}
[5.017374] (srv_learning) StdoutLine: {'line': b'-- Found rosidl_generator_cpp: 3.1.9 (/opt/ros/humble/share/rosidl_generator_cpp/cmake)\n'}
[5.020173] (nav_hw_interfaces) StdoutLine: {'line': b'[ 71%] Built target nav_hw_interfaces__rosidl_typesupport_introspection_c\n'}
[5.024615] (nav_hw_interfaces) StdoutLine: {'line': b'[ 71%] Built target nav_hw_interfaces__rosidl_typesupport_fastrtps_c\n'}
[5.030785] (srv_learning) StdoutLine: {'line': b'-- Using all available rosidl_typesupport_c: rosidl_typesupport_fastrtps_c;rosidl_typesupport_introspection_c\n'}
[5.039836] (nav_hw_interfaces) StdoutLine: {'line': b'[ 71%] Built target nav_hw_interfaces__rosidl_typesupport_c\n'}
[5.041234] (-) TimerEvent: {}
[5.042569] (srv_learning) StdoutLine: {'line': b'-- Using all available rosidl_typesupport_cpp: rosidl_typesupport_fastrtps_cpp;rosidl_typesupport_introspection_cpp\n'}
[5.098740] (nav_hw_interfaces) StdoutLine: {'line': b'[ 71%] Built target nav_hw_interfaces\n'}
[5.143019] (-) TimerEvent: {}
[5.151407] (nav_hw_interfaces) StdoutLine: {'line': b'[ 75%] \x1b[34m\x1b[1mGenerating Python code for ROS interfaces\x1b[0m\n'}
[5.161562] (srv_learning) StdoutLine: {'line': b'-- Found rmw_implementation_cmake: 6.1.4 (/opt/ros/humble/share/rmw_implementation_cmake/cmake)\n'}
[5.161727] (srv_learning) StdoutLine: {'line': b'-- Found rmw_fastrtps_cpp: 6.2.10 (/opt/ros/humble/share/rmw_fastrtps_cpp/cmake)\n'}
[5.243273] (-) TimerEvent: {}
[5.311254] (srv_learning) StdoutLine: {'line': b'-- Found OpenSSL: /usr/lib/x86_64-linux-gnu/libcrypto.so (found version "3.0.2")  \n'}
[5.343376] (-) TimerEvent: {}
[5.345811] (srv_learning) StdoutLine: {'line': b'-- Found FastRTPS: /opt/ros/humble/include  \n'}
[5.413807] (srv_learning) StdoutLine: {'line': b"-- Using RMW implementation 'rmw_fastrtps_cpp' as default\n"}
[5.424811] (srv_learning) StdoutLine: {'line': b'-- Looking for pthread.h\n'}
[5.444295] (-) TimerEvent: {}
[5.510455] (nav_hw_interfaces) StdoutLine: {'line': b'[ 75%] Built target nav_hw_interfaces__py\n'}
[5.528193] (nav_hw_interfaces) StdoutLine: {'line': b'[ 78%] \x1b[32mBuilding C object CMakeFiles/nav_hw_interfaces__rosidl_generator_py.dir/rosidl_generator_py/nav_hw_interfaces/msg/_sensor_data_s.c.o\x1b[0m\n'}
[5.544420] (-) TimerEvent: {}
[5.601937] (srv_learning) StdoutLine: {'line': b'-- Looking for pthread.h - found\n'}
[5.602442] (srv_learning) StdoutLine: {'line': b'-- Performing Test CMAKE_HAVE_LIBC_PTHREAD\n'}
[5.644533] (-) TimerEvent: {}
[5.714593] (srv_learning) StdoutLine: {'line': b'-- Performing Test CMAKE_HAVE_LIBC_PTHREAD - Success\n'}
[5.715586] (srv_learning) StdoutLine: {'line': b'-- Found Threads: TRUE  \n'}
[5.747163] (-) TimerEvent: {}
[5.751387] (nav_hw_interfaces) StdoutLine: {'line': b'[ 81%] \x1b[32m\x1b[1mLinking C shared library rosidl_generator_py/nav_hw_interfaces/libnav_hw_interfaces__rosidl_generator_py.so\x1b[0m\n'}
[5.782298] (srv_learning) StdoutLine: {'line': b'-- Found example_interfaces: 0.9.3 (/opt/ros/humble/share/example_interfaces/cmake)\n'}
[5.828327] (nav_hw_interfaces) StdoutLine: {'line': b'[ 81%] Built target nav_hw_interfaces__rosidl_generator_py\n'}
[5.847339] (-) TimerEvent: {}
[5.861613] (nav_hw_interfaces) StdoutLine: {'line': b'[ 84%] \x1b[32mBuilding C object CMakeFiles/nav_hw_interfaces__rosidl_typesupport_c__pyext.dir/rosidl_generator_py/nav_hw_interfaces/_nav_hw_interfaces_s.ep.rosidl_typesupport_c.c.o\x1b[0m\n'}
[5.866483] (srv_learning) StdoutLine: {'line': b'-- Found ament_lint_auto: 0.12.15 (/opt/ros/humble/share/ament_lint_auto/cmake)\n'}
[5.874646] (nav_hw_interfaces) StdoutLine: {'line': b'[ 87%] \x1b[32mBuilding C object CMakeFiles/nav_hw_interfaces__rosidl_typesupport_introspection_c__pyext.dir/rosidl_generator_py/nav_hw_interfaces/_nav_hw_interfaces_s.ep.rosidl_typesupport_introspection_c.c.o\x1b[0m\n'}
[5.885710] (nav_hw_interfaces) StdoutLine: {'line': b'[ 90%] \x1b[32mBuilding C object CMakeFiles/nav_hw_interfaces__rosidl_typesupport_fastrtps_c__pyext.dir/rosidl_generator_py/nav_hw_interfaces/_nav_hw_interfaces_s.ep.rosidl_typesupport_fastrtps_c.c.o\x1b[0m\n'}
[5.948502] (-) TimerEvent: {}
[6.011472] (nav_hw_interfaces) StdoutLine: {'line': b'[ 93%] \x1b[32m\x1b[1mLinking C shared library rosidl_generator_py/nav_hw_interfaces/nav_hw_interfaces_s__rosidl_typesupport_introspection_c.cpython-310-x86_64-linux-gnu.so\x1b[0m\n'}
[6.014422] (srv_learning) StdoutLine: {'line': b"-- Added test 'cppcheck' to perform static code analysis on C / C++ code\n"}
[6.018270] (srv_learning) StdoutLine: {'line': b'-- Configured cppcheck include dirs: \n'}
[6.018410] (srv_learning) StdoutLine: {'line': b'-- Configured cppcheck exclude dirs and/or files: \n'}
[6.018748] (srv_learning) StdoutLine: {'line': b"-- Added test 'lint_cmake' to check CMake code style\n"}
[6.018801] (srv_learning) StdoutLine: {'line': b"-- Added test 'uncrustify' to check C / C++ code style\n"}
[6.018832] (srv_learning) StdoutLine: {'line': b'-- Configured uncrustify additional arguments: \n'}
[6.019028] (srv_learning) StdoutLine: {'line': b"-- Added test 'xmllint' to check XML markup files\n"}
[6.019742] (srv_learning) StdoutLine: {'line': b'-- Configuring done\n'}
[6.034112] (srv_learning) StdoutLine: {'line': b'-- Generating done\n'}
[6.039103] (srv_learning) StdoutLine: {'line': b'-- Build files have been written to: /home/ocrv/sp_vision_tutorial_27/lecture4/build/srv_learning\n'}
[6.048631] (-) TimerEvent: {}
[6.052375] (nav_hw_interfaces) StdoutLine: {'line': b'[ 96%] \x1b[32m\x1b[1mLinking C shared library rosidl_generator_py/nav_hw_interfaces/nav_hw_interfaces_s__rosidl_typesupport_c.cpython-310-x86_64-linux-gnu.so\x1b[0m\n'}
[6.082308] (srv_learning) CommandEnded: {'returncode': 0}
[6.084449] (srv_learning) JobProgress: {'identifier': 'srv_learning', 'progress': 'build'}
[6.084476] (srv_learning) Command: {'cmd': ['/usr/bin/cmake', '--build', '/home/ocrv/sp_vision_tutorial_27/lecture4/build/srv_learning', '--', '-j4', '-l4'], 'cwd': '/home/ocrv/sp_vision_tutorial_27/lecture4/build/srv_learning', 'env': OrderedDict([('LESSOPEN', '| /usr/bin/lesspipe %s'), ('LANGUAGE', 'zh_CN:en'), ('USER', 'ocrv'), ('LC_TIME', 'zh_CN.UTF-8'), ('XDG_SESSION_TYPE', 'x11'), ('ALLUSERSPROFILE', '/opt/MVS/MVFG'), ('GIT_ASKPASS', '/usr/share/code/resources/app/extensions/git/dist/askpass.sh'), ('SHLVL', '2'), ('LD_LIBRARY_PATH', '/opt/ros/humble/opt/rviz_ogre_vendor/lib:/opt/ros/humble/lib/x86_64-linux-gnu:/opt/ros/humble/lib:/opt/MVS/lib/64:/opt/MVS/lib/32:/opt/MVS/lib/64:/opt/MVS/lib/32:/opt/MVS/lib/64:/opt/MVS/lib/32:/opt/MVS/lib/64:/opt/MVS/lib/32:'), ('HOME', '/home/ocrv'), ('CHROME_DESKTOP', 'code.desktop'), ('OLDPWD', '/home/ocrv/sp_vision_tutorial_27/lecture4/src'), ('TERM_PROGRAM_VERSION', '1.103.2'), ('DESKTOP_SESSION', 'ubuntu'), ('ROS_PYTHON_VERSION', '3'), ('GNOME_SHELL_SESSION_MODE', 'ubuntu'), ('GTK_MODULES', 'gail:atk-bridge'), ('VSCODE_GIT_ASKPASS_MAIN', '/usr/share/code/resources/app/extensions/git/dist/askpass-main.js'), ('LC_MONETARY', 'zh_CN.UTF-8'), ('VSCODE_GIT_ASKPASS_NODE', '/usr/share/code/code'), ('SYSTEMD_EXEC_PID', '3342'), ('DBUS_SESSION_BUS_ADDRESS', 'unix:path=/run/user/1000/bus'), ('COLORTERM', 'truecolor'), ('ROS_DISTRO', 'humble'), ('GTK_IM_MODULE', 'ibus'), ('LOGNAME', 'ocrv'), ('_', '/usr/bin/colcon'), ('ROS_VERSION', '2'), ('XDG_SESSION_CLASS', 'user'), ('USERNAME', 'ocrv'), ('TERM', 'xterm-256color'), ('GNOME_DESKTOP_SESSION_ID', 'this-is-deprecated'), ('ROS_LOCALHOST_ONLY', '0'), ('WINDOWPATH', '2'), ('MVCAM_SDK_PATH', '/opt/MVS'), ('PATH', '/opt/ros/humble/bin:/usr/local/sbin:/usr/local/bin:/usr/sbin:/usr/bin:/sbin:/bin:/usr/games:/usr/local/games:/snap/bin:/snap/bin'), ('SESSION_MANAGER', 'local/ocrv-virtual-machine:@/tmp/.ICE-unix/3149,unix/ocrv-virtual-machine:/tmp/.ICE-unix/3149'), ('MVCAM_GENICAM_CLPROTOCOL', '/opt/MVS/lib/CLProtocol'), ('PAPERSIZE', 'a4'), ('XDG_MENU_PREFIX', 'gnome-'), ('LC_ADDRESS', 'zh_CN.UTF-8'), ('GNOME_TERMINAL_SCREEN', '/org/gnome/Terminal/screen/c234ed7f_a8af_4c7b_8272_e118f06c194b'), ('XDG_RUNTIME_DIR', '/run/user/1000'), ('GDK_BACKEND', 'x11'), ('DISPLAY', ':0'), ('LANG', 'zh_CN.UTF-8'), ('XDG_CURRENT_DESKTOP', 'Unity'), ('LC_TELEPHONE', 'zh_CN.UTF-8'), ('XMODIFIERS', '@im=ibus'), ('XDG_SESSION_DESKTOP', 'ubuntu'), ('XAUTHORITY', '/run/user/1000/gdm/Xauthority'), ('LS_COLORS', 'rs=0:di=01;34:ln=01;36:mh=00:pi=40;33:so=01;35:do=01;35:bd=40;33;01:cd=40;33;01:or=40;31;01:mi=00:su=37;41:sg=30;43:ca=30;41:tw=30;42:ow=34;42:st=37;44:ex=01;32:*.tar=01;31:*.tgz=01;31:*.arc=01;31:*.arj=01;31:*.taz=01;31:*.lha=01;31:*.lz4=01;31:*.lzh=01;31:*.lzma=01;31:*.tlz=01;31:*.txz=01;31:*.tzo=01;31:*.t7z=01;31:*.zip=01;31:*.z=01;31:*.dz=01;31:*.gz=01;31:*.lrz=01;31:*.lz=01;31:*.lzo=01;31:*.xz=01;31:*.zst=01;31:*.tzst=01;31:*.bz2=01;31:*.bz=01;31:*.tbz=01;31:*.tbz2=01;31:*.tz=01;31:*.deb=01;31:*.rpm=01;31:*.jar=01;31:*.war=01;31:*.ear=01;31:*.sar=01;31:*.rar=01;31:*.alz=01;31:*.ace=01;31:*.zoo=01;31:*.cpio=01;31:*.7z=01;31:*.rz=01;31:*.cab=01;31:*.wim=01;31:*.swm=01;31:*.dwm=01;31:*.esd=01;31:*.jpg=01;35:*.jpeg=01;35:*.mjpg=01;35:*.mjpeg=01;35:*.gif=01;35:*.bmp=01;35:*.pbm=01;35:*.pgm=01;35:*.ppm=01;35:*.tga=01;35:*.xbm=01;35:*.xpm=01;35:*.tif=01;35:*.tiff=01;35:*.png=01;35:*.svg=01;35:*.svgz=01;35:*.mng=01;35:*.pcx=01;35:*.mov=01;35:*.mpg=01;35:*.mpeg=01;35:*.m2v=01;35:*.mkv=01;35:*.webm=01;35:*.webp=01;35:*.ogm=01;35:*.mp4=01;35:*.m4v=01;35:*.mp4v=01;35:*.vob=01;35:*.qt=01;35:*.nuv=01;35:*.wmv=01;35:*.asf=01;35:*.rm=01;35:*.rmvb=01;35:*.flc=01;35:*.avi=01;35:*.fli=01;35:*.flv=01;35:*.gl=01;35:*.dl=01;35:*.xcf=01;35:*.xwd=01;35:*.yuv=01;35:*.cgm=01;35:*.emf=01;35:*.ogv=01;35:*.ogx=01;35:*.aac=00;36:*.au=00;36:*.flac=00;36:*.m4a=00;36:*.mid=00;36:*.midi=00;36:*.mka=00;36:*.mp3=00;36:*.mpc=00;36:*.ogg=00;36:*.ra=00;36:*.wav=00;36:*.oga=00;36:*.opus=00;36:*.spx=00;36:*.xspf=00;36:'), ('VSCODE_GIT_IPC_HANDLE', '/run/user/1000/vscode-git-963eea5680.sock'), ('GNOME_TERMINAL_SERVICE', ':1.132'), ('TERM_PROGRAM', 'vscode'), ('SSH_AGENT_LAUNCHER', 'gnome-keyring'), ('SSH_AUTH_SOCK', '/run/user/1000/keyring/ssh'), ('AMENT_PREFIX_PATH', '/opt/ros/humble'), ('ORIGINAL_XDG_CURRENT_DESKTOP', 'ubuntu:GNOME'), ('SHELL', '/bin/bash'), ('LC_NAME', 'zh_CN.UTF-8'), ('QT_ACCESSIBILITY', '1'), ('NO_AT_BRIDGE', '1'), ('GDMSESSION', 'ubuntu'), ('LESSCLOSE', '/usr/bin/lesspipe %s %s'), ('LC_MEASUREMENT', 'zh_CN.UTF-8'), ('GPG_AGENT_INFO', '/run/user/1000/gnupg/S.gpg-agent:0:1'), ('LC_IDENTIFICATION', 'zh_CN.UTF-8'), ('VSCODE_GIT_ASKPASS_EXTRA_ARGS', ''), ('QT_IM_MODULE', 'ibus'), ('PWD', '/home/ocrv/sp_vision_tutorial_27/lecture4/build/srv_learning'), ('XDG_CONFIG_DIRS', '/etc/xdg/xdg-ubuntu:/etc/xdg'), ('XDG_DATA_DIRS', '/usr/share/ubuntu:/usr/share/gnome:/usr/local/share/:/usr/share/:/var/lib/snapd/desktop'), ('PYTHONPATH', '/opt/ros/humble/lib/python3.10/site-packages:/opt/ros/humble/local/lib/python3.10/dist-packages'), ('LC_NUMERIC', 'zh_CN.UTF-8'), ('MVCAM_SDK_VERSION', ''), ('LC_PAPER', 'zh_CN.UTF-8'), ('COLCON', '1'), ('VTE_VERSION', '6800'), ('MVCAM_COMMON_RUNENV', '/opt/MVS/lib'), ('CMAKE_PREFIX_PATH', '/opt/ros/humble')]), 'shell': False}
[6.085669] (nav_hw_interfaces) StdoutLine: {'line': b'[100%] \x1b[32m\x1b[1mLinking C shared library rosidl_generator_py/nav_hw_interfaces/nav_hw_interfaces_s__rosidl_typesupport_fastrtps_c.cpython-310-x86_64-linux-gnu.so\x1b[0m\n'}
[6.124657] (nav_hw_interfaces) StdoutLine: {'line': b'[100%] Built target nav_hw_interfaces__rosidl_typesupport_introspection_c__pyext\n'}
[6.148753] (-) TimerEvent: {}
[6.156275] (nav_hw_interfaces) StdoutLine: {'line': b'[100%] Built target nav_hw_interfaces__rosidl_typesupport_c__pyext\n'}
[6.165344] (nav_hw_interfaces) StdoutLine: {'line': b'[100%] Built target nav_hw_interfaces__rosidl_typesupport_fastrtps_c__pyext\n'}
[6.195916] (nav_hw_interfaces) CommandEnded: {'returncode': 0}
[6.202313] (nav_hw_interfaces) JobProgress: {'identifier': 'nav_hw_interfaces', 'progress': 'install'}
[6.202914] (nav_hw_interfaces) Command: {'cmd': ['/usr/bin/cmake', '--install', '/home/ocrv/sp_vision_tutorial_27/lecture4/build/nav_hw_interfaces'], 'cwd': '/home/ocrv/sp_vision_tutorial_27/lecture4/build/nav_hw_interfaces', 'env': OrderedDict([('LESSOPEN', '| /usr/bin/lesspipe %s'), ('LANGUAGE', 'zh_CN:en'), ('USER', 'ocrv'), ('LC_TIME', 'zh_CN.UTF-8'), ('XDG_SESSION_TYPE', 'x11'), ('ALLUSERSPROFILE', '/opt/MVS/MVFG'), ('GIT_ASKPASS', '/usr/share/code/resources/app/extensions/git/dist/askpass.sh'), ('SHLVL', '2'), ('LD_LIBRARY_PATH', '/opt/ros/humble/opt/rviz_ogre_vendor/lib:/opt/ros/humble/lib/x86_64-linux-gnu:/opt/ros/humble/lib:/opt/MVS/lib/64:/opt/MVS/lib/32:/opt/MVS/lib/64:/opt/MVS/lib/32:/opt/MVS/lib/64:/opt/MVS/lib/32:/opt/MVS/lib/64:/opt/MVS/lib/32:'), ('HOME', '/home/ocrv'), ('CHROME_DESKTOP', 'code.desktop'), ('OLDPWD', '/home/ocrv/sp_vision_tutorial_27/lecture4/src'), ('TERM_PROGRAM_VERSION', '1.103.2'), ('DESKTOP_SESSION', 'ubuntu'), ('ROS_PYTHON_VERSION', '3'), ('GNOME_SHELL_SESSION_MODE', 'ubuntu'), ('GTK_MODULES', 'gail:atk-bridge'), ('VSCODE_GIT_ASKPASS_MAIN', '/usr/share/code/resources/app/extensions/git/dist/askpass-main.js'), ('LC_MONETARY', 'zh_CN.UTF-8'), ('VSCODE_GIT_ASKPASS_NODE', '/usr/share/code/code'), ('SYSTEMD_EXEC_PID', '3342'), ('DBUS_SESSION_BUS_ADDRESS', 'unix:path=/run/user/1000/bus'), ('COLORTERM', 'truecolor'), ('ROS_DISTRO', 'humble'), ('GTK_IM_MODULE', 'ibus'), ('LOGNAME', 'ocrv'), ('_', '/usr/bin/colcon'), ('ROS_VERSION', '2'), ('XDG_SESSION_CLASS', 'user'), ('USERNAME', 'ocrv'), ('TERM', 'xterm-256color'), ('GNOME_DESKTOP_SESSION_ID', 'this-is-deprecated'), ('ROS_LOCALHOST_ONLY', '0'), ('WINDOWPATH', '2'), ('MVCAM_SDK_PATH', '/opt/MVS'), ('PATH', '/opt/ros/humble/bin:/usr/local/sbin:/usr/local/bin:/usr/sbin:/usr/bin:/sbin:/bin:/usr/games:/usr/local/games:/snap/bin:/snap/bin'), ('SESSION_MANAGER', 'local/ocrv-virtual-machine:@/tmp/.ICE-unix/3149,unix/ocrv-virtual-machine:/tmp/.ICE-unix/3149'), ('MVCAM_GENICAM_CLPROTOCOL', '/opt/MVS/lib/CLProtocol'), ('PAPERSIZE', 'a4'), ('XDG_MENU_PREFIX', 'gnome-'), ('LC_ADDRESS', 'zh_CN.UTF-8'), ('GNOME_TERMINAL_SCREEN', '/org/gnome/Terminal/screen/c234ed7f_a8af_4c7b_8272_e118f06c194b'), ('XDG_RUNTIME_DIR', '/run/user/1000'), ('GDK_BACKEND', 'x11'), ('DISPLAY', ':0'), ('LANG', 'zh_CN.UTF-8'), ('XDG_CURRENT_DESKTOP', 'Unity'), ('LC_TELEPHONE', 'zh_CN.UTF-8'), ('XMODIFIERS', '@im=ibus'), ('XDG_SESSION_DESKTOP', 'ubuntu'), ('XAUTHORITY', '/run/user/1000/gdm/Xauthority'), ('LS_COLORS', 'rs=0:di=01;34:ln=01;36:mh=00:pi=40;33:so=01;35:do=01;35:bd=40;33;01:cd=40;33;01:or=40;31;01:mi=00:su=37;41:sg=30;43:ca=30;41:tw=30;42:ow=34;42:st=37;44:ex=01;32:*.tar=01;31:*.tgz=01;31:*.arc=01;31:*.arj=01;31:*.taz=01;31:*.lha=01;31:*.lz4=01;31:*.lzh=01;31:*.lzma=01;31:*.tlz=01;31:*.txz=01;31:*.tzo=01;31:*.t7z=01;31:*.zip=01;31:*.z=01;31:*.dz=01;31:*.gz=01;31:*.lrz=01;31:*.lz=01;31:*.lzo=01;31:*.xz=01;31:*.zst=01;31:*.tzst=01;31:*.bz2=01;31:*.bz=01;31:*.tbz=01;31:*.tbz2=01;31:*.tz=01;31:*.deb=01;31:*.rpm=01;31:*.jar=01;31:*.war=01;31:*.ear=01;31:*.sar=01;31:*.rar=01;31:*.alz=01;31:*.ace=01;31:*.zoo=01;31:*.cpio=01;31:*.7z=01;31:*.rz=01;31:*.cab=01;31:*.wim=01;31:*.swm=01;31:*.dwm=01;31:*.esd=01;31:*.jpg=01;35:*.jpeg=01;35:*.mjpg=01;35:*.mjpeg=01;35:*.gif=01;35:*.bmp=01;35:*.pbm=01;35:*.pgm=01;35:*.ppm=01;35:*.tga=01;35:*.xbm=01;35:*.xpm=01;35:*.tif=01;35:*.tiff=01;35:*.png=01;35:*.svg=01;35:*.svgz=01;35:*.mng=01;35:*.pcx=01;35:*.mov=01;35:*.mpg=01;35:*.mpeg=01;35:*.m2v=01;35:*.mkv=01;35:*.webm=01;35:*.webp=01;35:*.ogm=01;35:*.mp4=01;35:*.m4v=01;35:*.mp4v=01;35:*.vob=01;35:*.qt=01;35:*.nuv=01;35:*.wmv=01;35:*.asf=01;35:*.rm=01;35:*.rmvb=01;35:*.flc=01;35:*.avi=01;35:*.fli=01;35:*.flv=01;35:*.gl=01;35:*.dl=01;35:*.xcf=01;35:*.xwd=01;35:*.yuv=01;35:*.cgm=01;35:*.emf=01;35:*.ogv=01;35:*.ogx=01;35:*.aac=00;36:*.au=00;36:*.flac=00;36:*.m4a=00;36:*.mid=00;36:*.midi=00;36:*.mka=00;36:*.mp3=00;36:*.mpc=00;36:*.ogg=00;36:*.ra=00;36:*.wav=00;36:*.oga=00;36:*.opus=00;36:*.spx=00;36:*.xspf=00;36:'), ('VSCODE_GIT_IPC_HANDLE', '/run/user/1000/vscode-git-963eea5680.sock'), ('GNOME_TERMINAL_SERVICE', ':1.132'), ('TERM_PROGRAM', 'vscode'), ('SSH_AGENT_LAUNCHER', 'gnome-keyring'), ('SSH_AUTH_SOCK', '/run/user/1000/keyring/ssh'), ('AMENT_PREFIX_PATH', '/opt/ros/humble'), ('ORIGINAL_XDG_CURRENT_DESKTOP', 'ubuntu:GNOME'), ('SHELL', '/bin/bash'), ('LC_NAME', 'zh_CN.UTF-8'), ('QT_ACCESSIBILITY', '1'), ('NO_AT_BRIDGE', '1'), ('GDMSESSION', 'ubuntu'), ('LESSCLOSE', '/usr/bin/lesspipe %s %s'), ('LC_MEASUREMENT', 'zh_CN.UTF-8'), ('GPG_AGENT_INFO', '/run/user/1000/gnupg/S.gpg-agent:0:1'), ('LC_IDENTIFICATION', 'zh_CN.UTF-8'), ('VSCODE_GIT_ASKPASS_EXTRA_ARGS', ''), ('QT_IM_MODULE', 'ibus'), ('PWD', '/home/ocrv/sp_vision_tutorial_27/lecture4/build/nav_hw_interfaces'), ('XDG_CONFIG_DIRS', '/etc/xdg/xdg-ubuntu:/etc/xdg'), ('XDG_DATA_DIRS', '/usr/share/ubuntu:/usr/share/gnome:/usr/local/share/:/usr/share/:/var/lib/snapd/desktop'), ('PYTHONPATH', '/opt/ros/humble/lib/python3.10/site-packages:/opt/ros/humble/local/lib/python3.10/dist-packages'), ('LC_NUMERIC', 'zh_CN.UTF-8'), ('MVCAM_SDK_VERSION', ''), ('LC_PAPER', 'zh_CN.UTF-8'), ('COLCON', '1'), ('VTE_VERSION', '6800'), ('MVCAM_COMMON_RUNENV', '/opt/MVS/lib'), ('CMAKE_PREFIX_PATH', '/opt/ros/humble')]), 'shell': False}
[6.207295] (srv_learning) StdoutLine: {'line': b'[ 25%] \x1b[32mBuilding CXX object CMakeFiles/add_two_ints_service.dir/src/AddTwoInts_service.cpp.o\x1b[0m\n'}
[6.209323] (srv_learning) StdoutLine: {'line': b'[ 50%] \x1b[32mBuilding CXX object CMakeFiles/add_two_ints_client.dir/src/AddTwoInts_client.cpp.o\x1b[0m\n'}
[6.216326] (nav_hw_interfaces) StdoutLine: {'line': b'-- Install configuration: ""\n'}
[6.218746] (nav_hw_interfaces) StdoutLine: {'line': b'-- Installing: /home/ocrv/sp_vision_tutorial_27/lecture4/install/nav_hw_interfaces/share/ament_index/resource_index/rosidl_interfaces/nav_hw_interfaces\n'}
[6.219964] (nav_hw_interfaces) StdoutLine: {'line': b'-- Installing: /home/ocrv/sp_vision_tutorial_27/lecture4/install/nav_hw_interfaces/include/nav_hw_interfaces/nav_hw_interfaces\n'}
[6.228839] (nav_hw_interfaces) StdoutLine: {'line': b'-- Installing: /home/ocrv/sp_vision_tutorial_27/lecture4/install/nav_hw_interfaces/include/nav_hw_interfaces/nav_hw_interfaces/msg\n'}
[6.228964] (nav_hw_interfaces) StdoutLine: {'line': b'-- Installing: /home/ocrv/sp_vision_tutorial_27/lecture4/install/nav_hw_interfaces/include/nav_hw_interfaces/nav_hw_interfaces/msg/rosidl_generator_c__visibility_control.h\n'}
[6.229008] (nav_hw_interfaces) StdoutLine: {'line': b'-- Installing: /home/ocrv/sp_vision_tutorial_27/lecture4/install/nav_hw_interfaces/include/nav_hw_interfaces/nav_hw_interfaces/msg/detail\n'}
[6.229034] (nav_hw_interfaces) StdoutLine: {'line': b'-- Installing: /home/ocrv/sp_vision_tutorial_27/lecture4/install/nav_hw_interfaces/include/nav_hw_interfaces/nav_hw_interfaces/msg/detail/sensor_data__struct.h\n'}
[6.229059] (nav_hw_interfaces) StdoutLine: {'line': b'-- Installing: /home/ocrv/sp_vision_tutorial_27/lecture4/install/nav_hw_interfaces/include/nav_hw_interfaces/nav_hw_interfaces/msg/detail/sensor_data__type_support.h\n'}
[6.229083] (nav_hw_interfaces) StdoutLine: {'line': b'-- Installing: /home/ocrv/sp_vision_tutorial_27/lecture4/install/nav_hw_interfaces/include/nav_hw_interfaces/nav_hw_interfaces/msg/detail/sensor_data__functions.h\n'}
[6.229105] (nav_hw_interfaces) StdoutLine: {'line': b'-- Installing: /home/ocrv/sp_vision_tutorial_27/lecture4/install/nav_hw_interfaces/include/nav_hw_interfaces/nav_hw_interfaces/msg/detail/sensor_data__functions.c\n'}
[6.229127] (nav_hw_interfaces) StdoutLine: {'line': b'-- Installing: /home/ocrv/sp_vision_tutorial_27/lecture4/install/nav_hw_interfaces/include/nav_hw_interfaces/nav_hw_interfaces/msg/sensor_data.h\n'}
[6.229151] (nav_hw_interfaces) StdoutLine: {'line': b'-- Installing: /home/ocrv/sp_vision_tutorial_27/lecture4/install/nav_hw_interfaces/share/nav_hw_interfaces/environment/library_path.sh\n'}
[6.229175] (nav_hw_interfaces) StdoutLine: {'line': b'-- Installing: /home/ocrv/sp_vision_tutorial_27/lecture4/install/nav_hw_interfaces/share/nav_hw_interfaces/environment/library_path.dsv\n'}
[6.229199] (nav_hw_interfaces) StdoutLine: {'line': b'-- Installing: /home/ocrv/sp_vision_tutorial_27/lecture4/install/nav_hw_interfaces/lib/libnav_hw_interfaces__rosidl_generator_c.so\n'}
[6.229231] (nav_hw_interfaces) StdoutLine: {'line': b'-- Set runtime path of "/home/ocrv/sp_vision_tutorial_27/lecture4/install/nav_hw_interfaces/lib/libnav_hw_interfaces__rosidl_generator_c.so" to ""\n'}
[6.229255] (nav_hw_interfaces) StdoutLine: {'line': b'-- Up-to-date: /home/ocrv/sp_vision_tutorial_27/lecture4/install/nav_hw_interfaces/include/nav_hw_interfaces/nav_hw_interfaces\n'}
[6.229277] (nav_hw_interfaces) StdoutLine: {'line': b'-- Up-to-date: /home/ocrv/sp_vision_tutorial_27/lecture4/install/nav_hw_interfaces/include/nav_hw_interfaces/nav_hw_interfaces/msg\n'}
[6.229299] (nav_hw_interfaces) StdoutLine: {'line': b'-- Installing: /home/ocrv/sp_vision_tutorial_27/lecture4/install/nav_hw_interfaces/include/nav_hw_interfaces/nav_hw_interfaces/msg/rosidl_typesupport_fastrtps_c__visibility_control.h\n'}
[6.229324] (nav_hw_interfaces) StdoutLine: {'line': b'-- Up-to-date: /home/ocrv/sp_vision_tutorial_27/lecture4/install/nav_hw_interfaces/include/nav_hw_interfaces/nav_hw_interfaces/msg/detail\n'}
[6.229346] (nav_hw_interfaces) StdoutLine: {'line': b'-- Installing: /home/ocrv/sp_vision_tutorial_27/lecture4/install/nav_hw_interfaces/include/nav_hw_interfaces/nav_hw_interfaces/msg/detail/sensor_data__rosidl_typesupport_fastrtps_c.h\n'}
[6.229366] (nav_hw_interfaces) StdoutLine: {'line': b'-- Installing: /home/ocrv/sp_vision_tutorial_27/lecture4/install/nav_hw_interfaces/lib/libnav_hw_interfaces__rosidl_typesupport_fastrtps_c.so\n'}
[6.229387] (nav_hw_interfaces) StdoutLine: {'line': b'-- Set runtime path of "/home/ocrv/sp_vision_tutorial_27/lecture4/install/nav_hw_interfaces/lib/libnav_hw_interfaces__rosidl_typesupport_fastrtps_c.so" to ""\n'}
[6.229408] (nav_hw_interfaces) StdoutLine: {'line': b'-- Up-to-date: /home/ocrv/sp_vision_tutorial_27/lecture4/install/nav_hw_interfaces/include/nav_hw_interfaces/nav_hw_interfaces\n'}
[6.229428] (nav_hw_interfaces) StdoutLine: {'line': b'-- Up-to-date: /home/ocrv/sp_vision_tutorial_27/lecture4/install/nav_hw_interfaces/include/nav_hw_interfaces/nav_hw_interfaces/msg\n'}
[6.229449] (nav_hw_interfaces) StdoutLine: {'line': b'-- Installing: /home/ocrv/sp_vision_tutorial_27/lecture4/install/nav_hw_interfaces/include/nav_hw_interfaces/nav_hw_interfaces/msg/rosidl_typesupport_introspection_c__visibility_control.h\n'}
[6.229470] (nav_hw_interfaces) StdoutLine: {'line': b'-- Up-to-date: /home/ocrv/sp_vision_tutorial_27/lecture4/install/nav_hw_interfaces/include/nav_hw_interfaces/nav_hw_interfaces/msg/detail\n'}
[6.229491] (nav_hw_interfaces) StdoutLine: {'line': b'-- Installing: /home/ocrv/sp_vision_tutorial_27/lecture4/install/nav_hw_interfaces/include/nav_hw_interfaces/nav_hw_interfaces/msg/detail/sensor_data__rosidl_typesupport_introspection_c.h\n'}
[6.229512] (nav_hw_interfaces) StdoutLine: {'line': b'-- Installing: /home/ocrv/sp_vision_tutorial_27/lecture4/install/nav_hw_interfaces/include/nav_hw_interfaces/nav_hw_interfaces/msg/detail/sensor_data__type_support.c\n'}
[6.233693] (nav_hw_interfaces) StdoutLine: {'line': b'-- Installing: /home/ocrv/sp_vision_tutorial_27/lecture4/install/nav_hw_interfaces/lib/libnav_hw_interfaces__rosidl_typesupport_introspection_c.so\n'}
[6.233813] (nav_hw_interfaces) StdoutLine: {'line': b'-- Set runtime path of "/home/ocrv/sp_vision_tutorial_27/lecture4/install/nav_hw_interfaces/lib/libnav_hw_interfaces__rosidl_typesupport_introspection_c.so" to ""\n'}
[6.233851] (nav_hw_interfaces) StdoutLine: {'line': b'-- Installing: /home/ocrv/sp_vision_tutorial_27/lecture4/install/nav_hw_interfaces/lib/libnav_hw_interfaces__rosidl_typesupport_c.so\n'}
[6.234489] (nav_hw_interfaces) StdoutLine: {'line': b'-- Set runtime path of "/home/ocrv/sp_vision_tutorial_27/lecture4/install/nav_hw_interfaces/lib/libnav_hw_interfaces__rosidl_typesupport_c.so" to ""\n'}
[6.234547] (nav_hw_interfaces) StdoutLine: {'line': b'-- Up-to-date: /home/ocrv/sp_vision_tutorial_27/lecture4/install/nav_hw_interfaces/include/nav_hw_interfaces/nav_hw_interfaces\n'}
[6.234586] (nav_hw_interfaces) StdoutLine: {'line': b'-- Up-to-date: /home/ocrv/sp_vision_tutorial_27/lecture4/install/nav_hw_interfaces/include/nav_hw_interfaces/nav_hw_interfaces/msg\n'}
[6.235616] (nav_hw_interfaces) StdoutLine: {'line': b'-- Installing: /home/ocrv/sp_vision_tutorial_27/lecture4/install/nav_hw_interfaces/include/nav_hw_interfaces/nav_hw_interfaces/msg/rosidl_generator_cpp__visibility_control.hpp\n'}
[6.235668] (nav_hw_interfaces) StdoutLine: {'line': b'-- Up-to-date: /home/ocrv/sp_vision_tutorial_27/lecture4/install/nav_hw_interfaces/include/nav_hw_interfaces/nav_hw_interfaces/msg/detail\n'}
[6.235698] (nav_hw_interfaces) StdoutLine: {'line': b'-- Installing: /home/ocrv/sp_vision_tutorial_27/lecture4/install/nav_hw_interfaces/include/nav_hw_interfaces/nav_hw_interfaces/msg/detail/sensor_data__builder.hpp\n'}
[6.236859] (nav_hw_interfaces) StdoutLine: {'line': b'-- Installing: /home/ocrv/sp_vision_tutorial_27/lecture4/install/nav_hw_interfaces/include/nav_hw_interfaces/nav_hw_interfaces/msg/detail/sensor_data__traits.hpp\n'}
[6.236940] (nav_hw_interfaces) StdoutLine: {'line': b'-- Installing: /home/ocrv/sp_vision_tutorial_27/lecture4/install/nav_hw_interfaces/include/nav_hw_interfaces/nav_hw_interfaces/msg/detail/sensor_data__type_support.hpp\n'}
[6.237381] (nav_hw_interfaces) StdoutLine: {'line': b'-- Installing: /home/ocrv/sp_vision_tutorial_27/lecture4/install/nav_hw_interfaces/include/nav_hw_interfaces/nav_hw_interfaces/msg/detail/sensor_data__struct.hpp\n'}
[6.238815] (nav_hw_interfaces) StdoutLine: {'line': b'-- Installing: /home/ocrv/sp_vision_tutorial_27/lecture4/install/nav_hw_interfaces/include/nav_hw_interfaces/nav_hw_interfaces/msg/sensor_data.hpp\n'}
[6.239196] (nav_hw_interfaces) StdoutLine: {'line': b'-- Up-to-date: /home/ocrv/sp_vision_tutorial_27/lecture4/install/nav_hw_interfaces/include/nav_hw_interfaces/nav_hw_interfaces\n'}
[6.239250] (nav_hw_interfaces) StdoutLine: {'line': b'-- Up-to-date: /home/ocrv/sp_vision_tutorial_27/lecture4/install/nav_hw_interfaces/include/nav_hw_interfaces/nav_hw_interfaces/msg\n'}
[6.239284] (nav_hw_interfaces) StdoutLine: {'line': b'-- Up-to-date: /home/ocrv/sp_vision_tutorial_27/lecture4/install/nav_hw_interfaces/include/nav_hw_interfaces/nav_hw_interfaces/msg/detail\n'}
[6.239548] (nav_hw_interfaces) StdoutLine: {'line': b'-- Installing: /home/ocrv/sp_vision_tutorial_27/lecture4/install/nav_hw_interfaces/include/nav_hw_interfaces/nav_hw_interfaces/msg/detail/sensor_data__rosidl_typesupport_fastrtps_cpp.hpp\n'}
[6.242630] (nav_hw_interfaces) StdoutLine: {'line': b'-- Installing: /home/ocrv/sp_vision_tutorial_27/lecture4/install/nav_hw_interfaces/include/nav_hw_interfaces/nav_hw_interfaces/msg/detail/dds_fastrtps\n'}
[6.242714] (nav_hw_interfaces) StdoutLine: {'line': b'-- Installing: /home/ocrv/sp_vision_tutorial_27/lecture4/install/nav_hw_interfaces/include/nav_hw_interfaces/nav_hw_interfaces/msg/rosidl_typesupport_fastrtps_cpp__visibility_control.h\n'}
[6.242754] (nav_hw_interfaces) StdoutLine: {'line': b'-- Installing: /home/ocrv/sp_vision_tutorial_27/lecture4/install/nav_hw_interfaces/lib/libnav_hw_interfaces__rosidl_typesupport_fastrtps_cpp.so\n'}
[6.250342] (nav_hw_interfaces) StdoutLine: {'line': b'-- Set runtime path of "/home/ocrv/sp_vision_tutorial_27/lecture4/install/nav_hw_interfaces/lib/libnav_hw_interfaces__rosidl_typesupport_fastrtps_cpp.so" to ""\n'}
[6.250500] (-) TimerEvent: {}
[6.250633] (nav_hw_interfaces) StdoutLine: {'line': b'-- Up-to-date: /home/ocrv/sp_vision_tutorial_27/lecture4/install/nav_hw_interfaces/include/nav_hw_interfaces/nav_hw_interfaces\n'}
[6.250684] (nav_hw_interfaces) StdoutLine: {'line': b'-- Up-to-date: /home/ocrv/sp_vision_tutorial_27/lecture4/install/nav_hw_interfaces/include/nav_hw_interfaces/nav_hw_interfaces/msg\n'}
[6.250719] (nav_hw_interfaces) StdoutLine: {'line': b'-- Up-to-date: /home/ocrv/sp_vision_tutorial_27/lecture4/install/nav_hw_interfaces/include/nav_hw_interfaces/nav_hw_interfaces/msg/detail\n'}
[6.250749] (nav_hw_interfaces) StdoutLine: {'line': b'-- Installing: /home/ocrv/sp_vision_tutorial_27/lecture4/install/nav_hw_interfaces/include/nav_hw_interfaces/nav_hw_interfaces/msg/detail/sensor_data__rosidl_typesupport_introspection_cpp.hpp\n'}
[6.250779] (nav_hw_interfaces) StdoutLine: {'line': b'-- Installing: /home/ocrv/sp_vision_tutorial_27/lecture4/install/nav_hw_interfaces/include/nav_hw_interfaces/nav_hw_interfaces/msg/detail/sensor_data__type_support.cpp\n'}
[6.250806] (nav_hw_interfaces) StdoutLine: {'line': b'-- Installing: /home/ocrv/sp_vision_tutorial_27/lecture4/install/nav_hw_interfaces/lib/libnav_hw_interfaces__rosidl_typesupport_introspection_cpp.so\n'}
[6.250832] (nav_hw_interfaces) StdoutLine: {'line': b'-- Set runtime path of "/home/ocrv/sp_vision_tutorial_27/lecture4/install/nav_hw_interfaces/lib/libnav_hw_interfaces__rosidl_typesupport_introspection_cpp.so" to ""\n'}
[6.250858] (nav_hw_interfaces) StdoutLine: {'line': b'-- Installing: /home/ocrv/sp_vision_tutorial_27/lecture4/install/nav_hw_interfaces/lib/libnav_hw_interfaces__rosidl_typesupport_cpp.so\n'}
[6.250883] (nav_hw_interfaces) StdoutLine: {'line': b'-- Set runtime path of "/home/ocrv/sp_vision_tutorial_27/lecture4/install/nav_hw_interfaces/lib/libnav_hw_interfaces__rosidl_typesupport_cpp.so" to ""\n'}
[6.250907] (nav_hw_interfaces) StdoutLine: {'line': b'-- Installing: /home/ocrv/sp_vision_tutorial_27/lecture4/install/nav_hw_interfaces/share/nav_hw_interfaces/environment/pythonpath.sh\n'}
[6.250932] (nav_hw_interfaces) StdoutLine: {'line': b'-- Installing: /home/ocrv/sp_vision_tutorial_27/lecture4/install/nav_hw_interfaces/share/nav_hw_interfaces/environment/pythonpath.dsv\n'}
[6.250964] (nav_hw_interfaces) StdoutLine: {'line': b'-- Installing: /home/ocrv/sp_vision_tutorial_27/lecture4/install/nav_hw_interfaces/local/lib/python3.10/dist-packages/nav_hw_interfaces-0.0.0-py3.10.egg-info\n'}
[6.251602] (nav_hw_interfaces) StdoutLine: {'line': b'-- Installing: /home/ocrv/sp_vision_tutorial_27/lecture4/install/nav_hw_interfaces/local/lib/python3.10/dist-packages/nav_hw_interfaces-0.0.0-py3.10.egg-info/top_level.txt\n'}
[6.251657] (nav_hw_interfaces) StdoutLine: {'line': b'-- Installing: /home/ocrv/sp_vision_tutorial_27/lecture4/install/nav_hw_interfaces/local/lib/python3.10/dist-packages/nav_hw_interfaces-0.0.0-py3.10.egg-info/PKG-INFO\n'}
[6.251688] (nav_hw_interfaces) StdoutLine: {'line': b'-- Installing: /home/ocrv/sp_vision_tutorial_27/lecture4/install/nav_hw_interfaces/local/lib/python3.10/dist-packages/nav_hw_interfaces-0.0.0-py3.10.egg-info/dependency_links.txt\n'}
[6.251717] (nav_hw_interfaces) StdoutLine: {'line': b'-- Installing: /home/ocrv/sp_vision_tutorial_27/lecture4/install/nav_hw_interfaces/local/lib/python3.10/dist-packages/nav_hw_interfaces-0.0.0-py3.10.egg-info/SOURCES.txt\n'}
[6.251740] (nav_hw_interfaces) StdoutLine: {'line': b'-- Installing: /home/ocrv/sp_vision_tutorial_27/lecture4/install/nav_hw_interfaces/local/lib/python3.10/dist-packages/nav_hw_interfaces\n'}
[6.251764] (nav_hw_interfaces) StdoutLine: {'line': b'-- Installing: /home/ocrv/sp_vision_tutorial_27/lecture4/install/nav_hw_interfaces/local/lib/python3.10/dist-packages/nav_hw_interfaces/nav_hw_interfaces_s__rosidl_typesupport_fastrtps_c.cpython-310-x86_64-linux-gnu.so\n'}
[6.251826] (nav_hw_interfaces) StdoutLine: {'line': b'-- Installing: /home/ocrv/sp_vision_tutorial_27/lecture4/install/nav_hw_interfaces/local/lib/python3.10/dist-packages/nav_hw_interfaces/_nav_hw_interfaces_s.ep.rosidl_typesupport_introspection_c.c\n'}
[6.251880] (nav_hw_interfaces) StdoutLine: {'line': b'-- Installing: /home/ocrv/sp_vision_tutorial_27/lecture4/install/nav_hw_interfaces/local/lib/python3.10/dist-packages/nav_hw_interfaces/nav_hw_interfaces_s__rosidl_typesupport_introspection_c.cpython-310-x86_64-linux-gnu.so\n'}
[6.252029] (nav_hw_interfaces) StdoutLine: {'line': b'-- Installing: /home/ocrv/sp_vision_tutorial_27/lecture4/install/nav_hw_interfaces/local/lib/python3.10/dist-packages/nav_hw_interfaces/__init__.py\n'}
[6.252280] (nav_hw_interfaces) StdoutLine: {'line': b'-- Installing: /home/ocrv/sp_vision_tutorial_27/lecture4/install/nav_hw_interfaces/local/lib/python3.10/dist-packages/nav_hw_interfaces/msg\n'}
[6.256326] (nav_hw_interfaces) StdoutLine: {'line': b'-- Installing: /home/ocrv/sp_vision_tutorial_27/lecture4/install/nav_hw_interfaces/local/lib/python3.10/dist-packages/nav_hw_interfaces/msg/__init__.py\n'}
[6.256444] (nav_hw_interfaces) StdoutLine: {'line': b'-- Installing: /home/ocrv/sp_vision_tutorial_27/lecture4/install/nav_hw_interfaces/local/lib/python3.10/dist-packages/nav_hw_interfaces/msg/_sensor_data_s.c\n'}
[6.256482] (nav_hw_interfaces) StdoutLine: {'line': b'-- Installing: /home/ocrv/sp_vision_tutorial_27/lecture4/install/nav_hw_interfaces/local/lib/python3.10/dist-packages/nav_hw_interfaces/msg/_sensor_data.py\n'}
[6.256513] (nav_hw_interfaces) StdoutLine: {'line': b'-- Installing: /home/ocrv/sp_vision_tutorial_27/lecture4/install/nav_hw_interfaces/local/lib/python3.10/dist-packages/nav_hw_interfaces/nav_hw_interfaces_s__rosidl_typesupport_c.cpython-310-x86_64-linux-gnu.so\n'}
[6.256544] (nav_hw_interfaces) StdoutLine: {'line': b'-- Installing: /home/ocrv/sp_vision_tutorial_27/lecture4/install/nav_hw_interfaces/local/lib/python3.10/dist-packages/nav_hw_interfaces/libnav_hw_interfaces__rosidl_generator_py.so\n'}
[6.256571] (nav_hw_interfaces) StdoutLine: {'line': b'-- Installing: /home/ocrv/sp_vision_tutorial_27/lecture4/install/nav_hw_interfaces/local/lib/python3.10/dist-packages/nav_hw_interfaces/_nav_hw_interfaces_s.ep.rosidl_typesupport_fastrtps_c.c\n'}
[6.256597] (nav_hw_interfaces) StdoutLine: {'line': b'-- Installing: /home/ocrv/sp_vision_tutorial_27/lecture4/install/nav_hw_interfaces/local/lib/python3.10/dist-packages/nav_hw_interfaces/_nav_hw_interfaces_s.ep.rosidl_typesupport_c.c\n'}
[6.332882] (nav_hw_interfaces) StdoutLine: {'line': b"Listing '/home/ocrv/sp_vision_tutorial_27/lecture4/install/nav_hw_interfaces/local/lib/python3.10/dist-packages/nav_hw_interfaces'...\n"}
[6.333078] (nav_hw_interfaces) StdoutLine: {'line': b"Compiling '/home/ocrv/sp_vision_tutorial_27/lecture4/install/nav_hw_interfaces/local/lib/python3.10/dist-packages/nav_hw_interfaces/__init__.py'...\n"}
[6.333165] (nav_hw_interfaces) StdoutLine: {'line': b"Listing '/home/ocrv/sp_vision_tutorial_27/lecture4/install/nav_hw_interfaces/local/lib/python3.10/dist-packages/nav_hw_interfaces/msg'...\n"}
[6.333234] (nav_hw_interfaces) StdoutLine: {'line': b"Compiling '/home/ocrv/sp_vision_tutorial_27/lecture4/install/nav_hw_interfaces/local/lib/python3.10/dist-packages/nav_hw_interfaces/msg/__init__.py'...\n"}
[6.333275] (nav_hw_interfaces) StdoutLine: {'line': b"Compiling '/home/ocrv/sp_vision_tutorial_27/lecture4/install/nav_hw_interfaces/local/lib/python3.10/dist-packages/nav_hw_interfaces/msg/_sensor_data.py'...\n"}
[6.345478] (nav_hw_interfaces) StdoutLine: {'line': b'-- Installing: /home/ocrv/sp_vision_tutorial_27/lecture4/install/nav_hw_interfaces/local/lib/python3.10/dist-packages/nav_hw_interfaces/nav_hw_interfaces_s__rosidl_typesupport_fastrtps_c.cpython-310-x86_64-linux-gnu.so\n'}
[6.345625] (nav_hw_interfaces) StdoutLine: {'line': b'-- Set runtime path of "/home/ocrv/sp_vision_tutorial_27/lecture4/install/nav_hw_interfaces/local/lib/python3.10/dist-packages/nav_hw_interfaces/nav_hw_interfaces_s__rosidl_typesupport_fastrtps_c.cpython-310-x86_64-linux-gnu.so" to ""\n'}
[6.345939] (nav_hw_interfaces) StdoutLine: {'line': b'-- Installing: /home/ocrv/sp_vision_tutorial_27/lecture4/install/nav_hw_interfaces/local/lib/python3.10/dist-packages/nav_hw_interfaces/nav_hw_interfaces_s__rosidl_typesupport_introspection_c.cpython-310-x86_64-linux-gnu.so\n'}
[6.346445] (nav_hw_interfaces) StdoutLine: {'line': b'-- Set runtime path of "/home/ocrv/sp_vision_tutorial_27/lecture4/install/nav_hw_interfaces/local/lib/python3.10/dist-packages/nav_hw_interfaces/nav_hw_interfaces_s__rosidl_typesupport_introspection_c.cpython-310-x86_64-linux-gnu.so" to ""\n'}
[6.350450] (nav_hw_interfaces) StdoutLine: {'line': b'-- Installing: /home/ocrv/sp_vision_tutorial_27/lecture4/install/nav_hw_interfaces/local/lib/python3.10/dist-packages/nav_hw_interfaces/nav_hw_interfaces_s__rosidl_typesupport_c.cpython-310-x86_64-linux-gnu.so\n'}
[6.350538] (-) TimerEvent: {}
[6.350657] (nav_hw_interfaces) StdoutLine: {'line': b'-- Set runtime path of "/home/ocrv/sp_vision_tutorial_27/lecture4/install/nav_hw_interfaces/local/lib/python3.10/dist-packages/nav_hw_interfaces/nav_hw_interfaces_s__rosidl_typesupport_c.cpython-310-x86_64-linux-gnu.so" to ""\n'}
[6.350711] (nav_hw_interfaces) StdoutLine: {'line': b'-- Installing: /home/ocrv/sp_vision_tutorial_27/lecture4/install/nav_hw_interfaces/lib/libnav_hw_interfaces__rosidl_generator_py.so\n'}
[6.350747] (nav_hw_interfaces) StdoutLine: {'line': b'-- Set runtime path of "/home/ocrv/sp_vision_tutorial_27/lecture4/install/nav_hw_interfaces/lib/libnav_hw_interfaces__rosidl_generator_py.so" to ""\n'}
[6.350778] (nav_hw_interfaces) StdoutLine: {'line': b'-- Installing: /home/ocrv/sp_vision_tutorial_27/lecture4/install/nav_hw_interfaces/share/nav_hw_interfaces/rust\n'}
[6.351005] (nav_hw_interfaces) StdoutLine: {'line': b'-- Installing: /home/ocrv/sp_vision_tutorial_27/lecture4/install/nav_hw_interfaces/share/nav_hw_interfaces/rust/build.rs\n'}
[6.352840] (nav_hw_interfaces) StdoutLine: {'line': b'-- Installing: /home/ocrv/sp_vision_tutorial_27/lecture4/install/nav_hw_interfaces/share/nav_hw_interfaces/rust/src\n'}
[6.352897] (nav_hw_interfaces) StdoutLine: {'line': b'-- Installing: /home/ocrv/sp_vision_tutorial_27/lecture4/install/nav_hw_interfaces/share/nav_hw_interfaces/rust/src/msg.rs\n'}
[6.352927] (nav_hw_interfaces) StdoutLine: {'line': b'-- Installing: /home/ocrv/sp_vision_tutorial_27/lecture4/install/nav_hw_interfaces/share/nav_hw_interfaces/rust/src/msg\n'}
[6.352954] (nav_hw_interfaces) StdoutLine: {'line': b'-- Installing: /home/ocrv/sp_vision_tutorial_27/lecture4/install/nav_hw_interfaces/share/nav_hw_interfaces/rust/src/msg/rmw.rs\n'}
[6.353330] (nav_hw_interfaces) StdoutLine: {'line': b'-- Installing: /home/ocrv/sp_vision_tutorial_27/lecture4/install/nav_hw_interfaces/share/nav_hw_interfaces/rust/src/lib.rs\n'}
[6.353702] (nav_hw_interfaces) StdoutLine: {'line': b'-- Installing: /home/ocrv/sp_vision_tutorial_27/lecture4/install/nav_hw_interfaces/share/nav_hw_interfaces/rust/Cargo.toml\n'}
[6.357025] (nav_hw_interfaces) StdoutLine: {'line': b'-- Installing: /home/ocrv/sp_vision_tutorial_27/lecture4/install/nav_hw_interfaces/share/nav_hw_interfaces/msg/SensorData.idl\n'}
[6.357108] (nav_hw_interfaces) StdoutLine: {'line': b'-- Installing: /home/ocrv/sp_vision_tutorial_27/lecture4/install/nav_hw_interfaces/share/nav_hw_interfaces/msg/SensorData.msg\n'}
[6.357140] (nav_hw_interfaces) StdoutLine: {'line': b'-- Installing: /home/ocrv/sp_vision_tutorial_27/lecture4/install/nav_hw_interfaces/share/ament_index/resource_index/package_run_dependencies/nav_hw_interfaces\n'}
[6.357170] (nav_hw_interfaces) StdoutLine: {'line': b'-- Installing: /home/ocrv/sp_vision_tutorial_27/lecture4/install/nav_hw_interfaces/share/ament_index/resource_index/parent_prefix_path/nav_hw_interfaces\n'}
[6.357199] (nav_hw_interfaces) StdoutLine: {'line': b'-- Installing: /home/ocrv/sp_vision_tutorial_27/lecture4/install/nav_hw_interfaces/share/nav_hw_interfaces/environment/ament_prefix_path.sh\n'}
[6.357635] (nav_hw_interfaces) StdoutLine: {'line': b'-- Installing: /home/ocrv/sp_vision_tutorial_27/lecture4/install/nav_hw_interfaces/share/nav_hw_interfaces/environment/ament_prefix_path.dsv\n'}
[6.364771] (nav_hw_interfaces) StdoutLine: {'line': b'-- Installing: /home/ocrv/sp_vision_tutorial_27/lecture4/install/nav_hw_interfaces/share/nav_hw_interfaces/environment/path.sh\n'}
[6.364923] (nav_hw_interfaces) StdoutLine: {'line': b'-- Installing: /home/ocrv/sp_vision_tutorial_27/lecture4/install/nav_hw_interfaces/share/nav_hw_interfaces/environment/path.dsv\n'}
[6.364963] (nav_hw_interfaces) StdoutLine: {'line': b'-- Installing: /home/ocrv/sp_vision_tutorial_27/lecture4/install/nav_hw_interfaces/share/nav_hw_interfaces/local_setup.bash\n'}
[6.364995] (nav_hw_interfaces) StdoutLine: {'line': b'-- Installing: /home/ocrv/sp_vision_tutorial_27/lecture4/install/nav_hw_interfaces/share/nav_hw_interfaces/local_setup.sh\n'}
[6.365024] (nav_hw_interfaces) StdoutLine: {'line': b'-- Installing: /home/ocrv/sp_vision_tutorial_27/lecture4/install/nav_hw_interfaces/share/nav_hw_interfaces/local_setup.zsh\n'}
[6.365049] (nav_hw_interfaces) StdoutLine: {'line': b'-- Installing: /home/ocrv/sp_vision_tutorial_27/lecture4/install/nav_hw_interfaces/share/nav_hw_interfaces/local_setup.dsv\n'}
[6.365075] (nav_hw_interfaces) StdoutLine: {'line': b'-- Installing: /home/ocrv/sp_vision_tutorial_27/lecture4/install/nav_hw_interfaces/share/nav_hw_interfaces/package.dsv\n'}
[6.365107] (nav_hw_interfaces) StdoutLine: {'line': b'-- Installing: /home/ocrv/sp_vision_tutorial_27/lecture4/install/nav_hw_interfaces/share/ament_index/resource_index/packages/nav_hw_interfaces\n'}
[6.365134] (nav_hw_interfaces) StdoutLine: {'line': b'-- Installing: /home/ocrv/sp_vision_tutorial_27/lecture4/install/nav_hw_interfaces/share/nav_hw_interfaces/cmake/export_nav_hw_interfaces__rosidl_generator_cExport.cmake\n'}
[6.365159] (nav_hw_interfaces) StdoutLine: {'line': b'-- Installing: /home/ocrv/sp_vision_tutorial_27/lecture4/install/nav_hw_interfaces/share/nav_hw_interfaces/cmake/export_nav_hw_interfaces__rosidl_generator_cExport-noconfig.cmake\n'}
[6.365184] (nav_hw_interfaces) StdoutLine: {'line': b'-- Installing: /home/ocrv/sp_vision_tutorial_27/lecture4/install/nav_hw_interfaces/share/nav_hw_interfaces/cmake/export_nav_hw_interfaces__rosidl_typesupport_fastrtps_cExport.cmake\n'}
[6.365221] (nav_hw_interfaces) StdoutLine: {'line': b'-- Installing: /home/ocrv/sp_vision_tutorial_27/lecture4/install/nav_hw_interfaces/share/nav_hw_interfaces/cmake/export_nav_hw_interfaces__rosidl_typesupport_fastrtps_cExport-noconfig.cmake\n'}
[6.365252] (nav_hw_interfaces) StdoutLine: {'line': b'-- Installing: /home/ocrv/sp_vision_tutorial_27/lecture4/install/nav_hw_interfaces/share/nav_hw_interfaces/cmake/nav_hw_interfaces__rosidl_typesupport_introspection_cExport.cmake\n'}
[6.365277] (nav_hw_interfaces) StdoutLine: {'line': b'-- Installing: /home/ocrv/sp_vision_tutorial_27/lecture4/install/nav_hw_interfaces/share/nav_hw_interfaces/cmake/nav_hw_interfaces__rosidl_typesupport_introspection_cExport-noconfig.cmake\n'}
[6.365301] (nav_hw_interfaces) StdoutLine: {'line': b'-- Installing: /home/ocrv/sp_vision_tutorial_27/lecture4/install/nav_hw_interfaces/share/nav_hw_interfaces/cmake/nav_hw_interfaces__rosidl_typesupport_cExport.cmake\n'}
[6.365325] (nav_hw_interfaces) StdoutLine: {'line': b'-- Installing: /home/ocrv/sp_vision_tutorial_27/lecture4/install/nav_hw_interfaces/share/nav_hw_interfaces/cmake/nav_hw_interfaces__rosidl_typesupport_cExport-noconfig.cmake\n'}
[6.365349] (nav_hw_interfaces) StdoutLine: {'line': b'-- Installing: /home/ocrv/sp_vision_tutorial_27/lecture4/install/nav_hw_interfaces/share/nav_hw_interfaces/cmake/export_nav_hw_interfaces__rosidl_generator_cppExport.cmake\n'}
[6.365372] (nav_hw_interfaces) StdoutLine: {'line': b'-- Installing: /home/ocrv/sp_vision_tutorial_27/lecture4/install/nav_hw_interfaces/share/nav_hw_interfaces/cmake/export_nav_hw_interfaces__rosidl_typesupport_fastrtps_cppExport.cmake\n'}
[6.365399] (nav_hw_interfaces) StdoutLine: {'line': b'-- Installing: /home/ocrv/sp_vision_tutorial_27/lecture4/install/nav_hw_interfaces/share/nav_hw_interfaces/cmake/export_nav_hw_interfaces__rosidl_typesupport_fastrtps_cppExport-noconfig.cmake\n'}
[6.365423] (nav_hw_interfaces) StdoutLine: {'line': b'-- Installing: /home/ocrv/sp_vision_tutorial_27/lecture4/install/nav_hw_interfaces/share/nav_hw_interfaces/cmake/nav_hw_interfaces__rosidl_typesupport_introspection_cppExport.cmake\n'}
[6.365446] (nav_hw_interfaces) StdoutLine: {'line': b'-- Installing: /home/ocrv/sp_vision_tutorial_27/lecture4/install/nav_hw_interfaces/share/nav_hw_interfaces/cmake/nav_hw_interfaces__rosidl_typesupport_introspection_cppExport-noconfig.cmake\n'}
[6.369348] (nav_hw_interfaces) StdoutLine: {'line': b'-- Installing: /home/ocrv/sp_vision_tutorial_27/lecture4/install/nav_hw_interfaces/share/nav_hw_interfaces/cmake/nav_hw_interfaces__rosidl_typesupport_cppExport.cmake\n'}
[6.369483] (nav_hw_interfaces) StdoutLine: {'line': b'-- Installing: /home/ocrv/sp_vision_tutorial_27/lecture4/install/nav_hw_interfaces/share/nav_hw_interfaces/cmake/nav_hw_interfaces__rosidl_typesupport_cppExport-noconfig.cmake\n'}
[6.369519] (nav_hw_interfaces) StdoutLine: {'line': b'-- Installing: /home/ocrv/sp_vision_tutorial_27/lecture4/install/nav_hw_interfaces/share/nav_hw_interfaces/cmake/export_nav_hw_interfaces__rosidl_generator_pyExport.cmake\n'}
[6.369550] (nav_hw_interfaces) StdoutLine: {'line': b'-- Installing: /home/ocrv/sp_vision_tutorial_27/lecture4/install/nav_hw_interfaces/share/nav_hw_interfaces/cmake/export_nav_hw_interfaces__rosidl_generator_pyExport-noconfig.cmake\n'}
[6.369577] (nav_hw_interfaces) StdoutLine: {'line': b'-- Installing: /home/ocrv/sp_vision_tutorial_27/lecture4/install/nav_hw_interfaces/share/nav_hw_interfaces/cmake/rosidl_cmake-extras.cmake\n'}
[6.369602] (nav_hw_interfaces) StdoutLine: {'line': b'-- Installing: /home/ocrv/sp_vision_tutorial_27/lecture4/install/nav_hw_interfaces/share/nav_hw_interfaces/cmake/ament_cmake_export_dependencies-extras.cmake\n'}
[6.369626] (nav_hw_interfaces) StdoutLine: {'line': b'-- Installing: /home/ocrv/sp_vision_tutorial_27/lecture4/install/nav_hw_interfaces/share/nav_hw_interfaces/cmake/ament_cmake_export_include_directories-extras.cmake\n'}
[6.369648] (nav_hw_interfaces) StdoutLine: {'line': b'-- Installing: /home/ocrv/sp_vision_tutorial_27/lecture4/install/nav_hw_interfaces/share/nav_hw_interfaces/cmake/ament_cmake_export_libraries-extras.cmake\n'}
[6.369671] (nav_hw_interfaces) StdoutLine: {'line': b'-- Installing: /home/ocrv/sp_vision_tutorial_27/lecture4/install/nav_hw_interfaces/share/nav_hw_interfaces/cmake/ament_cmake_export_targets-extras.cmake\n'}
[6.369693] (nav_hw_interfaces) StdoutLine: {'line': b'-- Installing: /home/ocrv/sp_vision_tutorial_27/lecture4/install/nav_hw_interfaces/share/nav_hw_interfaces/cmake/rosidl_cmake_export_typesupport_targets-extras.cmake\n'}
[6.369724] (nav_hw_interfaces) StdoutLine: {'line': b'-- Installing: /home/ocrv/sp_vision_tutorial_27/lecture4/install/nav_hw_interfaces/share/nav_hw_interfaces/cmake/rosidl_cmake_export_typesupport_libraries-extras.cmake\n'}
[6.369746] (nav_hw_interfaces) StdoutLine: {'line': b'-- Installing: /home/ocrv/sp_vision_tutorial_27/lecture4/install/nav_hw_interfaces/share/nav_hw_interfaces/cmake/rosidl_cmake_aggregate_target-extras.cmake\n'}
[6.375980] (nav_hw_interfaces) StdoutLine: {'line': b'-- Installing: /home/ocrv/sp_vision_tutorial_27/lecture4/install/nav_hw_interfaces/share/nav_hw_interfaces/cmake/nav_hw_interfacesConfig.cmake\n'}
[6.376124] (nav_hw_interfaces) StdoutLine: {'line': b'-- Installing: /home/ocrv/sp_vision_tutorial_27/lecture4/install/nav_hw_interfaces/share/nav_hw_interfaces/cmake/nav_hw_interfacesConfig-version.cmake\n'}
[6.376621] (nav_hw_interfaces) StdoutLine: {'line': b'-- Installing: /home/ocrv/sp_vision_tutorial_27/lecture4/install/nav_hw_interfaces/share/nav_hw_interfaces/package.xml\n'}
[6.383237] (nav_hw_interfaces) CommandEnded: {'returncode': 0}
[6.414968] (nav_hw_interfaces) JobEnded: {'identifier': 'nav_hw_interfaces', 'rc': 0}
[6.415214] (turtlesim) JobStarted: {'identifier': 'turtlesim'}
[6.429246] (turtlesim) JobProgress: {'identifier': 'turtlesim', 'progress': 'cmake'}
[6.429590] (turtlesim) Command: {'cmd': ['/usr/bin/cmake', '/home/ocrv/sp_vision_tutorial_27/lecture4/src/ep2/ros_tutorials/turtlesim', '-DCMAKE_INSTALL_PREFIX=/home/ocrv/sp_vision_tutorial_27/lecture4/install/turtlesim'], 'cwd': '/home/ocrv/sp_vision_tutorial_27/lecture4/build/turtlesim', 'env': OrderedDict([('LESSOPEN', '| /usr/bin/lesspipe %s'), ('LANGUAGE', 'zh_CN:en'), ('USER', 'ocrv'), ('LC_TIME', 'zh_CN.UTF-8'), ('XDG_SESSION_TYPE', 'x11'), ('ALLUSERSPROFILE', '/opt/MVS/MVFG'), ('GIT_ASKPASS', '/usr/share/code/resources/app/extensions/git/dist/askpass.sh'), ('SHLVL', '2'), ('LD_LIBRARY_PATH', '/opt/ros/humble/opt/rviz_ogre_vendor/lib:/opt/ros/humble/lib/x86_64-linux-gnu:/opt/ros/humble/lib:/opt/MVS/lib/64:/opt/MVS/lib/32:/opt/MVS/lib/64:/opt/MVS/lib/32:/opt/MVS/lib/64:/opt/MVS/lib/32:/opt/MVS/lib/64:/opt/MVS/lib/32:'), ('HOME', '/home/ocrv'), ('CHROME_DESKTOP', 'code.desktop'), ('OLDPWD', '/home/ocrv/sp_vision_tutorial_27/lecture4/src'), ('TERM_PROGRAM_VERSION', '1.103.2'), ('DESKTOP_SESSION', 'ubuntu'), ('ROS_PYTHON_VERSION', '3'), ('GNOME_SHELL_SESSION_MODE', 'ubuntu'), ('GTK_MODULES', 'gail:atk-bridge'), ('VSCODE_GIT_ASKPASS_MAIN', '/usr/share/code/resources/app/extensions/git/dist/askpass-main.js'), ('LC_MONETARY', 'zh_CN.UTF-8'), ('VSCODE_GIT_ASKPASS_NODE', '/usr/share/code/code'), ('SYSTEMD_EXEC_PID', '3342'), ('DBUS_SESSION_BUS_ADDRESS', 'unix:path=/run/user/1000/bus'), ('COLORTERM', 'truecolor'), ('ROS_DISTRO', 'humble'), ('GTK_IM_MODULE', 'ibus'), ('LOGNAME', 'ocrv'), ('_', '/usr/bin/colcon'), ('ROS_VERSION', '2'), ('XDG_SESSION_CLASS', 'user'), ('USERNAME', 'ocrv'), ('TERM', 'xterm-256color'), ('GNOME_DESKTOP_SESSION_ID', 'this-is-deprecated'), ('ROS_LOCALHOST_ONLY', '0'), ('WINDOWPATH', '2'), ('MVCAM_SDK_PATH', '/opt/MVS'), ('PATH', '/opt/ros/humble/bin:/usr/local/sbin:/usr/local/bin:/usr/sbin:/usr/bin:/sbin:/bin:/usr/games:/usr/local/games:/snap/bin:/snap/bin'), ('SESSION_MANAGER', 'local/ocrv-virtual-machine:@/tmp/.ICE-unix/3149,unix/ocrv-virtual-machine:/tmp/.ICE-unix/3149'), ('MVCAM_GENICAM_CLPROTOCOL', '/opt/MVS/lib/CLProtocol'), ('PAPERSIZE', 'a4'), ('XDG_MENU_PREFIX', 'gnome-'), ('LC_ADDRESS', 'zh_CN.UTF-8'), ('GNOME_TERMINAL_SCREEN', '/org/gnome/Terminal/screen/c234ed7f_a8af_4c7b_8272_e118f06c194b'), ('XDG_RUNTIME_DIR', '/run/user/1000'), ('GDK_BACKEND', 'x11'), ('DISPLAY', ':0'), ('LANG', 'zh_CN.UTF-8'), ('XDG_CURRENT_DESKTOP', 'Unity'), ('LC_TELEPHONE', 'zh_CN.UTF-8'), ('XMODIFIERS', '@im=ibus'), ('XDG_SESSION_DESKTOP', 'ubuntu'), ('XAUTHORITY', '/run/user/1000/gdm/Xauthority'), ('LS_COLORS', 'rs=0:di=01;34:ln=01;36:mh=00:pi=40;33:so=01;35:do=01;35:bd=40;33;01:cd=40;33;01:or=40;31;01:mi=00:su=37;41:sg=30;43:ca=30;41:tw=30;42:ow=34;42:st=37;44:ex=01;32:*.tar=01;31:*.tgz=01;31:*.arc=01;31:*.arj=01;31:*.taz=01;31:*.lha=01;31:*.lz4=01;31:*.lzh=01;31:*.lzma=01;31:*.tlz=01;31:*.txz=01;31:*.tzo=01;31:*.t7z=01;31:*.zip=01;31:*.z=01;31:*.dz=01;31:*.gz=01;31:*.lrz=01;31:*.lz=01;31:*.lzo=01;31:*.xz=01;31:*.zst=01;31:*.tzst=01;31:*.bz2=01;31:*.bz=01;31:*.tbz=01;31:*.tbz2=01;31:*.tz=01;31:*.deb=01;31:*.rpm=01;31:*.jar=01;31:*.war=01;31:*.ear=01;31:*.sar=01;31:*.rar=01;31:*.alz=01;31:*.ace=01;31:*.zoo=01;31:*.cpio=01;31:*.7z=01;31:*.rz=01;31:*.cab=01;31:*.wim=01;31:*.swm=01;31:*.dwm=01;31:*.esd=01;31:*.jpg=01;35:*.jpeg=01;35:*.mjpg=01;35:*.mjpeg=01;35:*.gif=01;35:*.bmp=01;35:*.pbm=01;35:*.pgm=01;35:*.ppm=01;35:*.tga=01;35:*.xbm=01;35:*.xpm=01;35:*.tif=01;35:*.tiff=01;35:*.png=01;35:*.svg=01;35:*.svgz=01;35:*.mng=01;35:*.pcx=01;35:*.mov=01;35:*.mpg=01;35:*.mpeg=01;35:*.m2v=01;35:*.mkv=01;35:*.webm=01;35:*.webp=01;35:*.ogm=01;35:*.mp4=01;35:*.m4v=01;35:*.mp4v=01;35:*.vob=01;35:*.qt=01;35:*.nuv=01;35:*.wmv=01;35:*.asf=01;35:*.rm=01;35:*.rmvb=01;35:*.flc=01;35:*.avi=01;35:*.fli=01;35:*.flv=01;35:*.gl=01;35:*.dl=01;35:*.xcf=01;35:*.xwd=01;35:*.yuv=01;35:*.cgm=01;35:*.emf=01;35:*.ogv=01;35:*.ogx=01;35:*.aac=00;36:*.au=00;36:*.flac=00;36:*.m4a=00;36:*.mid=00;36:*.midi=00;36:*.mka=00;36:*.mp3=00;36:*.mpc=00;36:*.ogg=00;36:*.ra=00;36:*.wav=00;36:*.oga=00;36:*.opus=00;36:*.spx=00;36:*.xspf=00;36:'), ('VSCODE_GIT_IPC_HANDLE', '/run/user/1000/vscode-git-963eea5680.sock'), ('GNOME_TERMINAL_SERVICE', ':1.132'), ('TERM_PROGRAM', 'vscode'), ('SSH_AGENT_LAUNCHER', 'gnome-keyring'), ('SSH_AUTH_SOCK', '/run/user/1000/keyring/ssh'), ('AMENT_PREFIX_PATH', '/opt/ros/humble'), ('ORIGINAL_XDG_CURRENT_DESKTOP', 'ubuntu:GNOME'), ('SHELL', '/bin/bash'), ('LC_NAME', 'zh_CN.UTF-8'), ('QT_ACCESSIBILITY', '1'), ('NO_AT_BRIDGE', '1'), ('GDMSESSION', 'ubuntu'), ('LESSCLOSE', '/usr/bin/lesspipe %s %s'), ('LC_MEASUREMENT', 'zh_CN.UTF-8'), ('GPG_AGENT_INFO', '/run/user/1000/gnupg/S.gpg-agent:0:1'), ('LC_IDENTIFICATION', 'zh_CN.UTF-8'), ('VSCODE_GIT_ASKPASS_EXTRA_ARGS', ''), ('QT_IM_MODULE', 'ibus'), ('PWD', '/home/ocrv/sp_vision_tutorial_27/lecture4/build/turtlesim'), ('XDG_CONFIG_DIRS', '/etc/xdg/xdg-ubuntu:/etc/xdg'), ('XDG_DATA_DIRS', '/usr/share/ubuntu:/usr/share/gnome:/usr/local/share/:/usr/share/:/var/lib/snapd/desktop'), ('PYTHONPATH', '/opt/ros/humble/lib/python3.10/site-packages:/opt/ros/humble/local/lib/python3.10/dist-packages'), ('LC_NUMERIC', 'zh_CN.UTF-8'), ('MVCAM_SDK_VERSION', ''), ('LC_PAPER', 'zh_CN.UTF-8'), ('COLCON', '1'), ('VTE_VERSION', '6800'), ('MVCAM_COMMON_RUNENV', '/opt/MVS/lib'), ('CMAKE_PREFIX_PATH', '/opt/ros/humble')]), 'shell': False}
[6.450673] (-) TimerEvent: {}
[6.551712] (-) TimerEvent: {}
[6.575416] (turtlesim) StdoutLine: {'line': b'-- The C compiler identification is GNU 11.4.0\n'}
[6.651840] (-) TimerEvent: {}
[6.699242] (turtlesim) StdoutLine: {'line': b'-- The CXX compiler identification is GNU 11.4.0\n'}
[6.709776] (turtlesim) StdoutLine: {'line': b'-- Detecting C compiler ABI info\n'}
[6.751980] (-) TimerEvent: {}
[6.859286] (-) TimerEvent: {}
[6.899520] (turtlesim) StdoutLine: {'line': b'-- Detecting C compiler ABI info - done\n'}
[6.919040] (turtlesim) StdoutLine: {'line': b'-- Check for working C compiler: /usr/bin/cc - skipped\n'}
[6.919284] (turtlesim) StdoutLine: {'line': b'-- Detecting C compile features\n'}
[6.919396] (turtlesim) StdoutLine: {'line': b'-- Detecting C compile features - done\n'}
[6.924593] (turtlesim) StdoutLine: {'line': b'-- Detecting CXX compiler ABI info\n'}
[6.959409] (-) TimerEvent: {}
[7.059860] (-) TimerEvent: {}
[7.131300] (turtlesim) StdoutLine: {'line': b'-- Detecting CXX compiler ABI info - done\n'}
[7.141686] (turtlesim) StdoutLine: {'line': b'-- Check for working CXX compiler: /usr/bin/c++ - skipped\n'}
[7.141846] (turtlesim) StdoutLine: {'line': b'-- Detecting CXX compile features\n'}
[7.141927] (learning_node) StdoutLine: {'line': b'[100%] \x1b[32m\x1b[1mLinking CXX executable helloworld_node\x1b[0m\n'}
[7.141999] (turtlesim) StdoutLine: {'line': b'-- Detecting CXX compile features - done\n'}
[7.145871] (turtlesim) StdoutLine: {'line': b'-- Found ament_cmake: 1.3.14 (/opt/ros/humble/share/ament_cmake/cmake)\n'}
[7.162961] (-) TimerEvent: {}
[7.263297] (-) TimerEvent: {}
[7.363626] (-) TimerEvent: {}
[7.417967] (learning_node) StdoutLine: {'line': b'[100%] Built target helloworld_node\n'}
[7.442867] (learning_node) CommandEnded: {'returncode': 0}
[7.443563] (learning_node) JobProgress: {'identifier': 'learning_node', 'progress': 'install'}
[7.447908] (learning_node) Command: {'cmd': ['/usr/bin/cmake', '--install', '/home/ocrv/sp_vision_tutorial_27/lecture4/build/learning_node'], 'cwd': '/home/ocrv/sp_vision_tutorial_27/lecture4/build/learning_node', 'env': OrderedDict([('LESSOPEN', '| /usr/bin/lesspipe %s'), ('LANGUAGE', 'zh_CN:en'), ('USER', 'ocrv'), ('LC_TIME', 'zh_CN.UTF-8'), ('XDG_SESSION_TYPE', 'x11'), ('ALLUSERSPROFILE', '/opt/MVS/MVFG'), ('GIT_ASKPASS', '/usr/share/code/resources/app/extensions/git/dist/askpass.sh'), ('SHLVL', '2'), ('LD_LIBRARY_PATH', '/opt/ros/humble/opt/rviz_ogre_vendor/lib:/opt/ros/humble/lib/x86_64-linux-gnu:/opt/ros/humble/lib:/opt/MVS/lib/64:/opt/MVS/lib/32:/opt/MVS/lib/64:/opt/MVS/lib/32:/opt/MVS/lib/64:/opt/MVS/lib/32:/opt/MVS/lib/64:/opt/MVS/lib/32:'), ('HOME', '/home/ocrv'), ('CHROME_DESKTOP', 'code.desktop'), ('OLDPWD', '/home/ocrv/sp_vision_tutorial_27/lecture4/src'), ('TERM_PROGRAM_VERSION', '1.103.2'), ('DESKTOP_SESSION', 'ubuntu'), ('ROS_PYTHON_VERSION', '3'), ('GNOME_SHELL_SESSION_MODE', 'ubuntu'), ('GTK_MODULES', 'gail:atk-bridge'), ('VSCODE_GIT_ASKPASS_MAIN', '/usr/share/code/resources/app/extensions/git/dist/askpass-main.js'), ('LC_MONETARY', 'zh_CN.UTF-8'), ('VSCODE_GIT_ASKPASS_NODE', '/usr/share/code/code'), ('SYSTEMD_EXEC_PID', '3342'), ('DBUS_SESSION_BUS_ADDRESS', 'unix:path=/run/user/1000/bus'), ('COLORTERM', 'truecolor'), ('ROS_DISTRO', 'humble'), ('GTK_IM_MODULE', 'ibus'), ('LOGNAME', 'ocrv'), ('_', '/usr/bin/colcon'), ('ROS_VERSION', '2'), ('XDG_SESSION_CLASS', 'user'), ('USERNAME', 'ocrv'), ('TERM', 'xterm-256color'), ('GNOME_DESKTOP_SESSION_ID', 'this-is-deprecated'), ('ROS_LOCALHOST_ONLY', '0'), ('WINDOWPATH', '2'), ('MVCAM_SDK_PATH', '/opt/MVS'), ('PATH', '/opt/ros/humble/bin:/usr/local/sbin:/usr/local/bin:/usr/sbin:/usr/bin:/sbin:/bin:/usr/games:/usr/local/games:/snap/bin:/snap/bin'), ('SESSION_MANAGER', 'local/ocrv-virtual-machine:@/tmp/.ICE-unix/3149,unix/ocrv-virtual-machine:/tmp/.ICE-unix/3149'), ('MVCAM_GENICAM_CLPROTOCOL', '/opt/MVS/lib/CLProtocol'), ('PAPERSIZE', 'a4'), ('XDG_MENU_PREFIX', 'gnome-'), ('LC_ADDRESS', 'zh_CN.UTF-8'), ('GNOME_TERMINAL_SCREEN', '/org/gnome/Terminal/screen/c234ed7f_a8af_4c7b_8272_e118f06c194b'), ('XDG_RUNTIME_DIR', '/run/user/1000'), ('GDK_BACKEND', 'x11'), ('DISPLAY', ':0'), ('LANG', 'zh_CN.UTF-8'), ('XDG_CURRENT_DESKTOP', 'Unity'), ('LC_TELEPHONE', 'zh_CN.UTF-8'), ('XMODIFIERS', '@im=ibus'), ('XDG_SESSION_DESKTOP', 'ubuntu'), ('XAUTHORITY', '/run/user/1000/gdm/Xauthority'), ('LS_COLORS', 'rs=0:di=01;34:ln=01;36:mh=00:pi=40;33:so=01;35:do=01;35:bd=40;33;01:cd=40;33;01:or=40;31;01:mi=00:su=37;41:sg=30;43:ca=30;41:tw=30;42:ow=34;42:st=37;44:ex=01;32:*.tar=01;31:*.tgz=01;31:*.arc=01;31:*.arj=01;31:*.taz=01;31:*.lha=01;31:*.lz4=01;31:*.lzh=01;31:*.lzma=01;31:*.tlz=01;31:*.txz=01;31:*.tzo=01;31:*.t7z=01;31:*.zip=01;31:*.z=01;31:*.dz=01;31:*.gz=01;31:*.lrz=01;31:*.lz=01;31:*.lzo=01;31:*.xz=01;31:*.zst=01;31:*.tzst=01;31:*.bz2=01;31:*.bz=01;31:*.tbz=01;31:*.tbz2=01;31:*.tz=01;31:*.deb=01;31:*.rpm=01;31:*.jar=01;31:*.war=01;31:*.ear=01;31:*.sar=01;31:*.rar=01;31:*.alz=01;31:*.ace=01;31:*.zoo=01;31:*.cpio=01;31:*.7z=01;31:*.rz=01;31:*.cab=01;31:*.wim=01;31:*.swm=01;31:*.dwm=01;31:*.esd=01;31:*.jpg=01;35:*.jpeg=01;35:*.mjpg=01;35:*.mjpeg=01;35:*.gif=01;35:*.bmp=01;35:*.pbm=01;35:*.pgm=01;35:*.ppm=01;35:*.tga=01;35:*.xbm=01;35:*.xpm=01;35:*.tif=01;35:*.tiff=01;35:*.png=01;35:*.svg=01;35:*.svgz=01;35:*.mng=01;35:*.pcx=01;35:*.mov=01;35:*.mpg=01;35:*.mpeg=01;35:*.m2v=01;35:*.mkv=01;35:*.webm=01;35:*.webp=01;35:*.ogm=01;35:*.mp4=01;35:*.m4v=01;35:*.mp4v=01;35:*.vob=01;35:*.qt=01;35:*.nuv=01;35:*.wmv=01;35:*.asf=01;35:*.rm=01;35:*.rmvb=01;35:*.flc=01;35:*.avi=01;35:*.fli=01;35:*.flv=01;35:*.gl=01;35:*.dl=01;35:*.xcf=01;35:*.xwd=01;35:*.yuv=01;35:*.cgm=01;35:*.emf=01;35:*.ogv=01;35:*.ogx=01;35:*.aac=00;36:*.au=00;36:*.flac=00;36:*.m4a=00;36:*.mid=00;36:*.midi=00;36:*.mka=00;36:*.mp3=00;36:*.mpc=00;36:*.ogg=00;36:*.ra=00;36:*.wav=00;36:*.oga=00;36:*.opus=00;36:*.spx=00;36:*.xspf=00;36:'), ('VSCODE_GIT_IPC_HANDLE', '/run/user/1000/vscode-git-963eea5680.sock'), ('GNOME_TERMINAL_SERVICE', ':1.132'), ('TERM_PROGRAM', 'vscode'), ('SSH_AGENT_LAUNCHER', 'gnome-keyring'), ('SSH_AUTH_SOCK', '/run/user/1000/keyring/ssh'), ('AMENT_PREFIX_PATH', '/opt/ros/humble'), ('ORIGINAL_XDG_CURRENT_DESKTOP', 'ubuntu:GNOME'), ('SHELL', '/bin/bash'), ('LC_NAME', 'zh_CN.UTF-8'), ('QT_ACCESSIBILITY', '1'), ('NO_AT_BRIDGE', '1'), ('GDMSESSION', 'ubuntu'), ('LESSCLOSE', '/usr/bin/lesspipe %s %s'), ('LC_MEASUREMENT', 'zh_CN.UTF-8'), ('GPG_AGENT_INFO', '/run/user/1000/gnupg/S.gpg-agent:0:1'), ('LC_IDENTIFICATION', 'zh_CN.UTF-8'), ('VSCODE_GIT_ASKPASS_EXTRA_ARGS', ''), ('QT_IM_MODULE', 'ibus'), ('PWD', '/home/ocrv/sp_vision_tutorial_27/lecture4/build/learning_node'), ('XDG_CONFIG_DIRS', '/etc/xdg/xdg-ubuntu:/etc/xdg'), ('XDG_DATA_DIRS', '/usr/share/ubuntu:/usr/share/gnome:/usr/local/share/:/usr/share/:/var/lib/snapd/desktop'), ('PYTHONPATH', '/opt/ros/humble/lib/python3.10/site-packages:/opt/ros/humble/local/lib/python3.10/dist-packages'), ('LC_NUMERIC', 'zh_CN.UTF-8'), ('MVCAM_SDK_VERSION', ''), ('LC_PAPER', 'zh_CN.UTF-8'), ('COLCON', '1'), ('VTE_VERSION', '6800'), ('MVCAM_COMMON_RUNENV', '/opt/MVS/lib'), ('CMAKE_PREFIX_PATH', '/opt/ros/humble')]), 'shell': False}
[7.463719] (-) TimerEvent: {}
[7.465710] (learning_node) StdoutLine: {'line': b'-- Install configuration: ""\n'}
[7.465925] (learning_node) StdoutLine: {'line': b'-- Installing: /home/ocrv/sp_vision_tutorial_27/lecture4/install/learning_node/lib/learning_node/helloworld_node\n'}
[7.465985] (learning_node) StdoutLine: {'line': b'-- Set runtime path of "/home/ocrv/sp_vision_tutorial_27/lecture4/install/learning_node/lib/learning_node/helloworld_node" to ""\n'}
[7.466033] (learning_node) StdoutLine: {'line': b'-- Installing: /home/ocrv/sp_vision_tutorial_27/lecture4/install/learning_node/share/ament_index/resource_index/package_run_dependencies/learning_node\n'}
[7.466070] (learning_node) StdoutLine: {'line': b'-- Installing: /home/ocrv/sp_vision_tutorial_27/lecture4/install/learning_node/share/ament_index/resource_index/parent_prefix_path/learning_node\n'}
[7.466109] (learning_node) StdoutLine: {'line': b'-- Installing: /home/ocrv/sp_vision_tutorial_27/lecture4/install/learning_node/share/learning_node/environment/ament_prefix_path.sh\n'}
[7.466137] (learning_node) StdoutLine: {'line': b'-- Installing: /home/ocrv/sp_vision_tutorial_27/lecture4/install/learning_node/share/learning_node/environment/ament_prefix_path.dsv\n'}
[7.466164] (learning_node) StdoutLine: {'line': b'-- Installing: /home/ocrv/sp_vision_tutorial_27/lecture4/install/learning_node/share/learning_node/environment/path.sh\n'}
[7.466190] (learning_node) StdoutLine: {'line': b'-- Installing: /home/ocrv/sp_vision_tutorial_27/lecture4/install/learning_node/share/learning_node/environment/path.dsv\n'}
[7.466228] (learning_node) StdoutLine: {'line': b'-- Installing: /home/ocrv/sp_vision_tutorial_27/lecture4/install/learning_node/share/learning_node/local_setup.bash\n'}
[7.468288] (learning_node) StdoutLine: {'line': b'-- Installing: /home/ocrv/sp_vision_tutorial_27/lecture4/install/learning_node/share/learning_node/local_setup.sh\n'}
[7.473198] (turtlesim) StdoutLine: {'line': b'-- Found Python3: /usr/bin/python3 (found version "3.10.12") found components: Interpreter \n'}
[7.484240] (learning_node) StdoutLine: {'line': b'-- Installing: /home/ocrv/sp_vision_tutorial_27/lecture4/install/learning_node/share/learning_node/local_setup.zsh\n'}
[7.484401] (learning_node) StdoutLine: {'line': b'-- Installing: /home/ocrv/sp_vision_tutorial_27/lecture4/install/learning_node/share/learning_node/local_setup.dsv\n'}
[7.484441] (learning_node) StdoutLine: {'line': b'-- Installing: /home/ocrv/sp_vision_tutorial_27/lecture4/install/learning_node/share/learning_node/package.dsv\n'}
[7.484486] (learning_node) StdoutLine: {'line': b'-- Installing: /home/ocrv/sp_vision_tutorial_27/lecture4/install/learning_node/share/ament_index/resource_index/packages/learning_node\n'}
[7.484518] (learning_node) StdoutLine: {'line': b'-- Installing: /home/ocrv/sp_vision_tutorial_27/lecture4/install/learning_node/share/learning_node/cmake/learning_nodeConfig.cmake\n'}
[7.484546] (learning_node) StdoutLine: {'line': b'-- Installing: /home/ocrv/sp_vision_tutorial_27/lecture4/install/learning_node/share/learning_node/cmake/learning_nodeConfig-version.cmake\n'}
[7.484573] (learning_node) StdoutLine: {'line': b'-- Installing: /home/ocrv/sp_vision_tutorial_27/lecture4/install/learning_node/share/learning_node/package.xml\n'}
[7.484602] (learning_node) CommandEnded: {'returncode': 0}
[7.500958] (learning_node) JobEnded: {'identifier': 'learning_node', 'rc': 0}
[7.502223] (qos_debugger) JobStarted: {'identifier': 'qos_debugger'}
[7.521607] (qos_debugger) JobProgress: {'identifier': 'qos_debugger', 'progress': 'cmake'}
[7.522028] (qos_debugger) Command: {'cmd': ['/usr/bin/cmake', '/home/ocrv/sp_vision_tutorial_27/lecture4/homework/src/qos_debugger', '-DCMAKE_INSTALL_PREFIX=/home/ocrv/sp_vision_tutorial_27/lecture4/install/qos_debugger'], 'cwd': '/home/ocrv/sp_vision_tutorial_27/lecture4/build/qos_debugger', 'env': OrderedDict([('LESSOPEN', '| /usr/bin/lesspipe %s'), ('LANGUAGE', 'zh_CN:en'), ('USER', 'ocrv'), ('LC_TIME', 'zh_CN.UTF-8'), ('XDG_SESSION_TYPE', 'x11'), ('ALLUSERSPROFILE', '/opt/MVS/MVFG'), ('GIT_ASKPASS', '/usr/share/code/resources/app/extensions/git/dist/askpass.sh'), ('SHLVL', '2'), ('LD_LIBRARY_PATH', '/home/ocrv/sp_vision_tutorial_27/lecture4/install/nav_hw_interfaces/lib:/opt/ros/humble/opt/rviz_ogre_vendor/lib:/opt/ros/humble/lib/x86_64-linux-gnu:/opt/ros/humble/lib:/opt/MVS/lib/64:/opt/MVS/lib/32:/opt/MVS/lib/64:/opt/MVS/lib/32:/opt/MVS/lib/64:/opt/MVS/lib/32:/opt/MVS/lib/64:/opt/MVS/lib/32'), ('HOME', '/home/ocrv'), ('CHROME_DESKTOP', 'code.desktop'), ('OLDPWD', '/home/ocrv/sp_vision_tutorial_27/lecture4/src'), ('TERM_PROGRAM_VERSION', '1.103.2'), ('DESKTOP_SESSION', 'ubuntu'), ('ROS_PYTHON_VERSION', '3'), ('GNOME_SHELL_SESSION_MODE', 'ubuntu'), ('GTK_MODULES', 'gail:atk-bridge'), ('VSCODE_GIT_ASKPASS_MAIN', '/usr/share/code/resources/app/extensions/git/dist/askpass-main.js'), ('LC_MONETARY', 'zh_CN.UTF-8'), ('VSCODE_GIT_ASKPASS_NODE', '/usr/share/code/code'), ('SYSTEMD_EXEC_PID', '3342'), ('DBUS_SESSION_BUS_ADDRESS', 'unix:path=/run/user/1000/bus'), ('COLORTERM', 'truecolor'), ('ROS_DISTRO', 'humble'), ('GTK_IM_MODULE', 'ibus'), ('LOGNAME', 'ocrv'), ('_', '/usr/bin/colcon'), ('ROS_VERSION', '2'), ('XDG_SESSION_CLASS', 'user'), ('USERNAME', 'ocrv'), ('TERM', 'xterm-256color'), ('GNOME_DESKTOP_SESSION_ID', 'this-is-deprecated'), ('ROS_LOCALHOST_ONLY', '0'), ('WINDOWPATH', '2'), ('MVCAM_SDK_PATH', '/opt/MVS'), ('PATH', '/opt/ros/humble/bin:/usr/local/sbin:/usr/local/bin:/usr/sbin:/usr/bin:/sbin:/bin:/usr/games:/usr/local/games:/snap/bin:/snap/bin'), ('SESSION_MANAGER', 'local/ocrv-virtual-machine:@/tmp/.ICE-unix/3149,unix/ocrv-virtual-machine:/tmp/.ICE-unix/3149'), ('MVCAM_GENICAM_CLPROTOCOL', '/opt/MVS/lib/CLProtocol'), ('PAPERSIZE', 'a4'), ('XDG_MENU_PREFIX', 'gnome-'), ('LC_ADDRESS', 'zh_CN.UTF-8'), ('GNOME_TERMINAL_SCREEN', '/org/gnome/Terminal/screen/c234ed7f_a8af_4c7b_8272_e118f06c194b'), ('XDG_RUNTIME_DIR', '/run/user/1000'), ('GDK_BACKEND', 'x11'), ('DISPLAY', ':0'), ('LANG', 'zh_CN.UTF-8'), ('XDG_CURRENT_DESKTOP', 'Unity'), ('LC_TELEPHONE', 'zh_CN.UTF-8'), ('XMODIFIERS', '@im=ibus'), ('XDG_SESSION_DESKTOP', 'ubuntu'), ('XAUTHORITY', '/run/user/1000/gdm/Xauthority'), ('LS_COLORS', 'rs=0:di=01;34:ln=01;36:mh=00:pi=40;33:so=01;35:do=01;35:bd=40;33;01:cd=40;33;01:or=40;31;01:mi=00:su=37;41:sg=30;43:ca=30;41:tw=30;42:ow=34;42:st=37;44:ex=01;32:*.tar=01;31:*.tgz=01;31:*.arc=01;31:*.arj=01;31:*.taz=01;31:*.lha=01;31:*.lz4=01;31:*.lzh=01;31:*.lzma=01;31:*.tlz=01;31:*.txz=01;31:*.tzo=01;31:*.t7z=01;31:*.zip=01;31:*.z=01;31:*.dz=01;31:*.gz=01;31:*.lrz=01;31:*.lz=01;31:*.lzo=01;31:*.xz=01;31:*.zst=01;31:*.tzst=01;31:*.bz2=01;31:*.bz=01;31:*.tbz=01;31:*.tbz2=01;31:*.tz=01;31:*.deb=01;31:*.rpm=01;31:*.jar=01;31:*.war=01;31:*.ear=01;31:*.sar=01;31:*.rar=01;31:*.alz=01;31:*.ace=01;31:*.zoo=01;31:*.cpio=01;31:*.7z=01;31:*.rz=01;31:*.cab=01;31:*.wim=01;31:*.swm=01;31:*.dwm=01;31:*.esd=01;31:*.jpg=01;35:*.jpeg=01;35:*.mjpg=01;35:*.mjpeg=01;35:*.gif=01;35:*.bmp=01;35:*.pbm=01;35:*.pgm=01;35:*.ppm=01;35:*.tga=01;35:*.xbm=01;35:*.xpm=01;35:*.tif=01;35:*.tiff=01;35:*.png=01;35:*.svg=01;35:*.svgz=01;35:*.mng=01;35:*.pcx=01;35:*.mov=01;35:*.mpg=01;35:*.mpeg=01;35:*.m2v=01;35:*.mkv=01;35:*.webm=01;35:*.webp=01;35:*.ogm=01;35:*.mp4=01;35:*.m4v=01;35:*.mp4v=01;35:*.vob=01;35:*.qt=01;35:*.nuv=01;35:*.wmv=01;35:*.asf=01;35:*.rm=01;35:*.rmvb=01;35:*.flc=01;35:*.avi=01;35:*.fli=01;35:*.flv=01;35:*.gl=01;35:*.dl=01;35:*.xcf=01;35:*.xwd=01;35:*.yuv=01;35:*.cgm=01;35:*.emf=01;35:*.ogv=01;35:*.ogx=01;35:*.aac=00;36:*.au=00;36:*.flac=00;36:*.m4a=00;36:*.mid=00;36:*.midi=00;36:*.mka=00;36:*.mp3=00;36:*.mpc=00;36:*.ogg=00;36:*.ra=00;36:*.wav=00;36:*.oga=00;36:*.opus=00;36:*.spx=00;36:*.xspf=00;36:'), ('VSCODE_GIT_IPC_HANDLE', '/run/user/1000/vscode-git-963eea5680.sock'), ('GNOME_TERMINAL_SERVICE', ':1.132'), ('TERM_PROGRAM', 'vscode'), ('SSH_AGENT_LAUNCHER', 'gnome-keyring'), ('SSH_AUTH_SOCK', '/run/user/1000/keyring/ssh'), ('AMENT_PREFIX_PATH', '/home/ocrv/sp_vision_tutorial_27/lecture4/install/nav_hw_interfaces:/opt/ros/humble'), ('ORIGINAL_XDG_CURRENT_DESKTOP', 'ubuntu:GNOME'), ('SHELL', '/bin/bash'), ('LC_NAME', 'zh_CN.UTF-8'), ('QT_ACCESSIBILITY', '1'), ('NO_AT_BRIDGE', '1'), ('GDMSESSION', 'ubuntu'), ('LESSCLOSE', '/usr/bin/lesspipe %s %s'), ('LC_MEASUREMENT', 'zh_CN.UTF-8'), ('GPG_AGENT_INFO', '/run/user/1000/gnupg/S.gpg-agent:0:1'), ('LC_IDENTIFICATION', 'zh_CN.UTF-8'), ('VSCODE_GIT_ASKPASS_EXTRA_ARGS', ''), ('QT_IM_MODULE', 'ibus'), ('PWD', '/home/ocrv/sp_vision_tutorial_27/lecture4/build/qos_debugger'), ('XDG_CONFIG_DIRS', '/etc/xdg/xdg-ubuntu:/etc/xdg'), ('XDG_DATA_DIRS', '/usr/share/ubuntu:/usr/share/gnome:/usr/local/share/:/usr/share/:/var/lib/snapd/desktop'), ('PYTHONPATH', '/home/ocrv/sp_vision_tutorial_27/lecture4/install/nav_hw_interfaces/local/lib/python3.10/dist-packages:/opt/ros/humble/lib/python3.10/site-packages:/opt/ros/humble/local/lib/python3.10/dist-packages'), ('LC_NUMERIC', 'zh_CN.UTF-8'), ('MVCAM_SDK_VERSION', ''), ('LC_PAPER', 'zh_CN.UTF-8'), ('COLCON', '1'), ('VTE_VERSION', '6800'), ('MVCAM_COMMON_RUNENV', '/opt/MVS/lib'), ('CMAKE_PREFIX_PATH', '/home/ocrv/sp_vision_tutorial_27/lecture4/install/nav_hw_interfaces:/opt/ros/humble')]), 'shell': False}
[7.563824] (-) TimerEvent: {}
[7.656721] (qos_debugger) StdoutLine: {'line': b'-- The C compiler identification is GNU 11.4.0\n'}
[7.656998] (turtlesim) StdoutLine: {'line': b'-- Found ament_index_cpp: 1.4.1 (/opt/ros/humble/share/ament_index_cpp/cmake)\n'}
[7.662925] (turtlesim) StdoutLine: {'line': b'-- Found geometry_msgs: 4.9.2 (/opt/ros/humble/share/geometry_msgs/cmake)\n'}
[7.663907] (-) TimerEvent: {}
[7.732258] (turtlesim) StdoutLine: {'line': b'-- Found rosidl_generator_c: 3.1.9 (/opt/ros/humble/share/rosidl_generator_c/cmake)\n'}
[7.736361] (turtlesim) StdoutLine: {'line': b'-- Found rosidl_adapter: 3.1.9 (/opt/ros/humble/share/rosidl_adapter/cmake)\n'}
[7.749136] (turtlesim) StdoutLine: {'line': b'-- Found rosidl_generator_cpp: 3.1.9 (/opt/ros/humble/share/rosidl_generator_cpp/cmake)\n'}
[7.764824] (-) TimerEvent: {}
[7.765126] (turtlesim) StdoutLine: {'line': b'-- Using all available rosidl_typesupport_c: rosidl_typesupport_fastrtps_c;rosidl_typesupport_introspection_c\n'}
[7.797421] (qos_debugger) StdoutLine: {'line': b'-- The CXX compiler identification is GNU 11.4.0\n'}
[7.798326] (turtlesim) StdoutLine: {'line': b'-- Using all available rosidl_typesupport_cpp: rosidl_typesupport_fastrtps_cpp;rosidl_typesupport_introspection_cpp\n'}
[7.809662] (qos_debugger) StdoutLine: {'line': b'-- Detecting C compiler ABI info\n'}
[7.864946] (-) TimerEvent: {}
[7.913349] (turtlesim) StdoutLine: {'line': b'-- Found rclcpp: 16.0.21 (/opt/ros/humble/share/rclcpp/cmake)\n'}
[7.965082] (-) TimerEvent: {}
[7.969363] (qos_debugger) StdoutLine: {'line': b'-- Detecting C compiler ABI info - done\n'}
[7.975679] (turtlesim) StdoutLine: {'line': b'-- Found rmw_implementation_cmake: 6.1.4 (/opt/ros/humble/share/rmw_implementation_cmake/cmake)\n'}
[7.978278] (qos_debugger) StdoutLine: {'line': b'-- Check for working C compiler: /usr/bin/cc - skipped\n'}
[7.978477] (qos_debugger) StdoutLine: {'line': b'-- Detecting C compile features\n'}
[7.978845] (qos_debugger) StdoutLine: {'line': b'-- Detecting C compile features - done\n'}
[7.980270] (turtlesim) StdoutLine: {'line': b'-- Found rmw_fastrtps_cpp: 6.2.10 (/opt/ros/humble/share/rmw_fastrtps_cpp/cmake)\n'}
[7.982915] (qos_debugger) StdoutLine: {'line': b'-- Detecting CXX compiler ABI info\n'}
[8.065195] (-) TimerEvent: {}
[8.119330] (turtlesim) StdoutLine: {'line': b'-- Found OpenSSL: /usr/lib/x86_64-linux-gnu/libcrypto.so (found version "3.0.2")  \n'}
[8.165399] (-) TimerEvent: {}
[8.174962] (turtlesim) StdoutLine: {'line': b'-- Found FastRTPS: /opt/ros/humble/include  \n'}
[8.180551] (qos_debugger) StdoutLine: {'line': b'-- Detecting CXX compiler ABI info - done\n'}
[8.198873] (qos_debugger) StdoutLine: {'line': b'-- Check for working CXX compiler: /usr/bin/c++ - skipped\n'}
[8.204429] (qos_debugger) StdoutLine: {'line': b'-- Detecting CXX compile features\n'}
[8.204740] (qos_debugger) StdoutLine: {'line': b'-- Detecting CXX compile features - done\n'}
[8.207423] (qos_debugger) StdoutLine: {'line': b'-- Found ament_cmake: 1.3.14 (/opt/ros/humble/share/ament_cmake/cmake)\n'}
[8.238436] (turtlesim) StdoutLine: {'line': b"-- Using RMW implementation 'rmw_fastrtps_cpp' as default\n"}
[8.250863] (turtlesim) StdoutLine: {'line': b'-- Looking for pthread.h\n'}
[8.265506] (-) TimerEvent: {}
[8.365876] (-) TimerEvent: {}
[8.460282] (turtlesim) StdoutLine: {'line': b'-- Looking for pthread.h - found\n'}
[8.462024] (turtlesim) StdoutLine: {'line': b'-- Performing Test CMAKE_HAVE_LIBC_PTHREAD\n'}
[8.467550] (-) TimerEvent: {}
[8.502294] (qos_debugger) StdoutLine: {'line': b'-- Found Python3: /usr/bin/python3 (found version "3.10.12") found components: Interpreter \n'}
[8.567764] (-) TimerEvent: {}
[8.586585] (qos_debugger) StdoutLine: {'line': b'-- Found rclcpp: 16.0.21 (/opt/ros/humble/share/rclcpp/cmake)\n'}
[8.624256] (turtlesim) StdoutLine: {'line': b'-- Performing Test CMAKE_HAVE_LIBC_PTHREAD - Success\n'}
[8.624424] (turtlesim) StdoutLine: {'line': b'-- Found Threads: TRUE  \n'}
[8.657341] (qos_debugger) StdoutLine: {'line': b'-- Found rosidl_generator_c: 3.1.9 (/opt/ros/humble/share/rosidl_generator_c/cmake)\n'}
[8.663287] (qos_debugger) StdoutLine: {'line': b'-- Found rosidl_adapter: 3.1.9 (/opt/ros/humble/share/rosidl_adapter/cmake)\n'}
[8.668265] (-) TimerEvent: {}
[8.674998] (qos_debugger) StdoutLine: {'line': b'-- Found rosidl_generator_cpp: 3.1.9 (/opt/ros/humble/share/rosidl_generator_cpp/cmake)\n'}
[8.683721] (turtlesim) StdoutLine: {'line': b'-- Found rclcpp_action: 16.0.21 (/opt/ros/humble/share/rclcpp_action/cmake)\n'}
[8.705713] (qos_debugger) StdoutLine: {'line': b'-- Using all available rosidl_typesupport_c: rosidl_typesupport_fastrtps_c;rosidl_typesupport_introspection_c\n'}
[8.735466] (qos_debugger) StdoutLine: {'line': b'-- Using all available rosidl_typesupport_cpp: rosidl_typesupport_fastrtps_cpp;rosidl_typesupport_introspection_cpp\n'}
[8.743005] (topic_learning_pub) StdoutLine: {'line': b'[ 75%] \x1b[32m\x1b[1mLinking CXX executable publisher_node\x1b[0m\n'}
[8.755139] (turtlesim) StdoutLine: {'line': b'-- Found rosidl_default_generators: 1.2.1 (/opt/ros/humble/share/rosidl_default_generators/cmake)\n'}
[8.768391] (-) TimerEvent: {}
[8.790247] (turtlesim) StdoutLine: {'line': b'-- Found std_srvs: 4.9.2 (/opt/ros/humble/share/std_srvs/cmake)\n'}
[8.793141] (qos_debugger) StdoutLine: {'line': b'-- Found rmw_implementation_cmake: 6.1.4 (/opt/ros/humble/share/rmw_implementation_cmake/cmake)\n'}
[8.793958] (qos_debugger) StdoutLine: {'line': b'-- Found rmw_fastrtps_cpp: 6.2.10 (/opt/ros/humble/share/rmw_fastrtps_cpp/cmake)\n'}
[8.871058] (-) TimerEvent: {}
[8.951633] (qos_debugger) StdoutLine: {'line': b'-- Found OpenSSL: /usr/lib/x86_64-linux-gnu/libcrypto.so (found version "3.0.2")  \n'}
[8.971192] (-) TimerEvent: {}
[8.971886] (qos_debugger) StdoutLine: {'line': b'-- Found FastRTPS: /opt/ros/humble/include  \n'}
[9.040438] (qos_debugger) StdoutLine: {'line': b"-- Using RMW implementation 'rmw_fastrtps_cpp' as default\n"}
[9.070298] (qos_debugger) StdoutLine: {'line': b'-- Looking for pthread.h\n'}
[9.073259] (-) TimerEvent: {}
[9.113328] (topic_learning_pub) StdoutLine: {'line': b'[ 75%] Built target publisher_node\n'}
[9.173386] (-) TimerEvent: {}
[9.236610] (qos_debugger) StdoutLine: {'line': b'-- Looking for pthread.h - found\n'}
[9.237013] (qos_debugger) StdoutLine: {'line': b'-- Performing Test CMAKE_HAVE_LIBC_PTHREAD\n'}
[9.273493] (-) TimerEvent: {}
[9.352609] (turtlesim) StdoutLine: {'line': b'-- Found ament_cmake_ros: 0.10.1 (/opt/ros/humble/share/ament_cmake_ros/cmake)\n'}
[9.373604] (-) TimerEvent: {}
[9.448376] (qos_debugger) StdoutLine: {'line': b'-- Performing Test CMAKE_HAVE_LIBC_PTHREAD - Success\n'}
[9.448570] (qos_debugger) StdoutLine: {'line': b'-- Found Threads: TRUE  \n'}
[9.473726] (-) TimerEvent: {}
[9.531464] (qos_debugger) StdoutLine: {'line': b'-- Found nav_hw_interfaces: 0.0.0 (/home/ocrv/sp_vision_tutorial_27/lecture4/install/nav_hw_interfaces/share/nav_hw_interfaces/cmake)\n'}
[9.573830] (-) TimerEvent: {}
[9.627483] (topic_learning_pub) StdoutLine: {'line': b'[100%] \x1b[32m\x1b[1mLinking CXX executable qos_publisher\x1b[0m\n'}
[9.651508] (qos_debugger) StdoutLine: {'line': b'-- Configuring done\n'}
[9.673940] (-) TimerEvent: {}
[9.680663] (qos_debugger) StdoutLine: {'line': b'-- Generating done\n'}
[9.690337] (qos_debugger) StdoutLine: {'line': b'-- Build files have been written to: /home/ocrv/sp_vision_tutorial_27/lecture4/build/qos_debugger\n'}
[9.707637] (qos_debugger) CommandEnded: {'returncode': 0}
[9.708003] (qos_debugger) JobProgress: {'identifier': 'qos_debugger', 'progress': 'build'}
[9.712388] (qos_debugger) Command: {'cmd': ['/usr/bin/cmake', '--build', '/home/ocrv/sp_vision_tutorial_27/lecture4/build/qos_debugger', '--', '-j4', '-l4'], 'cwd': '/home/ocrv/sp_vision_tutorial_27/lecture4/build/qos_debugger', 'env': OrderedDict([('LESSOPEN', '| /usr/bin/lesspipe %s'), ('LANGUAGE', 'zh_CN:en'), ('USER', 'ocrv'), ('LC_TIME', 'zh_CN.UTF-8'), ('XDG_SESSION_TYPE', 'x11'), ('ALLUSERSPROFILE', '/opt/MVS/MVFG'), ('GIT_ASKPASS', '/usr/share/code/resources/app/extensions/git/dist/askpass.sh'), ('SHLVL', '2'), ('LD_LIBRARY_PATH', '/home/ocrv/sp_vision_tutorial_27/lecture4/install/nav_hw_interfaces/lib:/opt/ros/humble/opt/rviz_ogre_vendor/lib:/opt/ros/humble/lib/x86_64-linux-gnu:/opt/ros/humble/lib:/opt/MVS/lib/64:/opt/MVS/lib/32:/opt/MVS/lib/64:/opt/MVS/lib/32:/opt/MVS/lib/64:/opt/MVS/lib/32:/opt/MVS/lib/64:/opt/MVS/lib/32'), ('HOME', '/home/ocrv'), ('CHROME_DESKTOP', 'code.desktop'), ('OLDPWD', '/home/ocrv/sp_vision_tutorial_27/lecture4/src'), ('TERM_PROGRAM_VERSION', '1.103.2'), ('DESKTOP_SESSION', 'ubuntu'), ('ROS_PYTHON_VERSION', '3'), ('GNOME_SHELL_SESSION_MODE', 'ubuntu'), ('GTK_MODULES', 'gail:atk-bridge'), ('VSCODE_GIT_ASKPASS_MAIN', '/usr/share/code/resources/app/extensions/git/dist/askpass-main.js'), ('LC_MONETARY', 'zh_CN.UTF-8'), ('VSCODE_GIT_ASKPASS_NODE', '/usr/share/code/code'), ('SYSTEMD_EXEC_PID', '3342'), ('DBUS_SESSION_BUS_ADDRESS', 'unix:path=/run/user/1000/bus'), ('COLORTERM', 'truecolor'), ('ROS_DISTRO', 'humble'), ('GTK_IM_MODULE', 'ibus'), ('LOGNAME', 'ocrv'), ('_', '/usr/bin/colcon'), ('ROS_VERSION', '2'), ('XDG_SESSION_CLASS', 'user'), ('USERNAME', 'ocrv'), ('TERM', 'xterm-256color'), ('GNOME_DESKTOP_SESSION_ID', 'this-is-deprecated'), ('ROS_LOCALHOST_ONLY', '0'), ('WINDOWPATH', '2'), ('MVCAM_SDK_PATH', '/opt/MVS'), ('PATH', '/opt/ros/humble/bin:/usr/local/sbin:/usr/local/bin:/usr/sbin:/usr/bin:/sbin:/bin:/usr/games:/usr/local/games:/snap/bin:/snap/bin'), ('SESSION_MANAGER', 'local/ocrv-virtual-machine:@/tmp/.ICE-unix/3149,unix/ocrv-virtual-machine:/tmp/.ICE-unix/3149'), ('MVCAM_GENICAM_CLPROTOCOL', '/opt/MVS/lib/CLProtocol'), ('PAPERSIZE', 'a4'), ('XDG_MENU_PREFIX', 'gnome-'), ('LC_ADDRESS', 'zh_CN.UTF-8'), ('GNOME_TERMINAL_SCREEN', '/org/gnome/Terminal/screen/c234ed7f_a8af_4c7b_8272_e118f06c194b'), ('XDG_RUNTIME_DIR', '/run/user/1000'), ('GDK_BACKEND', 'x11'), ('DISPLAY', ':0'), ('LANG', 'zh_CN.UTF-8'), ('XDG_CURRENT_DESKTOP', 'Unity'), ('LC_TELEPHONE', 'zh_CN.UTF-8'), ('XMODIFIERS', '@im=ibus'), ('XDG_SESSION_DESKTOP', 'ubuntu'), ('XAUTHORITY', '/run/user/1000/gdm/Xauthority'), ('LS_COLORS', 'rs=0:di=01;34:ln=01;36:mh=00:pi=40;33:so=01;35:do=01;35:bd=40;33;01:cd=40;33;01:or=40;31;01:mi=00:su=37;41:sg=30;43:ca=30;41:tw=30;42:ow=34;42:st=37;44:ex=01;32:*.tar=01;31:*.tgz=01;31:*.arc=01;31:*.arj=01;31:*.taz=01;31:*.lha=01;31:*.lz4=01;31:*.lzh=01;31:*.lzma=01;31:*.tlz=01;31:*.txz=01;31:*.tzo=01;31:*.t7z=01;31:*.zip=01;31:*.z=01;31:*.dz=01;31:*.gz=01;31:*.lrz=01;31:*.lz=01;31:*.lzo=01;31:*.xz=01;31:*.zst=01;31:*.tzst=01;31:*.bz2=01;31:*.bz=01;31:*.tbz=01;31:*.tbz2=01;31:*.tz=01;31:*.deb=01;31:*.rpm=01;31:*.jar=01;31:*.war=01;31:*.ear=01;31:*.sar=01;31:*.rar=01;31:*.alz=01;31:*.ace=01;31:*.zoo=01;31:*.cpio=01;31:*.7z=01;31:*.rz=01;31:*.cab=01;31:*.wim=01;31:*.swm=01;31:*.dwm=01;31:*.esd=01;31:*.jpg=01;35:*.jpeg=01;35:*.mjpg=01;35:*.mjpeg=01;35:*.gif=01;35:*.bmp=01;35:*.pbm=01;35:*.pgm=01;35:*.ppm=01;35:*.tga=01;35:*.xbm=01;35:*.xpm=01;35:*.tif=01;35:*.tiff=01;35:*.png=01;35:*.svg=01;35:*.svgz=01;35:*.mng=01;35:*.pcx=01;35:*.mov=01;35:*.mpg=01;35:*.mpeg=01;35:*.m2v=01;35:*.mkv=01;35:*.webm=01;35:*.webp=01;35:*.ogm=01;35:*.mp4=01;35:*.m4v=01;35:*.mp4v=01;35:*.vob=01;35:*.qt=01;35:*.nuv=01;35:*.wmv=01;35:*.asf=01;35:*.rm=01;35:*.rmvb=01;35:*.flc=01;35:*.avi=01;35:*.fli=01;35:*.flv=01;35:*.gl=01;35:*.dl=01;35:*.xcf=01;35:*.xwd=01;35:*.yuv=01;35:*.cgm=01;35:*.emf=01;35:*.ogv=01;35:*.ogx=01;35:*.aac=00;36:*.au=00;36:*.flac=00;36:*.m4a=00;36:*.mid=00;36:*.midi=00;36:*.mka=00;36:*.mp3=00;36:*.mpc=00;36:*.ogg=00;36:*.ra=00;36:*.wav=00;36:*.oga=00;36:*.opus=00;36:*.spx=00;36:*.xspf=00;36:'), ('VSCODE_GIT_IPC_HANDLE', '/run/user/1000/vscode-git-963eea5680.sock'), ('GNOME_TERMINAL_SERVICE', ':1.132'), ('TERM_PROGRAM', 'vscode'), ('SSH_AGENT_LAUNCHER', 'gnome-keyring'), ('SSH_AUTH_SOCK', '/run/user/1000/keyring/ssh'), ('AMENT_PREFIX_PATH', '/home/ocrv/sp_vision_tutorial_27/lecture4/install/nav_hw_interfaces:/opt/ros/humble'), ('ORIGINAL_XDG_CURRENT_DESKTOP', 'ubuntu:GNOME'), ('SHELL', '/bin/bash'), ('LC_NAME', 'zh_CN.UTF-8'), ('QT_ACCESSIBILITY', '1'), ('NO_AT_BRIDGE', '1'), ('GDMSESSION', 'ubuntu'), ('LESSCLOSE', '/usr/bin/lesspipe %s %s'), ('LC_MEASUREMENT', 'zh_CN.UTF-8'), ('GPG_AGENT_INFO', '/run/user/1000/gnupg/S.gpg-agent:0:1'), ('LC_IDENTIFICATION', 'zh_CN.UTF-8'), ('VSCODE_GIT_ASKPASS_EXTRA_ARGS', ''), ('QT_IM_MODULE', 'ibus'), ('PWD', '/home/ocrv/sp_vision_tutorial_27/lecture4/build/qos_debugger'), ('XDG_CONFIG_DIRS', '/etc/xdg/xdg-ubuntu:/etc/xdg'), ('XDG_DATA_DIRS', '/usr/share/ubuntu:/usr/share/gnome:/usr/local/share/:/usr/share/:/var/lib/snapd/desktop'), ('PYTHONPATH', '/home/ocrv/sp_vision_tutorial_27/lecture4/install/nav_hw_interfaces/local/lib/python3.10/dist-packages:/opt/ros/humble/lib/python3.10/site-packages:/opt/ros/humble/local/lib/python3.10/dist-packages'), ('LC_NUMERIC', 'zh_CN.UTF-8'), ('MVCAM_SDK_VERSION', ''), ('LC_PAPER', 'zh_CN.UTF-8'), ('COLCON', '1'), ('VTE_VERSION', '6800'), ('MVCAM_COMMON_RUNENV', '/opt/MVS/lib'), ('CMAKE_PREFIX_PATH', '/home/ocrv/sp_vision_tutorial_27/lecture4/install/nav_hw_interfaces:/opt/ros/humble')]), 'shell': False}
[9.774064] (-) TimerEvent: {}
[9.810565] (turtlesim) StdoutLine: {'line': b'-- Using all available rosidl_typesupport_c: rosidl_typesupport_fastrtps_c;rosidl_typesupport_introspection_c\n'}
[9.815487] (qos_debugger) StdoutLine: {'line': b'[ 25%] \x1b[32mBuilding CXX object CMakeFiles/qos_debugger_sub.dir/src/qos_debugger_sub.cpp.o\x1b[0m\n'}
[9.820587] (qos_debugger) StdoutLine: {'line': b'[ 50%] \x1b[32mBuilding CXX object CMakeFiles/qos_debugger_pub.dir/src/qos_debugger_pub.cpp.o\x1b[0m\n'}
[9.869863] (topic_learning_pub) StdoutLine: {'line': b'[100%] Built target qos_publisher\n'}
[9.874152] (-) TimerEvent: {}
[9.911289] (topic_learning_pub) CommandEnded: {'returncode': 0}
[9.911683] (topic_learning_pub) JobProgress: {'identifier': 'topic_learning_pub', 'progress': 'install'}
[9.911703] (topic_learning_pub) Command: {'cmd': ['/usr/bin/cmake', '--install', '/home/ocrv/sp_vision_tutorial_27/lecture4/build/topic_learning_pub'], 'cwd': '/home/ocrv/sp_vision_tutorial_27/lecture4/build/topic_learning_pub', 'env': OrderedDict([('LESSOPEN', '| /usr/bin/lesspipe %s'), ('LANGUAGE', 'zh_CN:en'), ('USER', 'ocrv'), ('LC_TIME', 'zh_CN.UTF-8'), ('XDG_SESSION_TYPE', 'x11'), ('ALLUSERSPROFILE', '/opt/MVS/MVFG'), ('GIT_ASKPASS', '/usr/share/code/resources/app/extensions/git/dist/askpass.sh'), ('SHLVL', '2'), ('LD_LIBRARY_PATH', '/opt/ros/humble/opt/rviz_ogre_vendor/lib:/opt/ros/humble/lib/x86_64-linux-gnu:/opt/ros/humble/lib:/opt/MVS/lib/64:/opt/MVS/lib/32:/opt/MVS/lib/64:/opt/MVS/lib/32:/opt/MVS/lib/64:/opt/MVS/lib/32:/opt/MVS/lib/64:/opt/MVS/lib/32:'), ('HOME', '/home/ocrv'), ('CHROME_DESKTOP', 'code.desktop'), ('OLDPWD', '/home/ocrv/sp_vision_tutorial_27/lecture4/src'), ('TERM_PROGRAM_VERSION', '1.103.2'), ('DESKTOP_SESSION', 'ubuntu'), ('ROS_PYTHON_VERSION', '3'), ('GNOME_SHELL_SESSION_MODE', 'ubuntu'), ('GTK_MODULES', 'gail:atk-bridge'), ('VSCODE_GIT_ASKPASS_MAIN', '/usr/share/code/resources/app/extensions/git/dist/askpass-main.js'), ('LC_MONETARY', 'zh_CN.UTF-8'), ('VSCODE_GIT_ASKPASS_NODE', '/usr/share/code/code'), ('SYSTEMD_EXEC_PID', '3342'), ('DBUS_SESSION_BUS_ADDRESS', 'unix:path=/run/user/1000/bus'), ('COLORTERM', 'truecolor'), ('ROS_DISTRO', 'humble'), ('GTK_IM_MODULE', 'ibus'), ('LOGNAME', 'ocrv'), ('_', '/usr/bin/colcon'), ('ROS_VERSION', '2'), ('XDG_SESSION_CLASS', 'user'), ('USERNAME', 'ocrv'), ('TERM', 'xterm-256color'), ('GNOME_DESKTOP_SESSION_ID', 'this-is-deprecated'), ('ROS_LOCALHOST_ONLY', '0'), ('WINDOWPATH', '2'), ('MVCAM_SDK_PATH', '/opt/MVS'), ('PATH', '/opt/ros/humble/bin:/usr/local/sbin:/usr/local/bin:/usr/sbin:/usr/bin:/sbin:/bin:/usr/games:/usr/local/games:/snap/bin:/snap/bin'), ('SESSION_MANAGER', 'local/ocrv-virtual-machine:@/tmp/.ICE-unix/3149,unix/ocrv-virtual-machine:/tmp/.ICE-unix/3149'), ('MVCAM_GENICAM_CLPROTOCOL', '/opt/MVS/lib/CLProtocol'), ('PAPERSIZE', 'a4'), ('XDG_MENU_PREFIX', 'gnome-'), ('LC_ADDRESS', 'zh_CN.UTF-8'), ('GNOME_TERMINAL_SCREEN', '/org/gnome/Terminal/screen/c234ed7f_a8af_4c7b_8272_e118f06c194b'), ('XDG_RUNTIME_DIR', '/run/user/1000'), ('GDK_BACKEND', 'x11'), ('DISPLAY', ':0'), ('LANG', 'zh_CN.UTF-8'), ('XDG_CURRENT_DESKTOP', 'Unity'), ('LC_TELEPHONE', 'zh_CN.UTF-8'), ('XMODIFIERS', '@im=ibus'), ('XDG_SESSION_DESKTOP', 'ubuntu'), ('XAUTHORITY', '/run/user/1000/gdm/Xauthority'), ('LS_COLORS', 'rs=0:di=01;34:ln=01;36:mh=00:pi=40;33:so=01;35:do=01;35:bd=40;33;01:cd=40;33;01:or=40;31;01:mi=00:su=37;41:sg=30;43:ca=30;41:tw=30;42:ow=34;42:st=37;44:ex=01;32:*.tar=01;31:*.tgz=01;31:*.arc=01;31:*.arj=01;31:*.taz=01;31:*.lha=01;31:*.lz4=01;31:*.lzh=01;31:*.lzma=01;31:*.tlz=01;31:*.txz=01;31:*.tzo=01;31:*.t7z=01;31:*.zip=01;31:*.z=01;31:*.dz=01;31:*.gz=01;31:*.lrz=01;31:*.lz=01;31:*.lzo=01;31:*.xz=01;31:*.zst=01;31:*.tzst=01;31:*.bz2=01;31:*.bz=01;31:*.tbz=01;31:*.tbz2=01;31:*.tz=01;31:*.deb=01;31:*.rpm=01;31:*.jar=01;31:*.war=01;31:*.ear=01;31:*.sar=01;31:*.rar=01;31:*.alz=01;31:*.ace=01;31:*.zoo=01;31:*.cpio=01;31:*.7z=01;31:*.rz=01;31:*.cab=01;31:*.wim=01;31:*.swm=01;31:*.dwm=01;31:*.esd=01;31:*.jpg=01;35:*.jpeg=01;35:*.mjpg=01;35:*.mjpeg=01;35:*.gif=01;35:*.bmp=01;35:*.pbm=01;35:*.pgm=01;35:*.ppm=01;35:*.tga=01;35:*.xbm=01;35:*.xpm=01;35:*.tif=01;35:*.tiff=01;35:*.png=01;35:*.svg=01;35:*.svgz=01;35:*.mng=01;35:*.pcx=01;35:*.mov=01;35:*.mpg=01;35:*.mpeg=01;35:*.m2v=01;35:*.mkv=01;35:*.webm=01;35:*.webp=01;35:*.ogm=01;35:*.mp4=01;35:*.m4v=01;35:*.mp4v=01;35:*.vob=01;35:*.qt=01;35:*.nuv=01;35:*.wmv=01;35:*.asf=01;35:*.rm=01;35:*.rmvb=01;35:*.flc=01;35:*.avi=01;35:*.fli=01;35:*.flv=01;35:*.gl=01;35:*.dl=01;35:*.xcf=01;35:*.xwd=01;35:*.yuv=01;35:*.cgm=01;35:*.emf=01;35:*.ogv=01;35:*.ogx=01;35:*.aac=00;36:*.au=00;36:*.flac=00;36:*.m4a=00;36:*.mid=00;36:*.midi=00;36:*.mka=00;36:*.mp3=00;36:*.mpc=00;36:*.ogg=00;36:*.ra=00;36:*.wav=00;36:*.oga=00;36:*.opus=00;36:*.spx=00;36:*.xspf=00;36:'), ('VSCODE_GIT_IPC_HANDLE', '/run/user/1000/vscode-git-963eea5680.sock'), ('GNOME_TERMINAL_SERVICE', ':1.132'), ('TERM_PROGRAM', 'vscode'), ('SSH_AGENT_LAUNCHER', 'gnome-keyring'), ('SSH_AUTH_SOCK', '/run/user/1000/keyring/ssh'), ('AMENT_PREFIX_PATH', '/opt/ros/humble'), ('ORIGINAL_XDG_CURRENT_DESKTOP', 'ubuntu:GNOME'), ('SHELL', '/bin/bash'), ('LC_NAME', 'zh_CN.UTF-8'), ('QT_ACCESSIBILITY', '1'), ('NO_AT_BRIDGE', '1'), ('GDMSESSION', 'ubuntu'), ('LESSCLOSE', '/usr/bin/lesspipe %s %s'), ('LC_MEASUREMENT', 'zh_CN.UTF-8'), ('GPG_AGENT_INFO', '/run/user/1000/gnupg/S.gpg-agent:0:1'), ('LC_IDENTIFICATION', 'zh_CN.UTF-8'), ('VSCODE_GIT_ASKPASS_EXTRA_ARGS', ''), ('QT_IM_MODULE', 'ibus'), ('PWD', '/home/ocrv/sp_vision_tutorial_27/lecture4/build/topic_learning_pub'), ('XDG_CONFIG_DIRS', '/etc/xdg/xdg-ubuntu:/etc/xdg'), ('XDG_DATA_DIRS', '/usr/share/ubuntu:/usr/share/gnome:/usr/local/share/:/usr/share/:/var/lib/snapd/desktop'), ('PYTHONPATH', '/opt/ros/humble/lib/python3.10/site-packages:/opt/ros/humble/local/lib/python3.10/dist-packages'), ('LC_NUMERIC', 'zh_CN.UTF-8'), ('MVCAM_SDK_VERSION', ''), ('LC_PAPER', 'zh_CN.UTF-8'), ('COLCON', '1'), ('VTE_VERSION', '6800'), ('MVCAM_COMMON_RUNENV', '/opt/MVS/lib'), ('CMAKE_PREFIX_PATH', '/opt/ros/humble')]), 'shell': False}
[9.946356] (topic_learning_pub) StdoutLine: {'line': b'-- Install configuration: ""\n'}
[9.946563] (topic_learning_pub) StdoutLine: {'line': b'-- Installing: /home/ocrv/sp_vision_tutorial_27/lecture4/install/topic_learning_pub/lib/topic_learning_pub/publisher_node\n'}
[9.946660] (topic_learning_pub) StdoutLine: {'line': b'-- Set runtime path of "/home/ocrv/sp_vision_tutorial_27/lecture4/install/topic_learning_pub/lib/topic_learning_pub/publisher_node" to ""\n'}
[9.946701] (topic_learning_pub) StdoutLine: {'line': b'-- Installing: /home/ocrv/sp_vision_tutorial_27/lecture4/install/topic_learning_pub/lib/topic_learning_pub/qos_publisher\n'}
[9.946732] (topic_learning_pub) StdoutLine: {'line': b'-- Set runtime path of "/home/ocrv/sp_vision_tutorial_27/lecture4/install/topic_learning_pub/lib/topic_learning_pub/qos_publisher" to ""\n'}
[9.946761] (topic_learning_pub) StdoutLine: {'line': b'-- Installing: /home/ocrv/sp_vision_tutorial_27/lecture4/install/topic_learning_pub/share/ament_index/resource_index/package_run_dependencies/topic_learning_pub\n'}
[9.946869] (topic_learning_pub) StdoutLine: {'line': b'-- Installing: /home/ocrv/sp_vision_tutorial_27/lecture4/install/topic_learning_pub/share/ament_index/resource_index/parent_prefix_path/topic_learning_pub\n'}
[9.947249] (topic_learning_pub) StdoutLine: {'line': b'-- Installing: /home/ocrv/sp_vision_tutorial_27/lecture4/install/topic_learning_pub/share/topic_learning_pub/environment/ament_prefix_path.sh\n'}
[9.949299] (topic_learning_pub) StdoutLine: {'line': b'-- Installing: /home/ocrv/sp_vision_tutorial_27/lecture4/install/topic_learning_pub/share/topic_learning_pub/environment/ament_prefix_path.dsv\n'}
[9.950002] (topic_learning_pub) StdoutLine: {'line': b'-- Installing: /home/ocrv/sp_vision_tutorial_27/lecture4/install/topic_learning_pub/share/topic_learning_pub/environment/path.sh\n'}
[9.950071] (topic_learning_pub) StdoutLine: {'line': b'-- Installing: /home/ocrv/sp_vision_tutorial_27/lecture4/install/topic_learning_pub/share/topic_learning_pub/environment/path.dsv\n'}
[9.950110] (topic_learning_pub) StdoutLine: {'line': b'-- Installing: /home/ocrv/sp_vision_tutorial_27/lecture4/install/topic_learning_pub/share/topic_learning_pub/local_setup.bash\n'}
[9.950140] (topic_learning_pub) StdoutLine: {'line': b'-- Installing: /home/ocrv/sp_vision_tutorial_27/lecture4/install/topic_learning_pub/share/topic_learning_pub/local_setup.sh\n'}
[9.950312] (topic_learning_pub) StdoutLine: {'line': b'-- Installing: /home/ocrv/sp_vision_tutorial_27/lecture4/install/topic_learning_pub/share/topic_learning_pub/local_setup.zsh\n'}
[9.950449] (topic_learning_pub) StdoutLine: {'line': b'-- Installing: /home/ocrv/sp_vision_tutorial_27/lecture4/install/topic_learning_pub/share/topic_learning_pub/local_setup.dsv\n'}
[9.956380] (topic_learning_pub) StdoutLine: {'line': b'-- Installing: /home/ocrv/sp_vision_tutorial_27/lecture4/install/topic_learning_pub/share/topic_learning_pub/package.dsv\n'}
[9.956541] (topic_learning_pub) StdoutLine: {'line': b'-- Installing: /home/ocrv/sp_vision_tutorial_27/lecture4/install/topic_learning_pub/share/ament_index/resource_index/packages/topic_learning_pub\n'}
[9.956583] (topic_learning_pub) StdoutLine: {'line': b'-- Installing: /home/ocrv/sp_vision_tutorial_27/lecture4/install/topic_learning_pub/share/topic_learning_pub/cmake/topic_learning_pubConfig.cmake\n'}
[9.956617] (topic_learning_pub) StdoutLine: {'line': b'-- Installing: /home/ocrv/sp_vision_tutorial_27/lecture4/install/topic_learning_pub/share/topic_learning_pub/cmake/topic_learning_pubConfig-version.cmake\n'}
[9.956649] (topic_learning_pub) StdoutLine: {'line': b'-- Installing: /home/ocrv/sp_vision_tutorial_27/lecture4/install/topic_learning_pub/share/topic_learning_pub/package.xml\n'}
[9.961333] (topic_learning_pub) CommandEnded: {'returncode': 0}
[9.982370] (-) TimerEvent: {}
[9.988264] (topic_learning_pub) JobEnded: {'identifier': 'topic_learning_pub', 'rc': 0}
[9.988845] (launch_learning) JobStarted: {'identifier': 'launch_learning'}
[10.009099] (launch_learning) JobProgress: {'identifier': 'launch_learning', 'progress': 'cmake'}
[10.009506] (launch_learning) Command: {'cmd': ['/usr/bin/cmake', '/home/ocrv/sp_vision_tutorial_27/lecture4/src/ep3/launch_learning', '-DCMAKE_INSTALL_PREFIX=/home/ocrv/sp_vision_tutorial_27/lecture4/install/launch_learning'], 'cwd': '/home/ocrv/sp_vision_tutorial_27/lecture4/build/launch_learning', 'env': OrderedDict([('LESSOPEN', '| /usr/bin/lesspipe %s'), ('LANGUAGE', 'zh_CN:en'), ('USER', 'ocrv'), ('LC_TIME', 'zh_CN.UTF-8'), ('XDG_SESSION_TYPE', 'x11'), ('ALLUSERSPROFILE', '/opt/MVS/MVFG'), ('GIT_ASKPASS', '/usr/share/code/resources/app/extensions/git/dist/askpass.sh'), ('SHLVL', '2'), ('LD_LIBRARY_PATH', '/opt/ros/humble/opt/rviz_ogre_vendor/lib:/opt/ros/humble/lib/x86_64-linux-gnu:/opt/ros/humble/lib:/opt/MVS/lib/64:/opt/MVS/lib/32:/opt/MVS/lib/64:/opt/MVS/lib/32:/opt/MVS/lib/64:/opt/MVS/lib/32:/opt/MVS/lib/64:/opt/MVS/lib/32:'), ('HOME', '/home/ocrv'), ('CHROME_DESKTOP', 'code.desktop'), ('OLDPWD', '/home/ocrv/sp_vision_tutorial_27/lecture4/src'), ('TERM_PROGRAM_VERSION', '1.103.2'), ('DESKTOP_SESSION', 'ubuntu'), ('ROS_PYTHON_VERSION', '3'), ('GNOME_SHELL_SESSION_MODE', 'ubuntu'), ('GTK_MODULES', 'gail:atk-bridge'), ('VSCODE_GIT_ASKPASS_MAIN', '/usr/share/code/resources/app/extensions/git/dist/askpass-main.js'), ('LC_MONETARY', 'zh_CN.UTF-8'), ('VSCODE_GIT_ASKPASS_NODE', '/usr/share/code/code'), ('SYSTEMD_EXEC_PID', '3342'), ('DBUS_SESSION_BUS_ADDRESS', 'unix:path=/run/user/1000/bus'), ('COLORTERM', 'truecolor'), ('ROS_DISTRO', 'humble'), ('GTK_IM_MODULE', 'ibus'), ('LOGNAME', 'ocrv'), ('_', '/usr/bin/colcon'), ('ROS_VERSION', '2'), ('XDG_SESSION_CLASS', 'user'), ('USERNAME', 'ocrv'), ('TERM', 'xterm-256color'), ('GNOME_DESKTOP_SESSION_ID', 'this-is-deprecated'), ('ROS_LOCALHOST_ONLY', '0'), ('WINDOWPATH', '2'), ('MVCAM_SDK_PATH', '/opt/MVS'), ('PATH', '/opt/ros/humble/bin:/usr/local/sbin:/usr/local/bin:/usr/sbin:/usr/bin:/sbin:/bin:/usr/games:/usr/local/games:/snap/bin:/snap/bin'), ('SESSION_MANAGER', 'local/ocrv-virtual-machine:@/tmp/.ICE-unix/3149,unix/ocrv-virtual-machine:/tmp/.ICE-unix/3149'), ('MVCAM_GENICAM_CLPROTOCOL', '/opt/MVS/lib/CLProtocol'), ('PAPERSIZE', 'a4'), ('XDG_MENU_PREFIX', 'gnome-'), ('LC_ADDRESS', 'zh_CN.UTF-8'), ('GNOME_TERMINAL_SCREEN', '/org/gnome/Terminal/screen/c234ed7f_a8af_4c7b_8272_e118f06c194b'), ('XDG_RUNTIME_DIR', '/run/user/1000'), ('GDK_BACKEND', 'x11'), ('DISPLAY', ':0'), ('LANG', 'zh_CN.UTF-8'), ('XDG_CURRENT_DESKTOP', 'Unity'), ('LC_TELEPHONE', 'zh_CN.UTF-8'), ('XMODIFIERS', '@im=ibus'), ('XDG_SESSION_DESKTOP', 'ubuntu'), ('XAUTHORITY', '/run/user/1000/gdm/Xauthority'), ('LS_COLORS', 'rs=0:di=01;34:ln=01;36:mh=00:pi=40;33:so=01;35:do=01;35:bd=40;33;01:cd=40;33;01:or=40;31;01:mi=00:su=37;41:sg=30;43:ca=30;41:tw=30;42:ow=34;42:st=37;44:ex=01;32:*.tar=01;31:*.tgz=01;31:*.arc=01;31:*.arj=01;31:*.taz=01;31:*.lha=01;31:*.lz4=01;31:*.lzh=01;31:*.lzma=01;31:*.tlz=01;31:*.txz=01;31:*.tzo=01;31:*.t7z=01;31:*.zip=01;31:*.z=01;31:*.dz=01;31:*.gz=01;31:*.lrz=01;31:*.lz=01;31:*.lzo=01;31:*.xz=01;31:*.zst=01;31:*.tzst=01;31:*.bz2=01;31:*.bz=01;31:*.tbz=01;31:*.tbz2=01;31:*.tz=01;31:*.deb=01;31:*.rpm=01;31:*.jar=01;31:*.war=01;31:*.ear=01;31:*.sar=01;31:*.rar=01;31:*.alz=01;31:*.ace=01;31:*.zoo=01;31:*.cpio=01;31:*.7z=01;31:*.rz=01;31:*.cab=01;31:*.wim=01;31:*.swm=01;31:*.dwm=01;31:*.esd=01;31:*.jpg=01;35:*.jpeg=01;35:*.mjpg=01;35:*.mjpeg=01;35:*.gif=01;35:*.bmp=01;35:*.pbm=01;35:*.pgm=01;35:*.ppm=01;35:*.tga=01;35:*.xbm=01;35:*.xpm=01;35:*.tif=01;35:*.tiff=01;35:*.png=01;35:*.svg=01;35:*.svgz=01;35:*.mng=01;35:*.pcx=01;35:*.mov=01;35:*.mpg=01;35:*.mpeg=01;35:*.m2v=01;35:*.mkv=01;35:*.webm=01;35:*.webp=01;35:*.ogm=01;35:*.mp4=01;35:*.m4v=01;35:*.mp4v=01;35:*.vob=01;35:*.qt=01;35:*.nuv=01;35:*.wmv=01;35:*.asf=01;35:*.rm=01;35:*.rmvb=01;35:*.flc=01;35:*.avi=01;35:*.fli=01;35:*.flv=01;35:*.gl=01;35:*.dl=01;35:*.xcf=01;35:*.xwd=01;35:*.yuv=01;35:*.cgm=01;35:*.emf=01;35:*.ogv=01;35:*.ogx=01;35:*.aac=00;36:*.au=00;36:*.flac=00;36:*.m4a=00;36:*.mid=00;36:*.midi=00;36:*.mka=00;36:*.mp3=00;36:*.mpc=00;36:*.ogg=00;36:*.ra=00;36:*.wav=00;36:*.oga=00;36:*.opus=00;36:*.spx=00;36:*.xspf=00;36:'), ('VSCODE_GIT_IPC_HANDLE', '/run/user/1000/vscode-git-963eea5680.sock'), ('GNOME_TERMINAL_SERVICE', ':1.132'), ('TERM_PROGRAM', 'vscode'), ('SSH_AGENT_LAUNCHER', 'gnome-keyring'), ('SSH_AUTH_SOCK', '/run/user/1000/keyring/ssh'), ('AMENT_PREFIX_PATH', '/home/ocrv/sp_vision_tutorial_27/lecture4/install/topic_learning_sub:/home/ocrv/sp_vision_tutorial_27/lecture4/install/topic_learning_pub:/opt/ros/humble'), ('ORIGINAL_XDG_CURRENT_DESKTOP', 'ubuntu:GNOME'), ('SHELL', '/bin/bash'), ('LC_NAME', 'zh_CN.UTF-8'), ('QT_ACCESSIBILITY', '1'), ('NO_AT_BRIDGE', '1'), ('GDMSESSION', 'ubuntu'), ('LESSCLOSE', '/usr/bin/lesspipe %s %s'), ('LC_MEASUREMENT', 'zh_CN.UTF-8'), ('GPG_AGENT_INFO', '/run/user/1000/gnupg/S.gpg-agent:0:1'), ('LC_IDENTIFICATION', 'zh_CN.UTF-8'), ('VSCODE_GIT_ASKPASS_EXTRA_ARGS', ''), ('QT_IM_MODULE', 'ibus'), ('PWD', '/home/ocrv/sp_vision_tutorial_27/lecture4/build/launch_learning'), ('XDG_CONFIG_DIRS', '/etc/xdg/xdg-ubuntu:/etc/xdg'), ('XDG_DATA_DIRS', '/usr/share/ubuntu:/usr/share/gnome:/usr/local/share/:/usr/share/:/var/lib/snapd/desktop'), ('PYTHONPATH', '/home/ocrv/sp_vision_tutorial_27/lecture4/install/topic_learning_sub/lib/python3.10/site-packages:/opt/ros/humble/lib/python3.10/site-packages:/opt/ros/humble/local/lib/python3.10/dist-packages'), ('LC_NUMERIC', 'zh_CN.UTF-8'), ('MVCAM_SDK_VERSION', ''), ('LC_PAPER', 'zh_CN.UTF-8'), ('COLCON', '1'), ('VTE_VERSION', '6800'), ('MVCAM_COMMON_RUNENV', '/opt/MVS/lib'), ('CMAKE_PREFIX_PATH', '/home/ocrv/sp_vision_tutorial_27/lecture4/install/topic_learning_pub:/opt/ros/humble')]), 'shell': False}
[10.083860] (-) TimerEvent: {}
[10.143676] (launch_learning) StdoutLine: {'line': b'-- The C compiler identification is GNU 11.4.0\n'}
[10.162012] (turtlesim) StdoutLine: {'line': b'-- Using all available rosidl_typesupport_cpp: rosidl_typesupport_fastrtps_cpp;rosidl_typesupport_introspection_cpp\n'}
[10.184291] (-) TimerEvent: {}
[10.210091] (turtlesim) StdoutLine: {'line': b'-- Found PythonInterp: /usr/bin/python3 (found suitable version "3.10.12", minimum required is "3.6") \n'}
[10.212389] (turtlesim) StdoutLine: {'line': b'-- Found python_cmake_module: 0.10.0 (/opt/ros/humble/share/python_cmake_module/cmake)\n'}
[10.256657] (launch_learning) StdoutLine: {'line': b'-- The CXX compiler identification is GNU 11.4.0\n'}
[10.269423] (turtlesim) StdoutLine: {'line': b'-- Found PythonLibs: /usr/lib/x86_64-linux-gnu/libpython3.10.so (found suitable version "3.10.12", minimum required is "3.5") \n'}
[10.269731] (turtlesim) StdoutLine: {'line': b'-- Using PYTHON_EXECUTABLE: /usr/bin/python3\n'}
[10.269814] (turtlesim) StdoutLine: {'line': b'-- Using PYTHON_INCLUDE_DIRS: /usr/include/python3.10\n'}
[10.269886] (turtlesim) StdoutLine: {'line': b'-- Using PYTHON_LIBRARIES: /usr/lib/x86_64-linux-gnu/libpython3.10.so\n'}
[10.270002] (launch_learning) StdoutLine: {'line': b'-- Detecting C compiler ABI info\n'}
[10.284397] (-) TimerEvent: {}
[10.320261] (turtlesim) StdoutLine: {'line': b'-- Found PythonExtra: .so  \n'}
[10.385018] (-) TimerEvent: {}
[10.440634] (launch_learning) StdoutLine: {'line': b'-- Detecting C compiler ABI info - done\n'}
[10.447343] (launch_learning) StdoutLine: {'line': b'-- Check for working C compiler: /usr/bin/cc - skipped\n'}
[10.447770] (launch_learning) StdoutLine: {'line': b'-- Detecting C compile features\n'}
[10.452289] (launch_learning) StdoutLine: {'line': b'-- Detecting C compile features - done\n'}
[10.459447] (launch_learning) StdoutLine: {'line': b'-- Detecting CXX compiler ABI info\n'}
[10.485099] (-) TimerEvent: {}
[10.545352] (turtlesim) StdoutLine: {'line': b'-- Configuring done\n'}
[10.585352] (-) TimerEvent: {}
[10.647273] (launch_learning) StdoutLine: {'line': b'-- Detecting CXX compiler ABI info - done\n'}
[10.658340] (launch_learning) StdoutLine: {'line': b'-- Check for working CXX compiler: /usr/bin/c++ - skipped\n'}
[10.661157] (launch_learning) StdoutLine: {'line': b'-- Detecting CXX compile features\n'}
[10.661290] (launch_learning) StdoutLine: {'line': b'-- Detecting CXX compile features - done\n'}
[10.665313] (launch_learning) StdoutLine: {'line': b'-- Found ament_cmake: 1.3.14 (/opt/ros/humble/share/ament_cmake/cmake)\n'}
[10.685455] (-) TimerEvent: {}
[10.722055] (turtlesim) StdoutLine: {'line': b'-- Generating done\n'}
[10.764045] (turtlesim) StdoutLine: {'line': b'-- Build files have been written to: /home/ocrv/sp_vision_tutorial_27/lecture4/build/turtlesim\n'}
[10.779831] (srv_learning) StdoutLine: {'line': b'[ 75%] \x1b[32m\x1b[1mLinking CXX executable add_two_ints_service\x1b[0m\n'}
[10.785566] (-) TimerEvent: {}
[10.801443] (turtlesim) CommandEnded: {'returncode': 0}
[10.801918] (turtlesim) JobProgress: {'identifier': 'turtlesim', 'progress': 'build'}
[10.801940] (turtlesim) Command: {'cmd': ['/usr/bin/cmake', '--build', '/home/ocrv/sp_vision_tutorial_27/lecture4/build/turtlesim', '--', '-j4', '-l4'], 'cwd': '/home/ocrv/sp_vision_tutorial_27/lecture4/build/turtlesim', 'env': OrderedDict([('LESSOPEN', '| /usr/bin/lesspipe %s'), ('LANGUAGE', 'zh_CN:en'), ('USER', 'ocrv'), ('LC_TIME', 'zh_CN.UTF-8'), ('XDG_SESSION_TYPE', 'x11'), ('ALLUSERSPROFILE', '/opt/MVS/MVFG'), ('GIT_ASKPASS', '/usr/share/code/resources/app/extensions/git/dist/askpass.sh'), ('SHLVL', '2'), ('LD_LIBRARY_PATH', '/opt/ros/humble/opt/rviz_ogre_vendor/lib:/opt/ros/humble/lib/x86_64-linux-gnu:/opt/ros/humble/lib:/opt/MVS/lib/64:/opt/MVS/lib/32:/opt/MVS/lib/64:/opt/MVS/lib/32:/opt/MVS/lib/64:/opt/MVS/lib/32:/opt/MVS/lib/64:/opt/MVS/lib/32:'), ('HOME', '/home/ocrv'), ('CHROME_DESKTOP', 'code.desktop'), ('OLDPWD', '/home/ocrv/sp_vision_tutorial_27/lecture4/src'), ('TERM_PROGRAM_VERSION', '1.103.2'), ('DESKTOP_SESSION', 'ubuntu'), ('ROS_PYTHON_VERSION', '3'), ('GNOME_SHELL_SESSION_MODE', 'ubuntu'), ('GTK_MODULES', 'gail:atk-bridge'), ('VSCODE_GIT_ASKPASS_MAIN', '/usr/share/code/resources/app/extensions/git/dist/askpass-main.js'), ('LC_MONETARY', 'zh_CN.UTF-8'), ('VSCODE_GIT_ASKPASS_NODE', '/usr/share/code/code'), ('SYSTEMD_EXEC_PID', '3342'), ('DBUS_SESSION_BUS_ADDRESS', 'unix:path=/run/user/1000/bus'), ('COLORTERM', 'truecolor'), ('ROS_DISTRO', 'humble'), ('GTK_IM_MODULE', 'ibus'), ('LOGNAME', 'ocrv'), ('_', '/usr/bin/colcon'), ('ROS_VERSION', '2'), ('XDG_SESSION_CLASS', 'user'), ('USERNAME', 'ocrv'), ('TERM', 'xterm-256color'), ('GNOME_DESKTOP_SESSION_ID', 'this-is-deprecated'), ('ROS_LOCALHOST_ONLY', '0'), ('WINDOWPATH', '2'), ('MVCAM_SDK_PATH', '/opt/MVS'), ('PATH', '/opt/ros/humble/bin:/usr/local/sbin:/usr/local/bin:/usr/sbin:/usr/bin:/sbin:/bin:/usr/games:/usr/local/games:/snap/bin:/snap/bin'), ('SESSION_MANAGER', 'local/ocrv-virtual-machine:@/tmp/.ICE-unix/3149,unix/ocrv-virtual-machine:/tmp/.ICE-unix/3149'), ('MVCAM_GENICAM_CLPROTOCOL', '/opt/MVS/lib/CLProtocol'), ('PAPERSIZE', 'a4'), ('XDG_MENU_PREFIX', 'gnome-'), ('LC_ADDRESS', 'zh_CN.UTF-8'), ('GNOME_TERMINAL_SCREEN', '/org/gnome/Terminal/screen/c234ed7f_a8af_4c7b_8272_e118f06c194b'), ('XDG_RUNTIME_DIR', '/run/user/1000'), ('GDK_BACKEND', 'x11'), ('DISPLAY', ':0'), ('LANG', 'zh_CN.UTF-8'), ('XDG_CURRENT_DESKTOP', 'Unity'), ('LC_TELEPHONE', 'zh_CN.UTF-8'), ('XMODIFIERS', '@im=ibus'), ('XDG_SESSION_DESKTOP', 'ubuntu'), ('XAUTHORITY', '/run/user/1000/gdm/Xauthority'), ('LS_COLORS', 'rs=0:di=01;34:ln=01;36:mh=00:pi=40;33:so=01;35:do=01;35:bd=40;33;01:cd=40;33;01:or=40;31;01:mi=00:su=37;41:sg=30;43:ca=30;41:tw=30;42:ow=34;42:st=37;44:ex=01;32:*.tar=01;31:*.tgz=01;31:*.arc=01;31:*.arj=01;31:*.taz=01;31:*.lha=01;31:*.lz4=01;31:*.lzh=01;31:*.lzma=01;31:*.tlz=01;31:*.txz=01;31:*.tzo=01;31:*.t7z=01;31:*.zip=01;31:*.z=01;31:*.dz=01;31:*.gz=01;31:*.lrz=01;31:*.lz=01;31:*.lzo=01;31:*.xz=01;31:*.zst=01;31:*.tzst=01;31:*.bz2=01;31:*.bz=01;31:*.tbz=01;31:*.tbz2=01;31:*.tz=01;31:*.deb=01;31:*.rpm=01;31:*.jar=01;31:*.war=01;31:*.ear=01;31:*.sar=01;31:*.rar=01;31:*.alz=01;31:*.ace=01;31:*.zoo=01;31:*.cpio=01;31:*.7z=01;31:*.rz=01;31:*.cab=01;31:*.wim=01;31:*.swm=01;31:*.dwm=01;31:*.esd=01;31:*.jpg=01;35:*.jpeg=01;35:*.mjpg=01;35:*.mjpeg=01;35:*.gif=01;35:*.bmp=01;35:*.pbm=01;35:*.pgm=01;35:*.ppm=01;35:*.tga=01;35:*.xbm=01;35:*.xpm=01;35:*.tif=01;35:*.tiff=01;35:*.png=01;35:*.svg=01;35:*.svgz=01;35:*.mng=01;35:*.pcx=01;35:*.mov=01;35:*.mpg=01;35:*.mpeg=01;35:*.m2v=01;35:*.mkv=01;35:*.webm=01;35:*.webp=01;35:*.ogm=01;35:*.mp4=01;35:*.m4v=01;35:*.mp4v=01;35:*.vob=01;35:*.qt=01;35:*.nuv=01;35:*.wmv=01;35:*.asf=01;35:*.rm=01;35:*.rmvb=01;35:*.flc=01;35:*.avi=01;35:*.fli=01;35:*.flv=01;35:*.gl=01;35:*.dl=01;35:*.xcf=01;35:*.xwd=01;35:*.yuv=01;35:*.cgm=01;35:*.emf=01;35:*.ogv=01;35:*.ogx=01;35:*.aac=00;36:*.au=00;36:*.flac=00;36:*.m4a=00;36:*.mid=00;36:*.midi=00;36:*.mka=00;36:*.mp3=00;36:*.mpc=00;36:*.ogg=00;36:*.ra=00;36:*.wav=00;36:*.oga=00;36:*.opus=00;36:*.spx=00;36:*.xspf=00;36:'), ('VSCODE_GIT_IPC_HANDLE', '/run/user/1000/vscode-git-963eea5680.sock'), ('GNOME_TERMINAL_SERVICE', ':1.132'), ('TERM_PROGRAM', 'vscode'), ('SSH_AGENT_LAUNCHER', 'gnome-keyring'), ('SSH_AUTH_SOCK', '/run/user/1000/keyring/ssh'), ('AMENT_PREFIX_PATH', '/opt/ros/humble'), ('ORIGINAL_XDG_CURRENT_DESKTOP', 'ubuntu:GNOME'), ('SHELL', '/bin/bash'), ('LC_NAME', 'zh_CN.UTF-8'), ('QT_ACCESSIBILITY', '1'), ('NO_AT_BRIDGE', '1'), ('GDMSESSION', 'ubuntu'), ('LESSCLOSE', '/usr/bin/lesspipe %s %s'), ('LC_MEASUREMENT', 'zh_CN.UTF-8'), ('GPG_AGENT_INFO', '/run/user/1000/gnupg/S.gpg-agent:0:1'), ('LC_IDENTIFICATION', 'zh_CN.UTF-8'), ('VSCODE_GIT_ASKPASS_EXTRA_ARGS', ''), ('QT_IM_MODULE', 'ibus'), ('PWD', '/home/ocrv/sp_vision_tutorial_27/lecture4/build/turtlesim'), ('XDG_CONFIG_DIRS', '/etc/xdg/xdg-ubuntu:/etc/xdg'), ('XDG_DATA_DIRS', '/usr/share/ubuntu:/usr/share/gnome:/usr/local/share/:/usr/share/:/var/lib/snapd/desktop'), ('PYTHONPATH', '/opt/ros/humble/lib/python3.10/site-packages:/opt/ros/humble/local/lib/python3.10/dist-packages'), ('LC_NUMERIC', 'zh_CN.UTF-8'), ('MVCAM_SDK_VERSION', ''), ('LC_PAPER', 'zh_CN.UTF-8'), ('COLCON', '1'), ('VTE_VERSION', '6800'), ('MVCAM_COMMON_RUNENV', '/opt/MVS/lib'), ('CMAKE_PREFIX_PATH', '/opt/ros/humble')]), 'shell': False}
[10.888118] (-) TimerEvent: {}
[10.897889] (launch_learning) StdoutLine: {'line': b'-- Found Python3: /usr/bin/python3 (found version "3.10.12") found components: Interpreter \n'}
[10.917194] (turtlesim) StdoutLine: {'line': b'[  1%] \x1b[34m\x1b[1mGenerating C code for ROS interfaces\x1b[0m\n'}
[10.950854] (turtlesim) StdoutLine: {'line': b'[  2%] \x1b[34m\x1b[1mGenerating Rust code for ROS interfaces\x1b[0m\n'}
[10.955256] (turtlesim) StdoutLine: {'line': b'[  3%] \x1b[34m\x1b[1mGenerating C++ code for ROS interfaces\x1b[0m\n'}
[10.977618] (turtlesim) StdoutLine: {'line': b'[  3%] Built target ament_cmake_python_copy_turtlesim\n'}
[10.991285] (-) TimerEvent: {}
[11.095244] (-) TimerEvent: {}
[11.161104] (srv_learning) StdoutLine: {'line': b'[ 75%] Built target add_two_ints_service\n'}
[11.198294] (-) TimerEvent: {}
[11.301656] (-) TimerEvent: {}
[11.352549] (turtlesim) StdoutLine: {'line': b'running egg_info\n'}
[11.352707] (turtlesim) StdoutLine: {'line': b'creating turtlesim.egg-info\n'}
[11.352747] (turtlesim) StdoutLine: {'line': b'writing turtlesim.egg-info/PKG-INFO\n'}
[11.352780] (turtlesim) StdoutLine: {'line': b'writing dependency_links to turtlesim.egg-info/dependency_links.txt\n'}
[11.352809] (turtlesim) StdoutLine: {'line': b'writing top-level names to turtlesim.egg-info/top_level.txt\n'}
[11.352838] (turtlesim) StdoutLine: {'line': b"writing manifest file 'turtlesim.egg-info/SOURCES.txt'\n"}
[11.356680] (turtlesim) StdoutLine: {'line': b"reading manifest file 'turtlesim.egg-info/SOURCES.txt'\n"}
[11.356934] (turtlesim) StdoutLine: {'line': b"writing manifest file 'turtlesim.egg-info/SOURCES.txt'\n"}
[11.377383] (turtlesim) StdoutLine: {'line': b'[  3%] Built target ament_cmake_python_build_turtlesim_egg\n'}
[11.401771] (-) TimerEvent: {}
[11.466360] (launch_learning) StdoutLine: {'line': b'-- Configuring done\n'}
[11.478324] (launch_learning) StdoutLine: {'line': b'-- Generating done\n'}
[11.484802] (launch_learning) StdoutLine: {'line': b'-- Build files have been written to: /home/ocrv/sp_vision_tutorial_27/lecture4/build/launch_learning\n'}
[11.496330] (launch_learning) CommandEnded: {'returncode': 0}
[11.503533] (-) TimerEvent: {}
[11.503674] (launch_learning) JobProgress: {'identifier': 'launch_learning', 'progress': 'build'}
[11.503695] (launch_learning) Command: {'cmd': ['/usr/bin/cmake', '--build', '/home/ocrv/sp_vision_tutorial_27/lecture4/build/launch_learning', '--', '-j4', '-l4'], 'cwd': '/home/ocrv/sp_vision_tutorial_27/lecture4/build/launch_learning', 'env': OrderedDict([('LESSOPEN', '| /usr/bin/lesspipe %s'), ('LANGUAGE', 'zh_CN:en'), ('USER', 'ocrv'), ('LC_TIME', 'zh_CN.UTF-8'), ('XDG_SESSION_TYPE', 'x11'), ('ALLUSERSPROFILE', '/opt/MVS/MVFG'), ('GIT_ASKPASS', '/usr/share/code/resources/app/extensions/git/dist/askpass.sh'), ('SHLVL', '2'), ('LD_LIBRARY_PATH', '/opt/ros/humble/opt/rviz_ogre_vendor/lib:/opt/ros/humble/lib/x86_64-linux-gnu:/opt/ros/humble/lib:/opt/MVS/lib/64:/opt/MVS/lib/32:/opt/MVS/lib/64:/opt/MVS/lib/32:/opt/MVS/lib/64:/opt/MVS/lib/32:/opt/MVS/lib/64:/opt/MVS/lib/32:'), ('HOME', '/home/ocrv'), ('CHROME_DESKTOP', 'code.desktop'), ('OLDPWD', '/home/ocrv/sp_vision_tutorial_27/lecture4/src'), ('TERM_PROGRAM_VERSION', '1.103.2'), ('DESKTOP_SESSION', 'ubuntu'), ('ROS_PYTHON_VERSION', '3'), ('GNOME_SHELL_SESSION_MODE', 'ubuntu'), ('GTK_MODULES', 'gail:atk-bridge'), ('VSCODE_GIT_ASKPASS_MAIN', '/usr/share/code/resources/app/extensions/git/dist/askpass-main.js'), ('LC_MONETARY', 'zh_CN.UTF-8'), ('VSCODE_GIT_ASKPASS_NODE', '/usr/share/code/code'), ('SYSTEMD_EXEC_PID', '3342'), ('DBUS_SESSION_BUS_ADDRESS', 'unix:path=/run/user/1000/bus'), ('COLORTERM', 'truecolor'), ('ROS_DISTRO', 'humble'), ('GTK_IM_MODULE', 'ibus'), ('LOGNAME', 'ocrv'), ('_', '/usr/bin/colcon'), ('ROS_VERSION', '2'), ('XDG_SESSION_CLASS', 'user'), ('USERNAME', 'ocrv'), ('TERM', 'xterm-256color'), ('GNOME_DESKTOP_SESSION_ID', 'this-is-deprecated'), ('ROS_LOCALHOST_ONLY', '0'), ('WINDOWPATH', '2'), ('MVCAM_SDK_PATH', '/opt/MVS'), ('PATH', '/opt/ros/humble/bin:/usr/local/sbin:/usr/local/bin:/usr/sbin:/usr/bin:/sbin:/bin:/usr/games:/usr/local/games:/snap/bin:/snap/bin'), ('SESSION_MANAGER', 'local/ocrv-virtual-machine:@/tmp/.ICE-unix/3149,unix/ocrv-virtual-machine:/tmp/.ICE-unix/3149'), ('MVCAM_GENICAM_CLPROTOCOL', '/opt/MVS/lib/CLProtocol'), ('PAPERSIZE', 'a4'), ('XDG_MENU_PREFIX', 'gnome-'), ('LC_ADDRESS', 'zh_CN.UTF-8'), ('GNOME_TERMINAL_SCREEN', '/org/gnome/Terminal/screen/c234ed7f_a8af_4c7b_8272_e118f06c194b'), ('XDG_RUNTIME_DIR', '/run/user/1000'), ('GDK_BACKEND', 'x11'), ('DISPLAY', ':0'), ('LANG', 'zh_CN.UTF-8'), ('XDG_CURRENT_DESKTOP', 'Unity'), ('LC_TELEPHONE', 'zh_CN.UTF-8'), ('XMODIFIERS', '@im=ibus'), ('XDG_SESSION_DESKTOP', 'ubuntu'), ('XAUTHORITY', '/run/user/1000/gdm/Xauthority'), ('LS_COLORS', 'rs=0:di=01;34:ln=01;36:mh=00:pi=40;33:so=01;35:do=01;35:bd=40;33;01:cd=40;33;01:or=40;31;01:mi=00:su=37;41:sg=30;43:ca=30;41:tw=30;42:ow=34;42:st=37;44:ex=01;32:*.tar=01;31:*.tgz=01;31:*.arc=01;31:*.arj=01;31:*.taz=01;31:*.lha=01;31:*.lz4=01;31:*.lzh=01;31:*.lzma=01;31:*.tlz=01;31:*.txz=01;31:*.tzo=01;31:*.t7z=01;31:*.zip=01;31:*.z=01;31:*.dz=01;31:*.gz=01;31:*.lrz=01;31:*.lz=01;31:*.lzo=01;31:*.xz=01;31:*.zst=01;31:*.tzst=01;31:*.bz2=01;31:*.bz=01;31:*.tbz=01;31:*.tbz2=01;31:*.tz=01;31:*.deb=01;31:*.rpm=01;31:*.jar=01;31:*.war=01;31:*.ear=01;31:*.sar=01;31:*.rar=01;31:*.alz=01;31:*.ace=01;31:*.zoo=01;31:*.cpio=01;31:*.7z=01;31:*.rz=01;31:*.cab=01;31:*.wim=01;31:*.swm=01;31:*.dwm=01;31:*.esd=01;31:*.jpg=01;35:*.jpeg=01;35:*.mjpg=01;35:*.mjpeg=01;35:*.gif=01;35:*.bmp=01;35:*.pbm=01;35:*.pgm=01;35:*.ppm=01;35:*.tga=01;35:*.xbm=01;35:*.xpm=01;35:*.tif=01;35:*.tiff=01;35:*.png=01;35:*.svg=01;35:*.svgz=01;35:*.mng=01;35:*.pcx=01;35:*.mov=01;35:*.mpg=01;35:*.mpeg=01;35:*.m2v=01;35:*.mkv=01;35:*.webm=01;35:*.webp=01;35:*.ogm=01;35:*.mp4=01;35:*.m4v=01;35:*.mp4v=01;35:*.vob=01;35:*.qt=01;35:*.nuv=01;35:*.wmv=01;35:*.asf=01;35:*.rm=01;35:*.rmvb=01;35:*.flc=01;35:*.avi=01;35:*.fli=01;35:*.flv=01;35:*.gl=01;35:*.dl=01;35:*.xcf=01;35:*.xwd=01;35:*.yuv=01;35:*.cgm=01;35:*.emf=01;35:*.ogv=01;35:*.ogx=01;35:*.aac=00;36:*.au=00;36:*.flac=00;36:*.m4a=00;36:*.mid=00;36:*.midi=00;36:*.mka=00;36:*.mp3=00;36:*.mpc=00;36:*.ogg=00;36:*.ra=00;36:*.wav=00;36:*.oga=00;36:*.opus=00;36:*.spx=00;36:*.xspf=00;36:'), ('VSCODE_GIT_IPC_HANDLE', '/run/user/1000/vscode-git-963eea5680.sock'), ('GNOME_TERMINAL_SERVICE', ':1.132'), ('TERM_PROGRAM', 'vscode'), ('SSH_AGENT_LAUNCHER', 'gnome-keyring'), ('SSH_AUTH_SOCK', '/run/user/1000/keyring/ssh'), ('AMENT_PREFIX_PATH', '/home/ocrv/sp_vision_tutorial_27/lecture4/install/topic_learning_sub:/home/ocrv/sp_vision_tutorial_27/lecture4/install/topic_learning_pub:/opt/ros/humble'), ('ORIGINAL_XDG_CURRENT_DESKTOP', 'ubuntu:GNOME'), ('SHELL', '/bin/bash'), ('LC_NAME', 'zh_CN.UTF-8'), ('QT_ACCESSIBILITY', '1'), ('NO_AT_BRIDGE', '1'), ('GDMSESSION', 'ubuntu'), ('LESSCLOSE', '/usr/bin/lesspipe %s %s'), ('LC_MEASUREMENT', 'zh_CN.UTF-8'), ('GPG_AGENT_INFO', '/run/user/1000/gnupg/S.gpg-agent:0:1'), ('LC_IDENTIFICATION', 'zh_CN.UTF-8'), ('VSCODE_GIT_ASKPASS_EXTRA_ARGS', ''), ('QT_IM_MODULE', 'ibus'), ('PWD', '/home/ocrv/sp_vision_tutorial_27/lecture4/build/launch_learning'), ('XDG_CONFIG_DIRS', '/etc/xdg/xdg-ubuntu:/etc/xdg'), ('XDG_DATA_DIRS', '/usr/share/ubuntu:/usr/share/gnome:/usr/local/share/:/usr/share/:/var/lib/snapd/desktop'), ('PYTHONPATH', '/home/ocrv/sp_vision_tutorial_27/lecture4/install/topic_learning_sub/lib/python3.10/site-packages:/opt/ros/humble/lib/python3.10/site-packages:/opt/ros/humble/local/lib/python3.10/dist-packages'), ('LC_NUMERIC', 'zh_CN.UTF-8'), ('MVCAM_SDK_VERSION', ''), ('LC_PAPER', 'zh_CN.UTF-8'), ('COLCON', '1'), ('VTE_VERSION', '6800'), ('MVCAM_COMMON_RUNENV', '/opt/MVS/lib'), ('CMAKE_PREFIX_PATH', '/home/ocrv/sp_vision_tutorial_27/lecture4/install/topic_learning_pub:/opt/ros/humble')]), 'shell': False}
[11.602687] (launch_learning) CommandEnded: {'returncode': 0}
[11.602996] (launch_learning) JobProgress: {'identifier': 'launch_learning', 'progress': 'install'}
[11.603012] (launch_learning) Command: {'cmd': ['/usr/bin/cmake', '--install', '/home/ocrv/sp_vision_tutorial_27/lecture4/build/launch_learning'], 'cwd': '/home/ocrv/sp_vision_tutorial_27/lecture4/build/launch_learning', 'env': OrderedDict([('LESSOPEN', '| /usr/bin/lesspipe %s'), ('LANGUAGE', 'zh_CN:en'), ('USER', 'ocrv'), ('LC_TIME', 'zh_CN.UTF-8'), ('XDG_SESSION_TYPE', 'x11'), ('ALLUSERSPROFILE', '/opt/MVS/MVFG'), ('GIT_ASKPASS', '/usr/share/code/resources/app/extensions/git/dist/askpass.sh'), ('SHLVL', '2'), ('LD_LIBRARY_PATH', '/opt/ros/humble/opt/rviz_ogre_vendor/lib:/opt/ros/humble/lib/x86_64-linux-gnu:/opt/ros/humble/lib:/opt/MVS/lib/64:/opt/MVS/lib/32:/opt/MVS/lib/64:/opt/MVS/lib/32:/opt/MVS/lib/64:/opt/MVS/lib/32:/opt/MVS/lib/64:/opt/MVS/lib/32:'), ('HOME', '/home/ocrv'), ('CHROME_DESKTOP', 'code.desktop'), ('OLDPWD', '/home/ocrv/sp_vision_tutorial_27/lecture4/src'), ('TERM_PROGRAM_VERSION', '1.103.2'), ('DESKTOP_SESSION', 'ubuntu'), ('ROS_PYTHON_VERSION', '3'), ('GNOME_SHELL_SESSION_MODE', 'ubuntu'), ('GTK_MODULES', 'gail:atk-bridge'), ('VSCODE_GIT_ASKPASS_MAIN', '/usr/share/code/resources/app/extensions/git/dist/askpass-main.js'), ('LC_MONETARY', 'zh_CN.UTF-8'), ('VSCODE_GIT_ASKPASS_NODE', '/usr/share/code/code'), ('SYSTEMD_EXEC_PID', '3342'), ('DBUS_SESSION_BUS_ADDRESS', 'unix:path=/run/user/1000/bus'), ('COLORTERM', 'truecolor'), ('ROS_DISTRO', 'humble'), ('GTK_IM_MODULE', 'ibus'), ('LOGNAME', 'ocrv'), ('_', '/usr/bin/colcon'), ('ROS_VERSION', '2'), ('XDG_SESSION_CLASS', 'user'), ('USERNAME', 'ocrv'), ('TERM', 'xterm-256color'), ('GNOME_DESKTOP_SESSION_ID', 'this-is-deprecated'), ('ROS_LOCALHOST_ONLY', '0'), ('WINDOWPATH', '2'), ('MVCAM_SDK_PATH', '/opt/MVS'), ('PATH', '/opt/ros/humble/bin:/usr/local/sbin:/usr/local/bin:/usr/sbin:/usr/bin:/sbin:/bin:/usr/games:/usr/local/games:/snap/bin:/snap/bin'), ('SESSION_MANAGER', 'local/ocrv-virtual-machine:@/tmp/.ICE-unix/3149,unix/ocrv-virtual-machine:/tmp/.ICE-unix/3149'), ('MVCAM_GENICAM_CLPROTOCOL', '/opt/MVS/lib/CLProtocol'), ('PAPERSIZE', 'a4'), ('XDG_MENU_PREFIX', 'gnome-'), ('LC_ADDRESS', 'zh_CN.UTF-8'), ('GNOME_TERMINAL_SCREEN', '/org/gnome/Terminal/screen/c234ed7f_a8af_4c7b_8272_e118f06c194b'), ('XDG_RUNTIME_DIR', '/run/user/1000'), ('GDK_BACKEND', 'x11'), ('DISPLAY', ':0'), ('LANG', 'zh_CN.UTF-8'), ('XDG_CURRENT_DESKTOP', 'Unity'), ('LC_TELEPHONE', 'zh_CN.UTF-8'), ('XMODIFIERS', '@im=ibus'), ('XDG_SESSION_DESKTOP', 'ubuntu'), ('XAUTHORITY', '/run/user/1000/gdm/Xauthority'), ('LS_COLORS', 'rs=0:di=01;34:ln=01;36:mh=00:pi=40;33:so=01;35:do=01;35:bd=40;33;01:cd=40;33;01:or=40;31;01:mi=00:su=37;41:sg=30;43:ca=30;41:tw=30;42:ow=34;42:st=37;44:ex=01;32:*.tar=01;31:*.tgz=01;31:*.arc=01;31:*.arj=01;31:*.taz=01;31:*.lha=01;31:*.lz4=01;31:*.lzh=01;31:*.lzma=01;31:*.tlz=01;31:*.txz=01;31:*.tzo=01;31:*.t7z=01;31:*.zip=01;31:*.z=01;31:*.dz=01;31:*.gz=01;31:*.lrz=01;31:*.lz=01;31:*.lzo=01;31:*.xz=01;31:*.zst=01;31:*.tzst=01;31:*.bz2=01;31:*.bz=01;31:*.tbz=01;31:*.tbz2=01;31:*.tz=01;31:*.deb=01;31:*.rpm=01;31:*.jar=01;31:*.war=01;31:*.ear=01;31:*.sar=01;31:*.rar=01;31:*.alz=01;31:*.ace=01;31:*.zoo=01;31:*.cpio=01;31:*.7z=01;31:*.rz=01;31:*.cab=01;31:*.wim=01;31:*.swm=01;31:*.dwm=01;31:*.esd=01;31:*.jpg=01;35:*.jpeg=01;35:*.mjpg=01;35:*.mjpeg=01;35:*.gif=01;35:*.bmp=01;35:*.pbm=01;35:*.pgm=01;35:*.ppm=01;35:*.tga=01;35:*.xbm=01;35:*.xpm=01;35:*.tif=01;35:*.tiff=01;35:*.png=01;35:*.svg=01;35:*.svgz=01;35:*.mng=01;35:*.pcx=01;35:*.mov=01;35:*.mpg=01;35:*.mpeg=01;35:*.m2v=01;35:*.mkv=01;35:*.webm=01;35:*.webp=01;35:*.ogm=01;35:*.mp4=01;35:*.m4v=01;35:*.mp4v=01;35:*.vob=01;35:*.qt=01;35:*.nuv=01;35:*.wmv=01;35:*.asf=01;35:*.rm=01;35:*.rmvb=01;35:*.flc=01;35:*.avi=01;35:*.fli=01;35:*.flv=01;35:*.gl=01;35:*.dl=01;35:*.xcf=01;35:*.xwd=01;35:*.yuv=01;35:*.cgm=01;35:*.emf=01;35:*.ogv=01;35:*.ogx=01;35:*.aac=00;36:*.au=00;36:*.flac=00;36:*.m4a=00;36:*.mid=00;36:*.midi=00;36:*.mka=00;36:*.mp3=00;36:*.mpc=00;36:*.ogg=00;36:*.ra=00;36:*.wav=00;36:*.oga=00;36:*.opus=00;36:*.spx=00;36:*.xspf=00;36:'), ('VSCODE_GIT_IPC_HANDLE', '/run/user/1000/vscode-git-963eea5680.sock'), ('GNOME_TERMINAL_SERVICE', ':1.132'), ('TERM_PROGRAM', 'vscode'), ('SSH_AGENT_LAUNCHER', 'gnome-keyring'), ('SSH_AUTH_SOCK', '/run/user/1000/keyring/ssh'), ('AMENT_PREFIX_PATH', '/home/ocrv/sp_vision_tutorial_27/lecture4/install/topic_learning_sub:/home/ocrv/sp_vision_tutorial_27/lecture4/install/topic_learning_pub:/opt/ros/humble'), ('ORIGINAL_XDG_CURRENT_DESKTOP', 'ubuntu:GNOME'), ('SHELL', '/bin/bash'), ('LC_NAME', 'zh_CN.UTF-8'), ('QT_ACCESSIBILITY', '1'), ('NO_AT_BRIDGE', '1'), ('GDMSESSION', 'ubuntu'), ('LESSCLOSE', '/usr/bin/lesspipe %s %s'), ('LC_MEASUREMENT', 'zh_CN.UTF-8'), ('GPG_AGENT_INFO', '/run/user/1000/gnupg/S.gpg-agent:0:1'), ('LC_IDENTIFICATION', 'zh_CN.UTF-8'), ('VSCODE_GIT_ASKPASS_EXTRA_ARGS', ''), ('QT_IM_MODULE', 'ibus'), ('PWD', '/home/ocrv/sp_vision_tutorial_27/lecture4/build/launch_learning'), ('XDG_CONFIG_DIRS', '/etc/xdg/xdg-ubuntu:/etc/xdg'), ('XDG_DATA_DIRS', '/usr/share/ubuntu:/usr/share/gnome:/usr/local/share/:/usr/share/:/var/lib/snapd/desktop'), ('PYTHONPATH', '/home/ocrv/sp_vision_tutorial_27/lecture4/install/topic_learning_sub/lib/python3.10/site-packages:/opt/ros/humble/lib/python3.10/site-packages:/opt/ros/humble/local/lib/python3.10/dist-packages'), ('LC_NUMERIC', 'zh_CN.UTF-8'), ('MVCAM_SDK_VERSION', ''), ('LC_PAPER', 'zh_CN.UTF-8'), ('COLCON', '1'), ('VTE_VERSION', '6800'), ('MVCAM_COMMON_RUNENV', '/opt/MVS/lib'), ('CMAKE_PREFIX_PATH', '/home/ocrv/sp_vision_tutorial_27/lecture4/install/topic_learning_pub:/opt/ros/humble')]), 'shell': False}
[11.606321] (-) TimerEvent: {}
[11.618464] (launch_learning) StdoutLine: {'line': b'-- Install configuration: ""\n'}
[11.618618] (launch_learning) StdoutLine: {'line': b'-- Installing: /home/ocrv/sp_vision_tutorial_27/lecture4/install/launch_learning/share/launch_learning/launch\n'}
[11.618658] (launch_learning) StdoutLine: {'line': b'-- Installing: /home/ocrv/sp_vision_tutorial_27/lecture4/install/launch_learning/share/launch_learning/launch/basic.launch.py\n'}
[11.618763] (launch_learning) StdoutLine: {'line': b'-- Installing: /home/ocrv/sp_vision_tutorial_27/lecture4/install/launch_learning/share/ament_index/resource_index/package_run_dependencies/launch_learning\n'}
[11.621180] (turtlesim) StdoutLine: {'line': b'[  3%] Built target turtlesim__rs\n'}
[11.622130] (launch_learning) StdoutLine: {'line': b'-- Installing: /home/ocrv/sp_vision_tutorial_27/lecture4/install/launch_learning/share/ament_index/resource_index/parent_prefix_path/launch_learning\n'}
[11.622215] (launch_learning) StdoutLine: {'line': b'-- Installing: /home/ocrv/sp_vision_tutorial_27/lecture4/install/launch_learning/share/launch_learning/environment/ament_prefix_path.sh\n'}
[11.622254] (launch_learning) StdoutLine: {'line': b'-- Installing: /home/ocrv/sp_vision_tutorial_27/lecture4/install/launch_learning/share/launch_learning/environment/ament_prefix_path.dsv\n'}
[11.622282] (launch_learning) StdoutLine: {'line': b'-- Installing: /home/ocrv/sp_vision_tutorial_27/lecture4/install/launch_learning/share/launch_learning/environment/path.sh\n'}
[11.622309] (launch_learning) StdoutLine: {'line': b'-- Installing: /home/ocrv/sp_vision_tutorial_27/lecture4/install/launch_learning/share/launch_learning/environment/path.dsv\n'}
[11.622334] (launch_learning) StdoutLine: {'line': b'-- Installing: /home/ocrv/sp_vision_tutorial_27/lecture4/install/launch_learning/share/launch_learning/local_setup.bash\n'}
[11.622358] (launch_learning) StdoutLine: {'line': b'-- Installing: /home/ocrv/sp_vision_tutorial_27/lecture4/install/launch_learning/share/launch_learning/local_setup.sh\n'}
[11.622381] (launch_learning) StdoutLine: {'line': b'-- Installing: /home/ocrv/sp_vision_tutorial_27/lecture4/install/launch_learning/share/launch_learning/local_setup.zsh\n'}
[11.622404] (launch_learning) StdoutLine: {'line': b'-- Installing: /home/ocrv/sp_vision_tutorial_27/lecture4/install/launch_learning/share/launch_learning/local_setup.dsv\n'}
[11.624724] (launch_learning) StdoutLine: {'line': b'-- Installing: /home/ocrv/sp_vision_tutorial_27/lecture4/install/launch_learning/share/launch_learning/package.dsv\n'}
[11.627853] (launch_learning) StdoutLine: {'line': b'-- Installing: /home/ocrv/sp_vision_tutorial_27/lecture4/install/launch_learning/share/ament_index/resource_index/packages/launch_learning\n'}
[11.627947] (launch_learning) StdoutLine: {'line': b'-- Installing: /home/ocrv/sp_vision_tutorial_27/lecture4/install/launch_learning/share/launch_learning/cmake/launch_learningConfig.cmake\n'}
[11.627992] (launch_learning) StdoutLine: {'line': b'-- Installing: /home/ocrv/sp_vision_tutorial_27/lecture4/install/launch_learning/share/launch_learning/cmake/launch_learningConfig-version.cmake\n'}
[11.628030] (launch_learning) StdoutLine: {'line': b'-- Installing: /home/ocrv/sp_vision_tutorial_27/lecture4/install/launch_learning/share/launch_learning/package.xml\n'}
[11.630135] (launch_learning) CommandEnded: {'returncode': 0}
[11.666818] (launch_learning) JobEnded: {'identifier': 'launch_learning', 'rc': 0}
[11.708021] (-) TimerEvent: {}
[11.808524] (-) TimerEvent: {}
[11.909058] (-) TimerEvent: {}
[12.009573] (-) TimerEvent: {}
[12.111323] (-) TimerEvent: {}
[12.211702] (-) TimerEvent: {}
[12.239300] (srv_learning) StdoutLine: {'line': b'[100%] \x1b[32m\x1b[1mLinking CXX executable add_two_ints_client\x1b[0m\n'}
[12.311808] (-) TimerEvent: {}
[12.393278] (turtlesim) StdoutLine: {'line': b'[  3%] Built target turtlesim__cpp\n'}
[12.411922] (-) TimerEvent: {}
[12.430802] (turtlesim) StdoutLine: {'line': b'[  4%] \x1b[34m\x1b[1mGenerating C++ type support for eProsima Fast-RTPS\x1b[0m\n'}
[12.430993] (turtlesim) StdoutLine: {'line': b'[  5%] \x1b[34m\x1b[1mGenerating C++ introspection for ROS interfaces\x1b[0m\n'}
[12.431940] (srv_learning) StdoutLine: {'line': b'[100%] Built target add_two_ints_client\n'}
[12.449870] (turtlesim) StdoutLine: {'line': b'[  6%] \x1b[34m\x1b[1mGenerating C++ type support dispatch for ROS interfaces\x1b[0m\n'}
[12.482253] (srv_learning) CommandEnded: {'returncode': 0}
[12.482591] (srv_learning) JobProgress: {'identifier': 'srv_learning', 'progress': 'install'}
[12.482611] (srv_learning) Command: {'cmd': ['/usr/bin/cmake', '--install', '/home/ocrv/sp_vision_tutorial_27/lecture4/build/srv_learning'], 'cwd': '/home/ocrv/sp_vision_tutorial_27/lecture4/build/srv_learning', 'env': OrderedDict([('LESSOPEN', '| /usr/bin/lesspipe %s'), ('LANGUAGE', 'zh_CN:en'), ('USER', 'ocrv'), ('LC_TIME', 'zh_CN.UTF-8'), ('XDG_SESSION_TYPE', 'x11'), ('ALLUSERSPROFILE', '/opt/MVS/MVFG'), ('GIT_ASKPASS', '/usr/share/code/resources/app/extensions/git/dist/askpass.sh'), ('SHLVL', '2'), ('LD_LIBRARY_PATH', '/opt/ros/humble/opt/rviz_ogre_vendor/lib:/opt/ros/humble/lib/x86_64-linux-gnu:/opt/ros/humble/lib:/opt/MVS/lib/64:/opt/MVS/lib/32:/opt/MVS/lib/64:/opt/MVS/lib/32:/opt/MVS/lib/64:/opt/MVS/lib/32:/opt/MVS/lib/64:/opt/MVS/lib/32:'), ('HOME', '/home/ocrv'), ('CHROME_DESKTOP', 'code.desktop'), ('OLDPWD', '/home/ocrv/sp_vision_tutorial_27/lecture4/src'), ('TERM_PROGRAM_VERSION', '1.103.2'), ('DESKTOP_SESSION', 'ubuntu'), ('ROS_PYTHON_VERSION', '3'), ('GNOME_SHELL_SESSION_MODE', 'ubuntu'), ('GTK_MODULES', 'gail:atk-bridge'), ('VSCODE_GIT_ASKPASS_MAIN', '/usr/share/code/resources/app/extensions/git/dist/askpass-main.js'), ('LC_MONETARY', 'zh_CN.UTF-8'), ('VSCODE_GIT_ASKPASS_NODE', '/usr/share/code/code'), ('SYSTEMD_EXEC_PID', '3342'), ('DBUS_SESSION_BUS_ADDRESS', 'unix:path=/run/user/1000/bus'), ('COLORTERM', 'truecolor'), ('ROS_DISTRO', 'humble'), ('GTK_IM_MODULE', 'ibus'), ('LOGNAME', 'ocrv'), ('_', '/usr/bin/colcon'), ('ROS_VERSION', '2'), ('XDG_SESSION_CLASS', 'user'), ('USERNAME', 'ocrv'), ('TERM', 'xterm-256color'), ('GNOME_DESKTOP_SESSION_ID', 'this-is-deprecated'), ('ROS_LOCALHOST_ONLY', '0'), ('WINDOWPATH', '2'), ('MVCAM_SDK_PATH', '/opt/MVS'), ('PATH', '/opt/ros/humble/bin:/usr/local/sbin:/usr/local/bin:/usr/sbin:/usr/bin:/sbin:/bin:/usr/games:/usr/local/games:/snap/bin:/snap/bin'), ('SESSION_MANAGER', 'local/ocrv-virtual-machine:@/tmp/.ICE-unix/3149,unix/ocrv-virtual-machine:/tmp/.ICE-unix/3149'), ('MVCAM_GENICAM_CLPROTOCOL', '/opt/MVS/lib/CLProtocol'), ('PAPERSIZE', 'a4'), ('XDG_MENU_PREFIX', 'gnome-'), ('LC_ADDRESS', 'zh_CN.UTF-8'), ('GNOME_TERMINAL_SCREEN', '/org/gnome/Terminal/screen/c234ed7f_a8af_4c7b_8272_e118f06c194b'), ('XDG_RUNTIME_DIR', '/run/user/1000'), ('GDK_BACKEND', 'x11'), ('DISPLAY', ':0'), ('LANG', 'zh_CN.UTF-8'), ('XDG_CURRENT_DESKTOP', 'Unity'), ('LC_TELEPHONE', 'zh_CN.UTF-8'), ('XMODIFIERS', '@im=ibus'), ('XDG_SESSION_DESKTOP', 'ubuntu'), ('XAUTHORITY', '/run/user/1000/gdm/Xauthority'), ('LS_COLORS', 'rs=0:di=01;34:ln=01;36:mh=00:pi=40;33:so=01;35:do=01;35:bd=40;33;01:cd=40;33;01:or=40;31;01:mi=00:su=37;41:sg=30;43:ca=30;41:tw=30;42:ow=34;42:st=37;44:ex=01;32:*.tar=01;31:*.tgz=01;31:*.arc=01;31:*.arj=01;31:*.taz=01;31:*.lha=01;31:*.lz4=01;31:*.lzh=01;31:*.lzma=01;31:*.tlz=01;31:*.txz=01;31:*.tzo=01;31:*.t7z=01;31:*.zip=01;31:*.z=01;31:*.dz=01;31:*.gz=01;31:*.lrz=01;31:*.lz=01;31:*.lzo=01;31:*.xz=01;31:*.zst=01;31:*.tzst=01;31:*.bz2=01;31:*.bz=01;31:*.tbz=01;31:*.tbz2=01;31:*.tz=01;31:*.deb=01;31:*.rpm=01;31:*.jar=01;31:*.war=01;31:*.ear=01;31:*.sar=01;31:*.rar=01;31:*.alz=01;31:*.ace=01;31:*.zoo=01;31:*.cpio=01;31:*.7z=01;31:*.rz=01;31:*.cab=01;31:*.wim=01;31:*.swm=01;31:*.dwm=01;31:*.esd=01;31:*.jpg=01;35:*.jpeg=01;35:*.mjpg=01;35:*.mjpeg=01;35:*.gif=01;35:*.bmp=01;35:*.pbm=01;35:*.pgm=01;35:*.ppm=01;35:*.tga=01;35:*.xbm=01;35:*.xpm=01;35:*.tif=01;35:*.tiff=01;35:*.png=01;35:*.svg=01;35:*.svgz=01;35:*.mng=01;35:*.pcx=01;35:*.mov=01;35:*.mpg=01;35:*.mpeg=01;35:*.m2v=01;35:*.mkv=01;35:*.webm=01;35:*.webp=01;35:*.ogm=01;35:*.mp4=01;35:*.m4v=01;35:*.mp4v=01;35:*.vob=01;35:*.qt=01;35:*.nuv=01;35:*.wmv=01;35:*.asf=01;35:*.rm=01;35:*.rmvb=01;35:*.flc=01;35:*.avi=01;35:*.fli=01;35:*.flv=01;35:*.gl=01;35:*.dl=01;35:*.xcf=01;35:*.xwd=01;35:*.yuv=01;35:*.cgm=01;35:*.emf=01;35:*.ogv=01;35:*.ogx=01;35:*.aac=00;36:*.au=00;36:*.flac=00;36:*.m4a=00;36:*.mid=00;36:*.midi=00;36:*.mka=00;36:*.mp3=00;36:*.mpc=00;36:*.ogg=00;36:*.ra=00;36:*.wav=00;36:*.oga=00;36:*.opus=00;36:*.spx=00;36:*.xspf=00;36:'), ('VSCODE_GIT_IPC_HANDLE', '/run/user/1000/vscode-git-963eea5680.sock'), ('GNOME_TERMINAL_SERVICE', ':1.132'), ('TERM_PROGRAM', 'vscode'), ('SSH_AGENT_LAUNCHER', 'gnome-keyring'), ('SSH_AUTH_SOCK', '/run/user/1000/keyring/ssh'), ('AMENT_PREFIX_PATH', '/opt/ros/humble'), ('ORIGINAL_XDG_CURRENT_DESKTOP', 'ubuntu:GNOME'), ('SHELL', '/bin/bash'), ('LC_NAME', 'zh_CN.UTF-8'), ('QT_ACCESSIBILITY', '1'), ('NO_AT_BRIDGE', '1'), ('GDMSESSION', 'ubuntu'), ('LESSCLOSE', '/usr/bin/lesspipe %s %s'), ('LC_MEASUREMENT', 'zh_CN.UTF-8'), ('GPG_AGENT_INFO', '/run/user/1000/gnupg/S.gpg-agent:0:1'), ('LC_IDENTIFICATION', 'zh_CN.UTF-8'), ('VSCODE_GIT_ASKPASS_EXTRA_ARGS', ''), ('QT_IM_MODULE', 'ibus'), ('PWD', '/home/ocrv/sp_vision_tutorial_27/lecture4/build/srv_learning'), ('XDG_CONFIG_DIRS', '/etc/xdg/xdg-ubuntu:/etc/xdg'), ('XDG_DATA_DIRS', '/usr/share/ubuntu:/usr/share/gnome:/usr/local/share/:/usr/share/:/var/lib/snapd/desktop'), ('PYTHONPATH', '/opt/ros/humble/lib/python3.10/site-packages:/opt/ros/humble/local/lib/python3.10/dist-packages'), ('LC_NUMERIC', 'zh_CN.UTF-8'), ('MVCAM_SDK_VERSION', ''), ('LC_PAPER', 'zh_CN.UTF-8'), ('COLCON', '1'), ('VTE_VERSION', '6800'), ('MVCAM_COMMON_RUNENV', '/opt/MVS/lib'), ('CMAKE_PREFIX_PATH', '/opt/ros/humble')]), 'shell': False}
[12.493803] (srv_learning) StdoutLine: {'line': b'-- Install configuration: ""\n'}
[12.494080] (srv_learning) StdoutLine: {'line': b'-- Installing: /home/ocrv/sp_vision_tutorial_27/lecture4/install/srv_learning/lib/srv_learning/add_two_ints_service\n'}
[12.499400] (srv_learning) StdoutLine: {'line': b'-- Set runtime path of "/home/ocrv/sp_vision_tutorial_27/lecture4/install/srv_learning/lib/srv_learning/add_two_ints_service" to ""\n'}
[12.499580] (srv_learning) StdoutLine: {'line': b'-- Installing: /home/ocrv/sp_vision_tutorial_27/lecture4/install/srv_learning/lib/srv_learning/add_two_ints_client\n'}
[12.499623] (srv_learning) StdoutLine: {'line': b'-- Set runtime path of "/home/ocrv/sp_vision_tutorial_27/lecture4/install/srv_learning/lib/srv_learning/add_two_ints_client" to ""\n'}
[12.499656] (srv_learning) StdoutLine: {'line': b'-- Installing: /home/ocrv/sp_vision_tutorial_27/lecture4/install/srv_learning/share/ament_index/resource_index/package_run_dependencies/srv_learning\n'}
[12.502291] (srv_learning) StdoutLine: {'line': b'-- Installing: /home/ocrv/sp_vision_tutorial_27/lecture4/install/srv_learning/share/ament_index/resource_index/parent_prefix_path/srv_learning\n'}
[12.502398] (srv_learning) StdoutLine: {'line': b'-- Installing: /home/ocrv/sp_vision_tutorial_27/lecture4/install/srv_learning/share/srv_learning/environment/ament_prefix_path.sh\n'}
[12.502447] (srv_learning) StdoutLine: {'line': b'-- Installing: /home/ocrv/sp_vision_tutorial_27/lecture4/install/srv_learning/share/srv_learning/environment/ament_prefix_path.dsv\n'}
[12.502486] (srv_learning) StdoutLine: {'line': b'-- Installing: /home/ocrv/sp_vision_tutorial_27/lecture4/install/srv_learning/share/srv_learning/environment/path.sh\n'}
[12.502523] (srv_learning) StdoutLine: {'line': b'-- Installing: /home/ocrv/sp_vision_tutorial_27/lecture4/install/srv_learning/share/srv_learning/environment/path.dsv\n'}
[12.502574] (srv_learning) StdoutLine: {'line': b'-- Installing: /home/ocrv/sp_vision_tutorial_27/lecture4/install/srv_learning/share/srv_learning/local_setup.bash\n'}
[12.502609] (srv_learning) StdoutLine: {'line': b'-- Installing: /home/ocrv/sp_vision_tutorial_27/lecture4/install/srv_learning/share/srv_learning/local_setup.sh\n'}
[12.502641] (srv_learning) StdoutLine: {'line': b'-- Installing: /home/ocrv/sp_vision_tutorial_27/lecture4/install/srv_learning/share/srv_learning/local_setup.zsh\n'}
[12.502673] (srv_learning) StdoutLine: {'line': b'-- Installing: /home/ocrv/sp_vision_tutorial_27/lecture4/install/srv_learning/share/srv_learning/local_setup.dsv\n'}
[12.502704] (srv_learning) StdoutLine: {'line': b'-- Installing: /home/ocrv/sp_vision_tutorial_27/lecture4/install/srv_learning/share/srv_learning/package.dsv\n'}
[12.502762] (srv_learning) StdoutLine: {'line': b'-- Installing: /home/ocrv/sp_vision_tutorial_27/lecture4/install/srv_learning/share/ament_index/resource_index/packages/srv_learning\n'}
[12.504269] (srv_learning) StdoutLine: {'line': b'-- Installing: /home/ocrv/sp_vision_tutorial_27/lecture4/install/srv_learning/share/srv_learning/cmake/srv_learningConfig.cmake\n'}
[12.504349] (srv_learning) StdoutLine: {'line': b'-- Installing: /home/ocrv/sp_vision_tutorial_27/lecture4/install/srv_learning/share/srv_learning/cmake/srv_learningConfig-version.cmake\n'}
[12.504403] (srv_learning) StdoutLine: {'line': b'-- Installing: /home/ocrv/sp_vision_tutorial_27/lecture4/install/srv_learning/share/srv_learning/package.xml\n'}
[12.509334] (srv_learning) CommandEnded: {'returncode': 0}
[12.516498] (-) TimerEvent: {}
[12.535344] (srv_learning) JobEnded: {'identifier': 'srv_learning', 'rc': 0}
[12.618548] (-) TimerEvent: {}
[12.718913] (-) TimerEvent: {}
[12.819426] (-) TimerEvent: {}
[12.919798] (-) TimerEvent: {}
[13.020108] (-) TimerEvent: {}
[13.120703] (-) TimerEvent: {}
[13.222263] (-) TimerEvent: {}
[13.282113] (turtlesim) StdoutLine: {'line': b'[  7%] \x1b[32mBuilding C object CMakeFiles/turtlesim__rosidl_generator_c.dir/rosidl_generator_c/turtlesim/action/detail/rotate_absolute__functions.c.o\x1b[0m\n'}
[13.322387] (-) TimerEvent: {}
[13.343685] (turtlesim) StdoutLine: {'line': b'[  8%] \x1b[32mBuilding CXX object CMakeFiles/turtlesim__rosidl_typesupport_cpp.dir/rosidl_typesupport_cpp/turtlesim/action/rotate_absolute__type_support.cpp.o\x1b[0m\n'}
[13.422502] (-) TimerEvent: {}
[13.463119] (turtlesim) StdoutLine: {'line': b'[  9%] \x1b[32mBuilding C object CMakeFiles/turtlesim__rosidl_generator_c.dir/rosidl_generator_c/turtlesim/msg/detail/color__functions.c.o\x1b[0m\n'}
[13.472463] (turtlesim) StdoutLine: {'line': b'[ 10%] \x1b[32mBuilding CXX object CMakeFiles/turtlesim__rosidl_typesupport_introspection_cpp.dir/rosidl_typesupport_introspection_cpp/turtlesim/action/detail/rotate_absolute__type_support.cpp.o\x1b[0m\n'}
[13.526288] (-) TimerEvent: {}
[13.574283] (turtlesim) StdoutLine: {'line': b'[ 11%] \x1b[32mBuilding C object CMakeFiles/turtlesim__rosidl_generator_c.dir/rosidl_generator_c/turtlesim/msg/detail/pose__functions.c.o\x1b[0m\n'}
[13.626403] (-) TimerEvent: {}
[13.637428] (turtlesim) StdoutLine: {'line': b'[ 12%] \x1b[32mBuilding CXX object CMakeFiles/turtlesim__rosidl_typesupport_fastrtps_cpp.dir/rosidl_typesupport_fastrtps_cpp/turtlesim/action/detail/dds_fastrtps/rotate_absolute__type_support.cpp.o\x1b[0m\n'}
[13.712295] (turtlesim) StdoutLine: {'line': b'[ 13%] \x1b[32mBuilding C object CMakeFiles/turtlesim__rosidl_generator_c.dir/rosidl_generator_c/turtlesim/srv/detail/kill__functions.c.o\x1b[0m\n'}
[13.726517] (-) TimerEvent: {}
[13.827418] (-) TimerEvent: {}
[13.854151] (turtlesim) StdoutLine: {'line': b'[ 14%] \x1b[32mBuilding C object CMakeFiles/turtlesim__rosidl_generator_c.dir/rosidl_generator_c/turtlesim/srv/detail/set_pen__functions.c.o\x1b[0m\n'}
[13.923353] (turtlesim) StdoutLine: {'line': b'[ 15%] \x1b[32mBuilding C object CMakeFiles/turtlesim__rosidl_generator_c.dir/rosidl_generator_c/turtlesim/srv/detail/spawn__functions.c.o\x1b[0m\n'}
[13.930267] (-) TimerEvent: {}
[13.947277] (turtlesim) StdoutLine: {'line': b'[ 16%] \x1b[32mBuilding CXX object CMakeFiles/turtlesim__rosidl_typesupport_cpp.dir/rosidl_typesupport_cpp/turtlesim/msg/color__type_support.cpp.o\x1b[0m\n'}
[14.026708] (turtlesim) StdoutLine: {'line': b'[ 17%] \x1b[32mBuilding C object CMakeFiles/turtlesim__rosidl_generator_c.dir/rosidl_generator_c/turtlesim/srv/detail/teleport_absolute__functions.c.o\x1b[0m\n'}
[14.030389] (-) TimerEvent: {}
[14.130710] (-) TimerEvent: {}
[14.150183] (turtlesim) StdoutLine: {'line': b'[ 18%] \x1b[32mBuilding C object CMakeFiles/turtlesim__rosidl_generator_c.dir/rosidl_generator_c/turtlesim/srv/detail/teleport_relative__functions.c.o\x1b[0m\n'}
[14.206159] (turtlesim) StdoutLine: {'line': b'[ 19%] \x1b[32mBuilding CXX object CMakeFiles/turtlesim__rosidl_typesupport_cpp.dir/rosidl_typesupport_cpp/turtlesim/msg/pose__type_support.cpp.o\x1b[0m\n'}
[14.230833] (-) TimerEvent: {}
[14.268999] (turtlesim) StdoutLine: {'line': b'[ 20%] \x1b[32m\x1b[1mLinking C shared library libturtlesim__rosidl_generator_c.so\x1b[0m\n'}
[14.330959] (-) TimerEvent: {}
[14.367815] (turtlesim) StdoutLine: {'line': b'[ 20%] Built target turtlesim__rosidl_generator_c\n'}
[14.377651] (turtlesim) StdoutLine: {'line': b'[ 21%] \x1b[32mBuilding CXX object CMakeFiles/turtlesim__rosidl_typesupport_introspection_cpp.dir/rosidl_typesupport_introspection_cpp/turtlesim/msg/detail/color__type_support.cpp.o\x1b[0m\n'}
[14.389619] (turtlesim) StdoutLine: {'line': b'[ 22%] \x1b[32mBuilding CXX object CMakeFiles/turtlesim__rosidl_typesupport_cpp.dir/rosidl_typesupport_cpp/turtlesim/srv/kill__type_support.cpp.o\x1b[0m\n'}
[14.432286] (-) TimerEvent: {}
[14.476654] (turtlesim) StdoutLine: {'line': b'[ 23%] \x1b[34m\x1b[1mGenerating C type support for eProsima Fast-RTPS\x1b[0m\n'}
[14.532397] (-) TimerEvent: {}
[14.572235] (turtlesim) StdoutLine: {'line': b'[ 24%] \x1b[32mBuilding CXX object CMakeFiles/turtlesim__rosidl_typesupport_fastrtps_cpp.dir/rosidl_typesupport_fastrtps_cpp/turtlesim/msg/detail/dds_fastrtps/color__type_support.cpp.o\x1b[0m\n'}
[14.632933] (-) TimerEvent: {}
[14.736032] (-) TimerEvent: {}
[14.839427] (-) TimerEvent: {}
[14.904275] (turtlesim) StdoutLine: {'line': b'[ 25%] \x1b[32mBuilding CXX object CMakeFiles/turtlesim__rosidl_typesupport_cpp.dir/rosidl_typesupport_cpp/turtlesim/srv/set_pen__type_support.cpp.o\x1b[0m\n'}
[14.939541] (-) TimerEvent: {}
[15.001639] (turtlesim) StdoutLine: {'line': b'[ 26%] \x1b[32mBuilding CXX object CMakeFiles/turtlesim__rosidl_typesupport_introspection_cpp.dir/rosidl_typesupport_introspection_cpp/turtlesim/msg/detail/pose__type_support.cpp.o\x1b[0m\n'}
[15.039648] (-) TimerEvent: {}
[15.142869] (-) TimerEvent: {}
[15.220121] (turtlesim) StdoutLine: {'line': b'[ 27%] \x1b[32mBuilding CXX object CMakeFiles/turtlesim__rosidl_typesupport_cpp.dir/rosidl_typesupport_cpp/turtlesim/srv/spawn__type_support.cpp.o\x1b[0m\n'}
[15.242970] (-) TimerEvent: {}
[15.258504] (turtlesim) StdoutLine: {'line': b'[ 28%] \x1b[32mBuilding CXX object CMakeFiles/turtlesim__rosidl_typesupport_fastrtps_cpp.dir/rosidl_typesupport_fastrtps_cpp/turtlesim/msg/detail/dds_fastrtps/pose__type_support.cpp.o\x1b[0m\n'}
[15.343301] (-) TimerEvent: {}
[15.443630] (-) TimerEvent: {}
[15.498353] (turtlesim) StdoutLine: {'line': b'[ 29%] \x1b[32mBuilding CXX object CMakeFiles/turtlesim__rosidl_typesupport_cpp.dir/rosidl_typesupport_cpp/turtlesim/srv/teleport_absolute__type_support.cpp.o\x1b[0m\n'}
[15.543744] (-) TimerEvent: {}
[15.572933] (turtlesim) StdoutLine: {'line': b'[ 30%] \x1b[32mBuilding CXX object CMakeFiles/turtlesim__rosidl_typesupport_introspection_cpp.dir/rosidl_typesupport_introspection_cpp/turtlesim/srv/detail/kill__type_support.cpp.o\x1b[0m\n'}
[15.644284] (-) TimerEvent: {}
[15.746289] (-) TimerEvent: {}
[15.821830] (turtlesim) StdoutLine: {'line': b'[ 31%] \x1b[32mBuilding CXX object CMakeFiles/turtlesim__rosidl_typesupport_fastrtps_cpp.dir/rosidl_typesupport_fastrtps_cpp/turtlesim/srv/detail/dds_fastrtps/kill__type_support.cpp.o\x1b[0m\n'}
[15.846406] (-) TimerEvent: {}
[15.868292] (turtlesim) StdoutLine: {'line': b'[ 32%] \x1b[32mBuilding CXX object CMakeFiles/turtlesim__rosidl_typesupport_fastrtps_c.dir/rosidl_typesupport_fastrtps_c/turtlesim/action/detail/rotate_absolute__type_support_c.cpp.o\x1b[0m\n'}
[15.940288] (turtlesim) StdoutLine: {'line': b'[ 33%] \x1b[32mBuilding CXX object CMakeFiles/turtlesim__rosidl_typesupport_cpp.dir/rosidl_typesupport_cpp/turtlesim/srv/teleport_relative__type_support.cpp.o\x1b[0m\n'}
[15.947123] (-) TimerEvent: {}
[16.047733] (-) TimerEvent: {}
[16.084409] (turtlesim) StdoutLine: {'line': b'[ 34%] \x1b[32mBuilding CXX object CMakeFiles/turtlesim__rosidl_typesupport_introspection_cpp.dir/rosidl_typesupport_introspection_cpp/turtlesim/srv/detail/set_pen__type_support.cpp.o\x1b[0m\n'}
[16.147897] (-) TimerEvent: {}
[16.213343] (qos_debugger) StdoutLine: {'line': b'[ 75%] \x1b[32m\x1b[1mLinking CXX executable qos_debugger_pub\x1b[0m\n'}
[16.248017] (-) TimerEvent: {}
[16.336404] (turtlesim) StdoutLine: {'line': b'[ 35%] \x1b[32m\x1b[1mLinking CXX shared library libturtlesim__rosidl_typesupport_cpp.so\x1b[0m\n'}
[16.348127] (-) TimerEvent: {}
[16.389352] (turtlesim) StdoutLine: {'line': b'[ 36%] \x1b[32mBuilding CXX object CMakeFiles/turtlesim__rosidl_typesupport_fastrtps_cpp.dir/rosidl_typesupport_fastrtps_cpp/turtlesim/srv/detail/dds_fastrtps/set_pen__type_support.cpp.o\x1b[0m\n'}
[16.415941] (turtlesim) StdoutLine: {'line': b'[ 36%] Built target turtlesim__rosidl_typesupport_cpp\n'}
[16.438776] (turtlesim) StdoutLine: {'line': b'[ 37%] \x1b[32mBuilding CXX object CMakeFiles/turtlesim__rosidl_typesupport_fastrtps_cpp.dir/rosidl_typesupport_fastrtps_cpp/turtlesim/srv/detail/dds_fastrtps/spawn__type_support.cpp.o\x1b[0m\n'}
[16.448232] (-) TimerEvent: {}
[16.449108] (turtlesim) StdoutLine: {'line': b'[ 38%] \x1b[32mBuilding CXX object CMakeFiles/turtlesim__rosidl_typesupport_fastrtps_c.dir/rosidl_typesupport_fastrtps_c/turtlesim/msg/detail/color__type_support_c.cpp.o\x1b[0m\n'}
[16.528569] (qos_debugger) StdoutLine: {'line': b'[ 75%] Built target qos_debugger_pub\n'}
[16.550387] (-) TimerEvent: {}
[16.614759] (turtlesim) StdoutLine: {'line': b'[ 39%] \x1b[32mBuilding CXX object CMakeFiles/turtlesim__rosidl_typesupport_introspection_cpp.dir/rosidl_typesupport_introspection_cpp/turtlesim/srv/detail/spawn__type_support.cpp.o\x1b[0m\n'}
[16.651370] (-) TimerEvent: {}
[16.752037] (-) TimerEvent: {}
[16.777368] (turtlesim) StdoutLine: {'line': b'[ 40%] \x1b[32mBuilding CXX object CMakeFiles/turtlesim__rosidl_typesupport_introspection_cpp.dir/rosidl_typesupport_introspection_cpp/turtlesim/srv/detail/teleport_absolute__type_support.cpp.o\x1b[0m\n'}
[16.852168] (-) TimerEvent: {}
[16.952852] (-) TimerEvent: {}
[16.961071] (turtlesim) StdoutLine: {'line': b'[ 41%] \x1b[32mBuilding CXX object CMakeFiles/turtlesim__rosidl_typesupport_fastrtps_c.dir/rosidl_typesupport_fastrtps_c/turtlesim/msg/detail/pose__type_support_c.cpp.o\x1b[0m\n'}
[16.976963] (turtlesim) StdoutLine: {'line': b'[ 42%] \x1b[32mBuilding CXX object CMakeFiles/turtlesim__rosidl_typesupport_fastrtps_c.dir/rosidl_typesupport_fastrtps_c/turtlesim/srv/detail/kill__type_support_c.cpp.o\x1b[0m\n'}
[17.017862] (turtlesim) StdoutLine: {'line': b'[ 43%] \x1b[32mBuilding CXX object CMakeFiles/turtlesim__rosidl_typesupport_fastrtps_cpp.dir/rosidl_typesupport_fastrtps_cpp/turtlesim/srv/detail/dds_fastrtps/teleport_absolute__type_support.cpp.o\x1b[0m\n'}
[17.052976] (-) TimerEvent: {}
[17.154046] (-) TimerEvent: {}
[17.156820] (turtlesim) StdoutLine: {'line': b'[ 44%] \x1b[32mBuilding CXX object CMakeFiles/turtlesim__rosidl_typesupport_introspection_cpp.dir/rosidl_typesupport_introspection_cpp/turtlesim/srv/detail/teleport_relative__type_support.cpp.o\x1b[0m\n'}
[17.254172] (-) TimerEvent: {}
[17.277258] (turtlesim) StdoutLine: {'line': b'[ 45%] \x1b[34m\x1b[1mGenerating C introspection for ROS interfaces\x1b[0m\n'}
[17.349968] (turtlesim) StdoutLine: {'line': b'[ 46%] \x1b[32mBuilding CXX object CMakeFiles/turtlesim__rosidl_typesupport_fastrtps_c.dir/rosidl_typesupport_fastrtps_c/turtlesim/srv/detail/set_pen__type_support_c.cpp.o\x1b[0m\n'}
[17.355366] (-) TimerEvent: {}
[17.434825] (turtlesim) StdoutLine: {'line': b'[ 47%] \x1b[32mBuilding CXX object CMakeFiles/turtlesim__rosidl_typesupport_fastrtps_cpp.dir/rosidl_typesupport_fastrtps_cpp/turtlesim/srv/detail/dds_fastrtps/teleport_relative__type_support.cpp.o\x1b[0m\n'}
[17.455481] (-) TimerEvent: {}
[17.533959] (turtlesim) StdoutLine: {'line': b'[ 48%] \x1b[32m\x1b[1mLinking CXX shared library libturtlesim__rosidl_typesupport_introspection_cpp.so\x1b[0m\n'}
[17.555707] (-) TimerEvent: {}
[17.656273] (-) TimerEvent: {}
[17.696696] (turtlesim) StdoutLine: {'line': b'[ 48%] Built target turtlesim__rosidl_typesupport_introspection_cpp\n'}
[17.724651] (turtlesim) StdoutLine: {'line': b'[ 49%] \x1b[34m\x1b[1mGenerating C type support dispatch for ROS interfaces\x1b[0m\n'}
[17.756381] (-) TimerEvent: {}
[17.790703] (turtlesim) StdoutLine: {'line': b'[ 50%] \x1b[32mBuilding CXX object CMakeFiles/turtlesim__rosidl_typesupport_fastrtps_c.dir/rosidl_typesupport_fastrtps_c/turtlesim/srv/detail/spawn__type_support_c.cpp.o\x1b[0m\n'}
[17.813777] (turtlesim) StdoutLine: {'line': b'[ 51%] \x1b[32m\x1b[1mLinking CXX shared library libturtlesim__rosidl_typesupport_fastrtps_cpp.so\x1b[0m\n'}
[17.856487] (-) TimerEvent: {}
[17.903081] (turtlesim) StdoutLine: {'line': b'[ 51%] Built target turtlesim__rosidl_typesupport_fastrtps_cpp\n'}
[17.924311] (turtlesim) StdoutLine: {'line': b'[ 52%] \x1b[34m\x1b[1mGenerating include/turtlesim/moc_turtle_frame.cpp\x1b[0m\n'}
[17.959292] (-) TimerEvent: {}
[18.034000] (turtlesim) StdoutLine: {'line': b'[ 53%] \x1b[32mBuilding CXX object CMakeFiles/turtlesim_node.dir/src/turtlesim.cpp.o\x1b[0m\n'}
[18.059406] (-) TimerEvent: {}
[18.104894] (turtlesim) StdoutLine: {'line': b'[ 54%] \x1b[32mBuilding CXX object CMakeFiles/turtlesim__rosidl_typesupport_fastrtps_c.dir/rosidl_typesupport_fastrtps_c/turtlesim/srv/detail/teleport_absolute__type_support_c.cpp.o\x1b[0m\n'}
[18.129016] (turtlesim) StdoutLine: {'line': b'[ 55%] \x1b[32mBuilding C object CMakeFiles/turtlesim__rosidl_typesupport_introspection_c.dir/rosidl_typesupport_introspection_c/turtlesim/action/detail/rotate_absolute__type_support.c.o\x1b[0m\n'}
[18.164525] (-) TimerEvent: {}
[18.201475] (turtlesim) StdoutLine: {'line': b'[ 56%] \x1b[32mBuilding C object CMakeFiles/turtlesim__rosidl_typesupport_introspection_c.dir/rosidl_typesupport_introspection_c/turtlesim/msg/detail/color__type_support.c.o\x1b[0m\n'}
[18.264644] (-) TimerEvent: {}
[18.268516] (turtlesim) StdoutLine: {'line': b'[ 57%] \x1b[32mBuilding C object CMakeFiles/turtlesim__rosidl_typesupport_introspection_c.dir/rosidl_typesupport_introspection_c/turtlesim/msg/detail/pose__type_support.c.o\x1b[0m\n'}
[18.311380] (turtlesim) StdoutLine: {'line': b'[ 58%] \x1b[32mBuilding C object CMakeFiles/turtlesim__rosidl_typesupport_introspection_c.dir/rosidl_typesupport_introspection_c/turtlesim/srv/detail/kill__type_support.c.o\x1b[0m\n'}
[18.355758] (turtlesim) StdoutLine: {'line': b'[ 59%] \x1b[32mBuilding CXX object CMakeFiles/turtlesim__rosidl_typesupport_c.dir/rosidl_typesupport_c/turtlesim/action/rotate_absolute__type_support.cpp.o\x1b[0m\n'}
[18.363914] (turtlesim) StdoutLine: {'line': b'[ 60%] \x1b[32mBuilding C object CMakeFiles/turtlesim__rosidl_typesupport_introspection_c.dir/rosidl_typesupport_introspection_c/turtlesim/srv/detail/set_pen__type_support.c.o\x1b[0m\n'}
[18.364704] (-) TimerEvent: {}
[18.405396] (turtlesim) StdoutLine: {'line': b'[ 61%] \x1b[32mBuilding C object CMakeFiles/turtlesim__rosidl_typesupport_introspection_c.dir/rosidl_typesupport_introspection_c/turtlesim/srv/detail/spawn__type_support.c.o\x1b[0m\n'}
[18.411817] (turtlesim) StdoutLine: {'line': b'[ 62%] \x1b[32mBuilding CXX object CMakeFiles/turtlesim__rosidl_typesupport_fastrtps_c.dir/rosidl_typesupport_fastrtps_c/turtlesim/srv/detail/teleport_relative__type_support_c.cpp.o\x1b[0m\n'}
[18.445739] (turtlesim) StdoutLine: {'line': b'[ 63%] \x1b[32mBuilding C object CMakeFiles/turtlesim__rosidl_typesupport_introspection_c.dir/rosidl_typesupport_introspection_c/turtlesim/srv/detail/teleport_absolute__type_support.c.o\x1b[0m\n'}
[18.448455] (turtlesim) StdoutLine: {'line': b'[ 64%] \x1b[32mBuilding CXX object CMakeFiles/turtlesim__rosidl_typesupport_c.dir/rosidl_typesupport_c/turtlesim/msg/color__type_support.cpp.o\x1b[0m\n'}
[18.464844] (-) TimerEvent: {}
[18.492363] (turtlesim) StdoutLine: {'line': b'[ 65%] \x1b[32mBuilding CXX object CMakeFiles/turtlesim__rosidl_typesupport_c.dir/rosidl_typesupport_c/turtlesim/msg/pose__type_support.cpp.o\x1b[0m\n'}
[18.521442] (turtlesim) StdoutLine: {'line': b'[ 66%] \x1b[32mBuilding C object CMakeFiles/turtlesim__rosidl_typesupport_introspection_c.dir/rosidl_typesupport_introspection_c/turtlesim/srv/detail/teleport_relative__type_support.c.o\x1b[0m\n'}
[18.532071] (turtlesim) StdoutLine: {'line': b'[ 67%] \x1b[32mBuilding CXX object CMakeFiles/turtlesim__rosidl_typesupport_c.dir/rosidl_typesupport_c/turtlesim/srv/kill__type_support.cpp.o\x1b[0m\n'}
[18.563743] (turtlesim) StdoutLine: {'line': b'[ 68%] \x1b[32mBuilding CXX object CMakeFiles/turtlesim__rosidl_typesupport_c.dir/rosidl_typesupport_c/turtlesim/srv/set_pen__type_support.cpp.o\x1b[0m\n'}
[18.564933] (-) TimerEvent: {}
[18.591782] (turtlesim) StdoutLine: {'line': b'[ 69%] \x1b[32m\x1b[1mLinking C shared library libturtlesim__rosidl_typesupport_introspection_c.so\x1b[0m\n'}
[18.625141] (turtlesim) StdoutLine: {'line': b'[ 70%] \x1b[32mBuilding CXX object CMakeFiles/turtlesim__rosidl_typesupport_c.dir/rosidl_typesupport_c/turtlesim/srv/spawn__type_support.cpp.o\x1b[0m\n'}
[18.651948] (turtlesim) StdoutLine: {'line': b'[ 70%] Built target turtlesim__rosidl_typesupport_introspection_c\n'}
[18.662139] (turtlesim) StdoutLine: {'line': b'[ 71%] \x1b[32mBuilding CXX object CMakeFiles/turtlesim__rosidl_typesupport_c.dir/rosidl_typesupport_c/turtlesim/srv/teleport_absolute__type_support.cpp.o\x1b[0m\n'}
[18.665015] (-) TimerEvent: {}
[18.697806] (turtlesim) StdoutLine: {'line': b'[ 72%] \x1b[32mBuilding CXX object CMakeFiles/turtle_teleop_key.dir/tutorials/teleop_turtle_key.cpp.o\x1b[0m\n'}
[18.728573] (turtlesim) StdoutLine: {'line': b'[ 73%] \x1b[32mBuilding CXX object CMakeFiles/turtlesim__rosidl_typesupport_c.dir/rosidl_typesupport_c/turtlesim/srv/teleport_relative__type_support.cpp.o\x1b[0m\n'}
[18.755536] (turtlesim) StdoutLine: {'line': b'[ 74%] \x1b[32m\x1b[1mLinking CXX shared library libturtlesim__rosidl_typesupport_fastrtps_c.so\x1b[0m\n'}
[18.765159] (-) TimerEvent: {}
[18.781434] (turtlesim) StdoutLine: {'line': b'[ 75%] \x1b[32m\x1b[1mLinking CXX shared library libturtlesim__rosidl_typesupport_c.so\x1b[0m\n'}
[18.865288] (-) TimerEvent: {}
[18.870809] (turtlesim) StdoutLine: {'line': b'[ 75%] Built target turtlesim__rosidl_typesupport_c\n'}
[18.885201] (turtlesim) StdoutLine: {'line': b'[ 75%] Built target turtlesim__rosidl_typesupport_fastrtps_c\n'}
[18.930072] (turtlesim) StdoutLine: {'line': b'[ 76%] \x1b[32mBuilding CXX object CMakeFiles/draw_square.dir/tutorials/draw_square.cpp.o\x1b[0m\n'}
[18.930373] (turtlesim) StdoutLine: {'line': b'[ 77%] \x1b[32mBuilding CXX object CMakeFiles/mimic.dir/tutorials/mimic.cpp.o\x1b[0m\n'}
[18.967102] (-) TimerEvent: {}
[19.068541] (-) TimerEvent: {}
[19.169137] (-) TimerEvent: {}
[19.269763] (-) TimerEvent: {}
[19.370297] (-) TimerEvent: {}
[19.470834] (-) TimerEvent: {}
[19.573771] (-) TimerEvent: {}
[19.674398] (-) TimerEvent: {}
[19.775158] (-) TimerEvent: {}
[19.875953] (-) TimerEvent: {}
[19.977243] (-) TimerEvent: {}
[20.077939] (-) TimerEvent: {}
[20.178611] (-) TimerEvent: {}
[20.279969] (-) TimerEvent: {}
[20.380558] (-) TimerEvent: {}
[20.481148] (-) TimerEvent: {}
[20.583390] (-) TimerEvent: {}
[20.683960] (-) TimerEvent: {}
[20.764221] (qos_debugger) StdoutLine: {'line': b'[100%] \x1b[32m\x1b[1mLinking CXX executable qos_debugger_sub\x1b[0m\n'}
[20.784080] (-) TimerEvent: {}
[20.884675] (-) TimerEvent: {}
[20.986403] (-) TimerEvent: {}
[21.087305] (-) TimerEvent: {}
[21.187941] (-) TimerEvent: {}
[21.289988] (-) TimerEvent: {}
[21.393280] (-) TimerEvent: {}
[21.488162] (qos_debugger) StdoutLine: {'line': b'[100%] Built target qos_debugger_sub\n'}
[21.493367] (-) TimerEvent: {}
[21.508662] (qos_debugger) CommandEnded: {'returncode': 0}
[21.514335] (qos_debugger) JobProgress: {'identifier': 'qos_debugger', 'progress': 'install'}
[21.514389] (qos_debugger) Command: {'cmd': ['/usr/bin/cmake', '--install', '/home/ocrv/sp_vision_tutorial_27/lecture4/build/qos_debugger'], 'cwd': '/home/ocrv/sp_vision_tutorial_27/lecture4/build/qos_debugger', 'env': OrderedDict([('LESSOPEN', '| /usr/bin/lesspipe %s'), ('LANGUAGE', 'zh_CN:en'), ('USER', 'ocrv'), ('LC_TIME', 'zh_CN.UTF-8'), ('XDG_SESSION_TYPE', 'x11'), ('ALLUSERSPROFILE', '/opt/MVS/MVFG'), ('GIT_ASKPASS', '/usr/share/code/resources/app/extensions/git/dist/askpass.sh'), ('SHLVL', '2'), ('LD_LIBRARY_PATH', '/home/ocrv/sp_vision_tutorial_27/lecture4/install/nav_hw_interfaces/lib:/opt/ros/humble/opt/rviz_ogre_vendor/lib:/opt/ros/humble/lib/x86_64-linux-gnu:/opt/ros/humble/lib:/opt/MVS/lib/64:/opt/MVS/lib/32:/opt/MVS/lib/64:/opt/MVS/lib/32:/opt/MVS/lib/64:/opt/MVS/lib/32:/opt/MVS/lib/64:/opt/MVS/lib/32'), ('HOME', '/home/ocrv'), ('CHROME_DESKTOP', 'code.desktop'), ('OLDPWD', '/home/ocrv/sp_vision_tutorial_27/lecture4/src'), ('TERM_PROGRAM_VERSION', '1.103.2'), ('DESKTOP_SESSION', 'ubuntu'), ('ROS_PYTHON_VERSION', '3'), ('GNOME_SHELL_SESSION_MODE', 'ubuntu'), ('GTK_MODULES', 'gail:atk-bridge'), ('VSCODE_GIT_ASKPASS_MAIN', '/usr/share/code/resources/app/extensions/git/dist/askpass-main.js'), ('LC_MONETARY', 'zh_CN.UTF-8'), ('VSCODE_GIT_ASKPASS_NODE', '/usr/share/code/code'), ('SYSTEMD_EXEC_PID', '3342'), ('DBUS_SESSION_BUS_ADDRESS', 'unix:path=/run/user/1000/bus'), ('COLORTERM', 'truecolor'), ('ROS_DISTRO', 'humble'), ('GTK_IM_MODULE', 'ibus'), ('LOGNAME', 'ocrv'), ('_', '/usr/bin/colcon'), ('ROS_VERSION', '2'), ('XDG_SESSION_CLASS', 'user'), ('USERNAME', 'ocrv'), ('TERM', 'xterm-256color'), ('GNOME_DESKTOP_SESSION_ID', 'this-is-deprecated'), ('ROS_LOCALHOST_ONLY', '0'), ('WINDOWPATH', '2'), ('MVCAM_SDK_PATH', '/opt/MVS'), ('PATH', '/opt/ros/humble/bin:/usr/local/sbin:/usr/local/bin:/usr/sbin:/usr/bin:/sbin:/bin:/usr/games:/usr/local/games:/snap/bin:/snap/bin'), ('SESSION_MANAGER', 'local/ocrv-virtual-machine:@/tmp/.ICE-unix/3149,unix/ocrv-virtual-machine:/tmp/.ICE-unix/3149'), ('MVCAM_GENICAM_CLPROTOCOL', '/opt/MVS/lib/CLProtocol'), ('PAPERSIZE', 'a4'), ('XDG_MENU_PREFIX', 'gnome-'), ('LC_ADDRESS', 'zh_CN.UTF-8'), ('GNOME_TERMINAL_SCREEN', '/org/gnome/Terminal/screen/c234ed7f_a8af_4c7b_8272_e118f06c194b'), ('XDG_RUNTIME_DIR', '/run/user/1000'), ('GDK_BACKEND', 'x11'), ('DISPLAY', ':0'), ('LANG', 'zh_CN.UTF-8'), ('XDG_CURRENT_DESKTOP', 'Unity'), ('LC_TELEPHONE', 'zh_CN.UTF-8'), ('XMODIFIERS', '@im=ibus'), ('XDG_SESSION_DESKTOP', 'ubuntu'), ('XAUTHORITY', '/run/user/1000/gdm/Xauthority'), ('LS_COLORS', 'rs=0:di=01;34:ln=01;36:mh=00:pi=40;33:so=01;35:do=01;35:bd=40;33;01:cd=40;33;01:or=40;31;01:mi=00:su=37;41:sg=30;43:ca=30;41:tw=30;42:ow=34;42:st=37;44:ex=01;32:*.tar=01;31:*.tgz=01;31:*.arc=01;31:*.arj=01;31:*.taz=01;31:*.lha=01;31:*.lz4=01;31:*.lzh=01;31:*.lzma=01;31:*.tlz=01;31:*.txz=01;31:*.tzo=01;31:*.t7z=01;31:*.zip=01;31:*.z=01;31:*.dz=01;31:*.gz=01;31:*.lrz=01;31:*.lz=01;31:*.lzo=01;31:*.xz=01;31:*.zst=01;31:*.tzst=01;31:*.bz2=01;31:*.bz=01;31:*.tbz=01;31:*.tbz2=01;31:*.tz=01;31:*.deb=01;31:*.rpm=01;31:*.jar=01;31:*.war=01;31:*.ear=01;31:*.sar=01;31:*.rar=01;31:*.alz=01;31:*.ace=01;31:*.zoo=01;31:*.cpio=01;31:*.7z=01;31:*.rz=01;31:*.cab=01;31:*.wim=01;31:*.swm=01;31:*.dwm=01;31:*.esd=01;31:*.jpg=01;35:*.jpeg=01;35:*.mjpg=01;35:*.mjpeg=01;35:*.gif=01;35:*.bmp=01;35:*.pbm=01;35:*.pgm=01;35:*.ppm=01;35:*.tga=01;35:*.xbm=01;35:*.xpm=01;35:*.tif=01;35:*.tiff=01;35:*.png=01;35:*.svg=01;35:*.svgz=01;35:*.mng=01;35:*.pcx=01;35:*.mov=01;35:*.mpg=01;35:*.mpeg=01;35:*.m2v=01;35:*.mkv=01;35:*.webm=01;35:*.webp=01;35:*.ogm=01;35:*.mp4=01;35:*.m4v=01;35:*.mp4v=01;35:*.vob=01;35:*.qt=01;35:*.nuv=01;35:*.wmv=01;35:*.asf=01;35:*.rm=01;35:*.rmvb=01;35:*.flc=01;35:*.avi=01;35:*.fli=01;35:*.flv=01;35:*.gl=01;35:*.dl=01;35:*.xcf=01;35:*.xwd=01;35:*.yuv=01;35:*.cgm=01;35:*.emf=01;35:*.ogv=01;35:*.ogx=01;35:*.aac=00;36:*.au=00;36:*.flac=00;36:*.m4a=00;36:*.mid=00;36:*.midi=00;36:*.mka=00;36:*.mp3=00;36:*.mpc=00;36:*.ogg=00;36:*.ra=00;36:*.wav=00;36:*.oga=00;36:*.opus=00;36:*.spx=00;36:*.xspf=00;36:'), ('VSCODE_GIT_IPC_HANDLE', '/run/user/1000/vscode-git-963eea5680.sock'), ('GNOME_TERMINAL_SERVICE', ':1.132'), ('TERM_PROGRAM', 'vscode'), ('SSH_AGENT_LAUNCHER', 'gnome-keyring'), ('SSH_AUTH_SOCK', '/run/user/1000/keyring/ssh'), ('AMENT_PREFIX_PATH', '/home/ocrv/sp_vision_tutorial_27/lecture4/install/nav_hw_interfaces:/opt/ros/humble'), ('ORIGINAL_XDG_CURRENT_DESKTOP', 'ubuntu:GNOME'), ('SHELL', '/bin/bash'), ('LC_NAME', 'zh_CN.UTF-8'), ('QT_ACCESSIBILITY', '1'), ('NO_AT_BRIDGE', '1'), ('GDMSESSION', 'ubuntu'), ('LESSCLOSE', '/usr/bin/lesspipe %s %s'), ('LC_MEASUREMENT', 'zh_CN.UTF-8'), ('GPG_AGENT_INFO', '/run/user/1000/gnupg/S.gpg-agent:0:1'), ('LC_IDENTIFICATION', 'zh_CN.UTF-8'), ('VSCODE_GIT_ASKPASS_EXTRA_ARGS', ''), ('QT_IM_MODULE', 'ibus'), ('PWD', '/home/ocrv/sp_vision_tutorial_27/lecture4/build/qos_debugger'), ('XDG_CONFIG_DIRS', '/etc/xdg/xdg-ubuntu:/etc/xdg'), ('XDG_DATA_DIRS', '/usr/share/ubuntu:/usr/share/gnome:/usr/local/share/:/usr/share/:/var/lib/snapd/desktop'), ('PYTHONPATH', '/home/ocrv/sp_vision_tutorial_27/lecture4/install/nav_hw_interfaces/local/lib/python3.10/dist-packages:/opt/ros/humble/lib/python3.10/site-packages:/opt/ros/humble/local/lib/python3.10/dist-packages'), ('LC_NUMERIC', 'zh_CN.UTF-8'), ('MVCAM_SDK_VERSION', ''), ('LC_PAPER', 'zh_CN.UTF-8'), ('COLCON', '1'), ('VTE_VERSION', '6800'), ('MVCAM_COMMON_RUNENV', '/opt/MVS/lib'), ('CMAKE_PREFIX_PATH', '/home/ocrv/sp_vision_tutorial_27/lecture4/install/nav_hw_interfaces:/opt/ros/humble')]), 'shell': False}
[21.528367] (qos_debugger) StdoutLine: {'line': b'-- Install configuration: ""\n'}
[21.528523] (qos_debugger) StdoutLine: {'line': b'-- Installing: /home/ocrv/sp_vision_tutorial_27/lecture4/install/qos_debugger/lib/qos_debugger/qos_debugger_pub\n'}
[21.530433] (qos_debugger) StdoutLine: {'line': b'-- Set runtime path of "/home/ocrv/sp_vision_tutorial_27/lecture4/install/qos_debugger/lib/qos_debugger/qos_debugger_pub" to ""\n'}
[21.530526] (qos_debugger) StdoutLine: {'line': b'-- Installing: /home/ocrv/sp_vision_tutorial_27/lecture4/install/qos_debugger/lib/qos_debugger/qos_debugger_sub\n'}
[21.539815] (qos_debugger) StdoutLine: {'line': b'-- Set runtime path of "/home/ocrv/sp_vision_tutorial_27/lecture4/install/qos_debugger/lib/qos_debugger/qos_debugger_sub" to ""\n'}
[21.539972] (qos_debugger) StdoutLine: {'line': b'-- Installing: /home/ocrv/sp_vision_tutorial_27/lecture4/install/qos_debugger/share/ament_index/resource_index/package_run_dependencies/qos_debugger\n'}
[21.540018] (qos_debugger) StdoutLine: {'line': b'-- Installing: /home/ocrv/sp_vision_tutorial_27/lecture4/install/qos_debugger/share/ament_index/resource_index/parent_prefix_path/qos_debugger\n'}
[21.540721] (qos_debugger) StdoutLine: {'line': b'-- Installing: /home/ocrv/sp_vision_tutorial_27/lecture4/install/qos_debugger/share/qos_debugger/environment/ament_prefix_path.sh\n'}
[21.544687] (qos_debugger) StdoutLine: {'line': b'-- Installing: /home/ocrv/sp_vision_tutorial_27/lecture4/install/qos_debugger/share/qos_debugger/environment/ament_prefix_path.dsv\n'}
[21.544792] (qos_debugger) StdoutLine: {'line': b'-- Installing: /home/ocrv/sp_vision_tutorial_27/lecture4/install/qos_debugger/share/qos_debugger/environment/path.sh\n'}
[21.544831] (qos_debugger) StdoutLine: {'line': b'-- Installing: /home/ocrv/sp_vision_tutorial_27/lecture4/install/qos_debugger/share/qos_debugger/environment/path.dsv\n'}
[21.544861] (qos_debugger) StdoutLine: {'line': b'-- Installing: /home/ocrv/sp_vision_tutorial_27/lecture4/install/qos_debugger/share/qos_debugger/local_setup.bash\n'}
[21.544890] (qos_debugger) StdoutLine: {'line': b'-- Installing: /home/ocrv/sp_vision_tutorial_27/lecture4/install/qos_debugger/share/qos_debugger/local_setup.sh\n'}
[21.544918] (qos_debugger) StdoutLine: {'line': b'-- Installing: /home/ocrv/sp_vision_tutorial_27/lecture4/install/qos_debugger/share/qos_debugger/local_setup.zsh\n'}
[21.544945] (qos_debugger) StdoutLine: {'line': b'-- Installing: /home/ocrv/sp_vision_tutorial_27/lecture4/install/qos_debugger/share/qos_debugger/local_setup.dsv\n'}
[21.544977] (qos_debugger) StdoutLine: {'line': b'-- Installing: /home/ocrv/sp_vision_tutorial_27/lecture4/install/qos_debugger/share/qos_debugger/package.dsv\n'}
[21.545578] (qos_debugger) StdoutLine: {'line': b'-- Installing: /home/ocrv/sp_vision_tutorial_27/lecture4/install/qos_debugger/share/ament_index/resource_index/packages/qos_debugger\n'}
[21.545610] (qos_debugger) StdoutLine: {'line': b'-- Installing: /home/ocrv/sp_vision_tutorial_27/lecture4/install/qos_debugger/share/qos_debugger/cmake/qos_debuggerConfig.cmake\n'}
[21.545636] (qos_debugger) StdoutLine: {'line': b'-- Installing: /home/ocrv/sp_vision_tutorial_27/lecture4/install/qos_debugger/share/qos_debugger/cmake/qos_debuggerConfig-version.cmake\n'}
[21.545661] (qos_debugger) StdoutLine: {'line': b'-- Installing: /home/ocrv/sp_vision_tutorial_27/lecture4/install/qos_debugger/share/qos_debugger/package.xml\n'}
[21.551106] (qos_debugger) CommandEnded: {'returncode': 0}
[21.578631] (qos_debugger) JobEnded: {'identifier': 'qos_debugger', 'rc': 0}
[21.593615] (-) TimerEvent: {}
[21.702749] (-) TimerEvent: {}
[21.804581] (-) TimerEvent: {}
[21.905089] (-) TimerEvent: {}
[22.005474] (-) TimerEvent: {}
[22.105847] (-) TimerEvent: {}
[22.206548] (-) TimerEvent: {}
[22.308528] (-) TimerEvent: {}
[22.410961] (-) TimerEvent: {}
[22.511288] (-) TimerEvent: {}
[22.617835] (-) TimerEvent: {}
[22.718181] (-) TimerEvent: {}
[22.818535] (-) TimerEvent: {}
[22.918852] (-) TimerEvent: {}
[23.019214] (-) TimerEvent: {}
[23.119591] (-) TimerEvent: {}
[23.219938] (-) TimerEvent: {}
[23.320578] (-) TimerEvent: {}
[23.426278] (-) TimerEvent: {}
[23.526587] (-) TimerEvent: {}
[23.627176] (-) TimerEvent: {}
[23.647168] (turtlesim) StdoutLine: {'line': b'[ 78%] \x1b[32mBuilding CXX object CMakeFiles/turtlesim_node.dir/src/turtle.cpp.o\x1b[0m\n'}
[23.727282] (-) TimerEvent: {}
[23.827850] (-) TimerEvent: {}
[23.928485] (-) TimerEvent: {}
[24.030531] (-) TimerEvent: {}
[24.131364] (-) TimerEvent: {}
[24.232881] (-) TimerEvent: {}
[24.333304] (-) TimerEvent: {}
[24.434759] (-) TimerEvent: {}
[24.537122] (-) TimerEvent: {}
[24.638552] (-) TimerEvent: {}
[24.738974] (-) TimerEvent: {}
[24.839282] (-) TimerEvent: {}
[24.942461] (-) TimerEvent: {}
[25.042851] (-) TimerEvent: {}
[25.143489] (-) TimerEvent: {}
[25.243992] (-) TimerEvent: {}
[25.344520] (-) TimerEvent: {}
[25.445241] (-) TimerEvent: {}
[25.545810] (-) TimerEvent: {}
[25.553655] (turtlesim) StdoutLine: {'line': b'[ 79%] \x1b[32m\x1b[1mLinking CXX executable turtle_teleop_key\x1b[0m\n'}
[25.645928] (-) TimerEvent: {}
[25.746555] (-) TimerEvent: {}
[25.822806] (turtlesim) StdoutLine: {'line': b'[ 79%] Built target turtle_teleop_key\n'}
[25.831940] (turtlesim) StdoutLine: {'line': b'[ 80%] \x1b[32mBuilding CXX object CMakeFiles/turtlesim_node.dir/src/turtle_frame.cpp.o\x1b[0m\n'}
[25.846693] (-) TimerEvent: {}
[25.948412] (-) TimerEvent: {}
[26.048750] (-) TimerEvent: {}
[26.150412] (-) TimerEvent: {}
[26.251373] (-) TimerEvent: {}
[26.355516] (-) TimerEvent: {}
[26.456079] (-) TimerEvent: {}
[26.557207] (-) TimerEvent: {}
[26.657823] (-) TimerEvent: {}
[26.760298] (-) TimerEvent: {}
[26.860861] (-) TimerEvent: {}
[26.961438] (-) TimerEvent: {}
[27.061985] (-) TimerEvent: {}
[27.162776] (-) TimerEvent: {}
[27.263696] (-) TimerEvent: {}
[27.364383] (-) TimerEvent: {}
[27.466799] (-) TimerEvent: {}
[27.569745] (-) TimerEvent: {}
[27.670328] (-) TimerEvent: {}
[27.771175] (-) TimerEvent: {}
[27.874286] (-) TimerEvent: {}
[27.974849] (-) TimerEvent: {}
[28.076114] (-) TimerEvent: {}
[28.176805] (-) TimerEvent: {}
[28.277459] (-) TimerEvent: {}
[28.378269] (-) TimerEvent: {}
[28.478599] (-) TimerEvent: {}
[28.493869] (turtlesim) StdoutLine: {'line': b'[ 81%] \x1b[32m\x1b[1mLinking CXX executable mimic\x1b[0m\n'}
[28.578737] (-) TimerEvent: {}
[28.681159] (-) TimerEvent: {}
[28.781500] (-) TimerEvent: {}
[28.882297] (-) TimerEvent: {}
[28.976883] (turtlesim) StdoutLine: {'line': b'[ 82%] \x1b[32m\x1b[1mLinking CXX executable draw_square\x1b[0m\n'}
[28.983048] (-) TimerEvent: {}
[29.049291] (turtlesim) StdoutLine: {'line': b'[ 82%] Built target mimic\n'}
[29.067143] (turtlesim) StdoutLine: {'line': b'[ 83%] \x1b[32mBuilding CXX object CMakeFiles/turtlesim_node.dir/include/turtlesim/moc_turtle_frame.cpp.o\x1b[0m\n'}
[29.083174] (-) TimerEvent: {}
[29.183798] (-) TimerEvent: {}
[29.284455] (-) TimerEvent: {}
[29.385011] (-) TimerEvent: {}
[29.387319] (turtlesim) StdoutLine: {'line': b'[ 83%] Built target draw_square\n'}
[29.411414] (turtlesim) StdoutLine: {'line': b'[ 83%] Built target turtlesim\n'}
[29.435822] (turtlesim) StdoutLine: {'line': b'[ 84%] \x1b[34m\x1b[1mGenerating Python code for ROS interfaces\x1b[0m\n'}
[29.486173] (-) TimerEvent: {}
[29.586704] (-) TimerEvent: {}
[29.687247] (-) TimerEvent: {}
[29.787834] (-) TimerEvent: {}
[29.889771] (-) TimerEvent: {}
[29.990292] (-) TimerEvent: {}
[30.090832] (-) TimerEvent: {}
[30.191420] (-) TimerEvent: {}
[30.295287] (-) TimerEvent: {}
[30.395637] (-) TimerEvent: {}
[30.495945] (-) TimerEvent: {}
[30.596303] (-) TimerEvent: {}
[30.696641] (-) TimerEvent: {}
[30.796956] (-) TimerEvent: {}
[30.897293] (-) TimerEvent: {}
[30.999647] (-) TimerEvent: {}
[31.100065] (-) TimerEvent: {}
[31.200870] (-) TimerEvent: {}
[31.244853] (turtlesim) StdoutLine: {'line': b'[ 84%] Built target turtlesim__py\n'}
[31.261783] (turtlesim) StdoutLine: {'line': b'[ 85%] \x1b[32mBuilding C object CMakeFiles/turtlesim__rosidl_generator_py.dir/rosidl_generator_py/turtlesim/action/_rotate_absolute_s.c.o\x1b[0m\n'}
[31.301089] (-) TimerEvent: {}
[31.404445] (-) TimerEvent: {}
[31.413855] (turtlesim) StdoutLine: {'line': b'[ 86%] \x1b[32mBuilding C object CMakeFiles/turtlesim__rosidl_generator_py.dir/rosidl_generator_py/turtlesim/msg/_color_s.c.o\x1b[0m\n'}
[31.504575] (-) TimerEvent: {}
[31.567293] (turtlesim) StdoutLine: {'line': b'[ 87%] \x1b[32mBuilding C object CMakeFiles/turtlesim__rosidl_generator_py.dir/rosidl_generator_py/turtlesim/msg/_pose_s.c.o\x1b[0m\n'}
[31.604693] (-) TimerEvent: {}
[31.667906] (turtlesim) StdoutLine: {'line': b'[ 88%] \x1b[32mBuilding C object CMakeFiles/turtlesim__rosidl_generator_py.dir/rosidl_generator_py/turtlesim/srv/_kill_s.c.o\x1b[0m\n'}
[31.704817] (-) TimerEvent: {}
[31.789200] (turtlesim) StdoutLine: {'line': b'[ 89%] \x1b[32mBuilding C object CMakeFiles/turtlesim__rosidl_generator_py.dir/rosidl_generator_py/turtlesim/srv/_set_pen_s.c.o\x1b[0m\n'}
[31.804940] (-) TimerEvent: {}
[31.891888] (turtlesim) StdoutLine: {'line': b'[ 90%] \x1b[32mBuilding C object CMakeFiles/turtlesim__rosidl_generator_py.dir/rosidl_generator_py/turtlesim/srv/_spawn_s.c.o\x1b[0m\n'}
[31.905069] (-) TimerEvent: {}
[31.987101] (turtlesim) StdoutLine: {'line': b'[ 91%] \x1b[32mBuilding C object CMakeFiles/turtlesim__rosidl_generator_py.dir/rosidl_generator_py/turtlesim/srv/_teleport_absolute_s.c.o\x1b[0m\n'}
[32.005188] (-) TimerEvent: {}
[32.090430] (turtlesim) StdoutLine: {'line': b'[ 92%] \x1b[32mBuilding C object CMakeFiles/turtlesim__rosidl_generator_py.dir/rosidl_generator_py/turtlesim/srv/_teleport_relative_s.c.o\x1b[0m\n'}
[32.105296] (-) TimerEvent: {}
[32.179680] (turtlesim) StdoutLine: {'line': b'[ 93%] \x1b[32m\x1b[1mLinking C shared library rosidl_generator_py/turtlesim/libturtlesim__rosidl_generator_py.so\x1b[0m\n'}
[32.205420] (-) TimerEvent: {}
[32.229755] (turtlesim) StdoutLine: {'line': b'[ 93%] Built target turtlesim__rosidl_generator_py\n'}
[32.258003] (turtlesim) StdoutLine: {'line': b'[ 94%] \x1b[32mBuilding C object CMakeFiles/turtlesim__rosidl_typesupport_fastrtps_c__pyext.dir/rosidl_generator_py/turtlesim/_turtlesim_s.ep.rosidl_typesupport_fastrtps_c.c.o\x1b[0m\n'}
[32.305613] (-) TimerEvent: {}
[32.388890] (turtlesim) StdoutLine: {'line': b'[ 95%] \x1b[32m\x1b[1mLinking C shared library rosidl_generator_py/turtlesim/turtlesim_s__rosidl_typesupport_fastrtps_c.cpython-310-x86_64-linux-gnu.so\x1b[0m\n'}
[32.405714] (-) TimerEvent: {}
[32.440322] (turtlesim) StdoutLine: {'line': b'[ 95%] Built target turtlesim__rosidl_typesupport_fastrtps_c__pyext\n'}
[32.463615] (turtlesim) StdoutLine: {'line': b'[ 96%] \x1b[32mBuilding C object CMakeFiles/turtlesim__rosidl_typesupport_introspection_c__pyext.dir/rosidl_generator_py/turtlesim/_turtlesim_s.ep.rosidl_typesupport_introspection_c.c.o\x1b[0m\n'}
[32.505835] (-) TimerEvent: {}
[32.606178] (-) TimerEvent: {}
[32.617172] (turtlesim) StdoutLine: {'line': b'[ 97%] \x1b[32m\x1b[1mLinking C shared library rosidl_generator_py/turtlesim/turtlesim_s__rosidl_typesupport_introspection_c.cpython-310-x86_64-linux-gnu.so\x1b[0m\n'}
[32.690504] (turtlesim) StdoutLine: {'line': b'[ 97%] Built target turtlesim__rosidl_typesupport_introspection_c__pyext\n'}
[32.706441] (-) TimerEvent: {}
[32.734349] (turtlesim) StdoutLine: {'line': b'[ 98%] \x1b[32mBuilding C object CMakeFiles/turtlesim__rosidl_typesupport_c__pyext.dir/rosidl_generator_py/turtlesim/_turtlesim_s.ep.rosidl_typesupport_c.c.o\x1b[0m\n'}
[32.806556] (-) TimerEvent: {}
[32.895604] (turtlesim) StdoutLine: {'line': b'[ 99%] \x1b[32m\x1b[1mLinking C shared library rosidl_generator_py/turtlesim/turtlesim_s__rosidl_typesupport_c.cpython-310-x86_64-linux-gnu.so\x1b[0m\n'}
[32.906677] (-) TimerEvent: {}
[32.939587] (turtlesim) StdoutLine: {'line': b'[ 99%] Built target turtlesim__rosidl_typesupport_c__pyext\n'}
[33.006796] (-) TimerEvent: {}
[33.109386] (-) TimerEvent: {}
[33.209720] (-) TimerEvent: {}
[33.310054] (-) TimerEvent: {}
[33.412280] (-) TimerEvent: {}
[33.512615] (-) TimerEvent: {}
[33.614446] (-) TimerEvent: {}
[33.715084] (-) TimerEvent: {}
[33.815532] (-) TimerEvent: {}
[33.915978] (-) TimerEvent: {}
[34.017083] (-) TimerEvent: {}
[34.117452] (-) TimerEvent: {}
[34.217800] (-) TimerEvent: {}
[34.318133] (-) TimerEvent: {}
[34.418541] (-) TimerEvent: {}
[34.518946] (-) TimerEvent: {}
[34.619342] (-) TimerEvent: {}
[34.720990] (-) TimerEvent: {}
[34.821906] (-) TimerEvent: {}
[34.922663] (-) TimerEvent: {}
[35.023012] (-) TimerEvent: {}
[35.123308] (-) TimerEvent: {}
[35.223707] (-) TimerEvent: {}
[35.324146] (-) TimerEvent: {}
[35.424527] (-) TimerEvent: {}
[35.524895] (-) TimerEvent: {}
[35.625275] (-) TimerEvent: {}
[35.725699] (-) TimerEvent: {}
[35.826079] (-) TimerEvent: {}
[35.926501] (-) TimerEvent: {}
[36.026939] (-) TimerEvent: {}
[36.127339] (-) TimerEvent: {}
[36.227878] (-) TimerEvent: {}
[36.328251] (-) TimerEvent: {}
[36.428616] (-) TimerEvent: {}
[36.528977] (-) TimerEvent: {}
[36.629320] (-) TimerEvent: {}
[36.730244] (-) TimerEvent: {}
[36.772846] (turtlesim) StdoutLine: {'line': b'[100%] \x1b[32m\x1b[1mLinking CXX executable turtlesim_node\x1b[0m\n'}
[36.830464] (-) TimerEvent: {}
[36.930856] (-) TimerEvent: {}
[37.031261] (-) TimerEvent: {}
[37.131707] (-) TimerEvent: {}
[37.232198] (-) TimerEvent: {}
[37.332624] (-) TimerEvent: {}
[37.433003] (-) TimerEvent: {}
[37.533425] (-) TimerEvent: {}
[37.633803] (-) TimerEvent: {}
[37.734184] (-) TimerEvent: {}
[37.834527] (-) TimerEvent: {}
[37.934873] (-) TimerEvent: {}
[38.035227] (-) TimerEvent: {}
[38.135614] (-) TimerEvent: {}
[38.222005] (turtlesim) StdoutLine: {'line': b'[100%] Built target turtlesim_node\n'}
[38.235081] (turtlesim) CommandEnded: {'returncode': 0}
[38.235824] (turtlesim) JobProgress: {'identifier': 'turtlesim', 'progress': 'install'}
[38.235849] (-) TimerEvent: {}
[38.237002] (turtlesim) Command: {'cmd': ['/usr/bin/cmake', '--install', '/home/ocrv/sp_vision_tutorial_27/lecture4/build/turtlesim'], 'cwd': '/home/ocrv/sp_vision_tutorial_27/lecture4/build/turtlesim', 'env': OrderedDict([('LESSOPEN', '| /usr/bin/lesspipe %s'), ('LANGUAGE', 'zh_CN:en'), ('USER', 'ocrv'), ('LC_TIME', 'zh_CN.UTF-8'), ('XDG_SESSION_TYPE', 'x11'), ('ALLUSERSPROFILE', '/opt/MVS/MVFG'), ('GIT_ASKPASS', '/usr/share/code/resources/app/extensions/git/dist/askpass.sh'), ('SHLVL', '2'), ('LD_LIBRARY_PATH', '/opt/ros/humble/opt/rviz_ogre_vendor/lib:/opt/ros/humble/lib/x86_64-linux-gnu:/opt/ros/humble/lib:/opt/MVS/lib/64:/opt/MVS/lib/32:/opt/MVS/lib/64:/opt/MVS/lib/32:/opt/MVS/lib/64:/opt/MVS/lib/32:/opt/MVS/lib/64:/opt/MVS/lib/32:'), ('HOME', '/home/ocrv'), ('CHROME_DESKTOP', 'code.desktop'), ('OLDPWD', '/home/ocrv/sp_vision_tutorial_27/lecture4/src'), ('TERM_PROGRAM_VERSION', '1.103.2'), ('DESKTOP_SESSION', 'ubuntu'), ('ROS_PYTHON_VERSION', '3'), ('GNOME_SHELL_SESSION_MODE', 'ubuntu'), ('GTK_MODULES', 'gail:atk-bridge'), ('VSCODE_GIT_ASKPASS_MAIN', '/usr/share/code/resources/app/extensions/git/dist/askpass-main.js'), ('LC_MONETARY', 'zh_CN.UTF-8'), ('VSCODE_GIT_ASKPASS_NODE', '/usr/share/code/code'), ('SYSTEMD_EXEC_PID', '3342'), ('DBUS_SESSION_BUS_ADDRESS', 'unix:path=/run/user/1000/bus'), ('COLORTERM', 'truecolor'), ('ROS_DISTRO', 'humble'), ('GTK_IM_MODULE', 'ibus'), ('LOGNAME', 'ocrv'), ('_', '/usr/bin/colcon'), ('ROS_VERSION', '2'), ('XDG_SESSION_CLASS', 'user'), ('USERNAME', 'ocrv'), ('TERM', 'xterm-256color'), ('GNOME_DESKTOP_SESSION_ID', 'this-is-deprecated'), ('ROS_LOCALHOST_ONLY', '0'), ('WINDOWPATH', '2'), ('MVCAM_SDK_PATH', '/opt/MVS'), ('PATH', '/opt/ros/humble/bin:/usr/local/sbin:/usr/local/bin:/usr/sbin:/usr/bin:/sbin:/bin:/usr/games:/usr/local/games:/snap/bin:/snap/bin'), ('SESSION_MANAGER', 'local/ocrv-virtual-machine:@/tmp/.ICE-unix/3149,unix/ocrv-virtual-machine:/tmp/.ICE-unix/3149'), ('MVCAM_GENICAM_CLPROTOCOL', '/opt/MVS/lib/CLProtocol'), ('PAPERSIZE', 'a4'), ('XDG_MENU_PREFIX', 'gnome-'), ('LC_ADDRESS', 'zh_CN.UTF-8'), ('GNOME_TERMINAL_SCREEN', '/org/gnome/Terminal/screen/c234ed7f_a8af_4c7b_8272_e118f06c194b'), ('XDG_RUNTIME_DIR', '/run/user/1000'), ('GDK_BACKEND', 'x11'), ('DISPLAY', ':0'), ('LANG', 'zh_CN.UTF-8'), ('XDG_CURRENT_DESKTOP', 'Unity'), ('LC_TELEPHONE', 'zh_CN.UTF-8'), ('XMODIFIERS', '@im=ibus'), ('XDG_SESSION_DESKTOP', 'ubuntu'), ('XAUTHORITY', '/run/user/1000/gdm/Xauthority'), ('LS_COLORS', 'rs=0:di=01;34:ln=01;36:mh=00:pi=40;33:so=01;35:do=01;35:bd=40;33;01:cd=40;33;01:or=40;31;01:mi=00:su=37;41:sg=30;43:ca=30;41:tw=30;42:ow=34;42:st=37;44:ex=01;32:*.tar=01;31:*.tgz=01;31:*.arc=01;31:*.arj=01;31:*.taz=01;31:*.lha=01;31:*.lz4=01;31:*.lzh=01;31:*.lzma=01;31:*.tlz=01;31:*.txz=01;31:*.tzo=01;31:*.t7z=01;31:*.zip=01;31:*.z=01;31:*.dz=01;31:*.gz=01;31:*.lrz=01;31:*.lz=01;31:*.lzo=01;31:*.xz=01;31:*.zst=01;31:*.tzst=01;31:*.bz2=01;31:*.bz=01;31:*.tbz=01;31:*.tbz2=01;31:*.tz=01;31:*.deb=01;31:*.rpm=01;31:*.jar=01;31:*.war=01;31:*.ear=01;31:*.sar=01;31:*.rar=01;31:*.alz=01;31:*.ace=01;31:*.zoo=01;31:*.cpio=01;31:*.7z=01;31:*.rz=01;31:*.cab=01;31:*.wim=01;31:*.swm=01;31:*.dwm=01;31:*.esd=01;31:*.jpg=01;35:*.jpeg=01;35:*.mjpg=01;35:*.mjpeg=01;35:*.gif=01;35:*.bmp=01;35:*.pbm=01;35:*.pgm=01;35:*.ppm=01;35:*.tga=01;35:*.xbm=01;35:*.xpm=01;35:*.tif=01;35:*.tiff=01;35:*.png=01;35:*.svg=01;35:*.svgz=01;35:*.mng=01;35:*.pcx=01;35:*.mov=01;35:*.mpg=01;35:*.mpeg=01;35:*.m2v=01;35:*.mkv=01;35:*.webm=01;35:*.webp=01;35:*.ogm=01;35:*.mp4=01;35:*.m4v=01;35:*.mp4v=01;35:*.vob=01;35:*.qt=01;35:*.nuv=01;35:*.wmv=01;35:*.asf=01;35:*.rm=01;35:*.rmvb=01;35:*.flc=01;35:*.avi=01;35:*.fli=01;35:*.flv=01;35:*.gl=01;35:*.dl=01;35:*.xcf=01;35:*.xwd=01;35:*.yuv=01;35:*.cgm=01;35:*.emf=01;35:*.ogv=01;35:*.ogx=01;35:*.aac=00;36:*.au=00;36:*.flac=00;36:*.m4a=00;36:*.mid=00;36:*.midi=00;36:*.mka=00;36:*.mp3=00;36:*.mpc=00;36:*.ogg=00;36:*.ra=00;36:*.wav=00;36:*.oga=00;36:*.opus=00;36:*.spx=00;36:*.xspf=00;36:'), ('VSCODE_GIT_IPC_HANDLE', '/run/user/1000/vscode-git-963eea5680.sock'), ('GNOME_TERMINAL_SERVICE', ':1.132'), ('TERM_PROGRAM', 'vscode'), ('SSH_AGENT_LAUNCHER', 'gnome-keyring'), ('SSH_AUTH_SOCK', '/run/user/1000/keyring/ssh'), ('AMENT_PREFIX_PATH', '/opt/ros/humble'), ('ORIGINAL_XDG_CURRENT_DESKTOP', 'ubuntu:GNOME'), ('SHELL', '/bin/bash'), ('LC_NAME', 'zh_CN.UTF-8'), ('QT_ACCESSIBILITY', '1'), ('NO_AT_BRIDGE', '1'), ('GDMSESSION', 'ubuntu'), ('LESSCLOSE', '/usr/bin/lesspipe %s %s'), ('LC_MEASUREMENT', 'zh_CN.UTF-8'), ('GPG_AGENT_INFO', '/run/user/1000/gnupg/S.gpg-agent:0:1'), ('LC_IDENTIFICATION', 'zh_CN.UTF-8'), ('VSCODE_GIT_ASKPASS_EXTRA_ARGS', ''), ('QT_IM_MODULE', 'ibus'), ('PWD', '/home/ocrv/sp_vision_tutorial_27/lecture4/build/turtlesim'), ('XDG_CONFIG_DIRS', '/etc/xdg/xdg-ubuntu:/etc/xdg'), ('XDG_DATA_DIRS', '/usr/share/ubuntu:/usr/share/gnome:/usr/local/share/:/usr/share/:/var/lib/snapd/desktop'), ('PYTHONPATH', '/opt/ros/humble/lib/python3.10/site-packages:/opt/ros/humble/local/lib/python3.10/dist-packages'), ('LC_NUMERIC', 'zh_CN.UTF-8'), ('MVCAM_SDK_VERSION', ''), ('LC_PAPER', 'zh_CN.UTF-8'), ('COLCON', '1'), ('VTE_VERSION', '6800'), ('MVCAM_COMMON_RUNENV', '/opt/MVS/lib'), ('CMAKE_PREFIX_PATH', '/opt/ros/humble')]), 'shell': False}
[38.244716] (turtlesim) StdoutLine: {'line': b'-- Install configuration: ""\n'}
[38.244936] (turtlesim) StdoutLine: {'line': b'-- Installing: /home/ocrv/sp_vision_tutorial_27/lecture4/install/turtlesim/share/ament_index/resource_index/rosidl_interfaces/turtlesim\n'}
[38.245005] (turtlesim) StdoutLine: {'line': b'-- Installing: /home/ocrv/sp_vision_tutorial_27/lecture4/install/turtlesim/include/turtlesim/turtlesim\n'}
[38.245103] (turtlesim) StdoutLine: {'line': b'-- Installing: /home/ocrv/sp_vision_tutorial_27/lecture4/install/turtlesim/include/turtlesim/turtlesim/action\n'}
[38.245150] (turtlesim) StdoutLine: {'line': b'-- Installing: /home/ocrv/sp_vision_tutorial_27/lecture4/install/turtlesim/include/turtlesim/turtlesim/action/rotate_absolute.h\n'}
[38.245199] (turtlesim) StdoutLine: {'line': b'-- Installing: /home/ocrv/sp_vision_tutorial_27/lecture4/install/turtlesim/include/turtlesim/turtlesim/action/detail\n'}
[38.245408] (turtlesim) StdoutLine: {'line': b'-- Installing: /home/ocrv/sp_vision_tutorial_27/lecture4/install/turtlesim/include/turtlesim/turtlesim/action/detail/rotate_absolute__struct.h\n'}
[38.245540] (turtlesim) StdoutLine: {'line': b'-- Installing: /home/ocrv/sp_vision_tutorial_27/lecture4/install/turtlesim/include/turtlesim/turtlesim/action/detail/rotate_absolute__functions.c\n'}
[38.245589] (turtlesim) StdoutLine: {'line': b'-- Installing: /home/ocrv/sp_vision_tutorial_27/lecture4/install/turtlesim/include/turtlesim/turtlesim/action/detail/rotate_absolute__functions.h\n'}
[38.245665] (turtlesim) StdoutLine: {'line': b'-- Installing: /home/ocrv/sp_vision_tutorial_27/lecture4/install/turtlesim/include/turtlesim/turtlesim/action/detail/rotate_absolute__type_support.h\n'}
[38.245704] (turtlesim) StdoutLine: {'line': b'-- Installing: /home/ocrv/sp_vision_tutorial_27/lecture4/install/turtlesim/include/turtlesim/turtlesim/msg\n'}
[38.245817] (turtlesim) StdoutLine: {'line': b'-- Installing: /home/ocrv/sp_vision_tutorial_27/lecture4/install/turtlesim/include/turtlesim/turtlesim/msg/pose.h\n'}
[38.245899] (turtlesim) StdoutLine: {'line': b'-- Installing: /home/ocrv/sp_vision_tutorial_27/lecture4/install/turtlesim/include/turtlesim/turtlesim/msg/color.h\n'}
[38.245986] (turtlesim) StdoutLine: {'line': b'-- Installing: /home/ocrv/sp_vision_tutorial_27/lecture4/install/turtlesim/include/turtlesim/turtlesim/msg/rosidl_generator_c__visibility_control.h\n'}
[38.246045] (turtlesim) StdoutLine: {'line': b'-- Installing: /home/ocrv/sp_vision_tutorial_27/lecture4/install/turtlesim/include/turtlesim/turtlesim/msg/detail\n'}
[38.246142] (turtlesim) StdoutLine: {'line': b'-- Installing: /home/ocrv/sp_vision_tutorial_27/lecture4/install/turtlesim/include/turtlesim/turtlesim/msg/detail/color__functions.c\n'}
[38.246193] (turtlesim) StdoutLine: {'line': b'-- Installing: /home/ocrv/sp_vision_tutorial_27/lecture4/install/turtlesim/include/turtlesim/turtlesim/msg/detail/pose__type_support.h\n'}
[38.246243] (turtlesim) StdoutLine: {'line': b'-- Installing: /home/ocrv/sp_vision_tutorial_27/lecture4/install/turtlesim/include/turtlesim/turtlesim/msg/detail/pose__struct.h\n'}
[38.246326] (turtlesim) StdoutLine: {'line': b'-- Installing: /home/ocrv/sp_vision_tutorial_27/lecture4/install/turtlesim/include/turtlesim/turtlesim/msg/detail/color__struct.h\n'}
[38.246399] (turtlesim) StdoutLine: {'line': b'-- Installing: /home/ocrv/sp_vision_tutorial_27/lecture4/install/turtlesim/include/turtlesim/turtlesim/msg/detail/pose__functions.c\n'}
[38.246454] (turtlesim) StdoutLine: {'line': b'-- Installing: /home/ocrv/sp_vision_tutorial_27/lecture4/install/turtlesim/include/turtlesim/turtlesim/msg/detail/color__type_support.h\n'}
[38.246524] (turtlesim) StdoutLine: {'line': b'-- Installing: /home/ocrv/sp_vision_tutorial_27/lecture4/install/turtlesim/include/turtlesim/turtlesim/msg/detail/color__functions.h\n'}
[38.246561] (turtlesim) StdoutLine: {'line': b'-- Installing: /home/ocrv/sp_vision_tutorial_27/lecture4/install/turtlesim/include/turtlesim/turtlesim/msg/detail/pose__functions.h\n'}
[38.246594] (turtlesim) StdoutLine: {'line': b'-- Installing: /home/ocrv/sp_vision_tutorial_27/lecture4/install/turtlesim/include/turtlesim/turtlesim/srv\n'}
[38.246710] (turtlesim) StdoutLine: {'line': b'-- Installing: /home/ocrv/sp_vision_tutorial_27/lecture4/install/turtlesim/include/turtlesim/turtlesim/srv/spawn.h\n'}
[38.246772] (turtlesim) StdoutLine: {'line': b'-- Installing: /home/ocrv/sp_vision_tutorial_27/lecture4/install/turtlesim/include/turtlesim/turtlesim/srv/teleport_relative.h\n'}
[38.246825] (turtlesim) StdoutLine: {'line': b'-- Installing: /home/ocrv/sp_vision_tutorial_27/lecture4/install/turtlesim/include/turtlesim/turtlesim/srv/detail\n'}
[38.246865] (turtlesim) StdoutLine: {'line': b'-- Installing: /home/ocrv/sp_vision_tutorial_27/lecture4/install/turtlesim/include/turtlesim/turtlesim/srv/detail/kill__functions.c\n'}
[38.246904] (turtlesim) StdoutLine: {'line': b'-- Installing: /home/ocrv/sp_vision_tutorial_27/lecture4/install/turtlesim/include/turtlesim/turtlesim/srv/detail/set_pen__struct.h\n'}
[38.247005] (turtlesim) StdoutLine: {'line': b'-- Installing: /home/ocrv/sp_vision_tutorial_27/lecture4/install/turtlesim/include/turtlesim/turtlesim/srv/detail/set_pen__functions.c\n'}
[38.247088] (turtlesim) StdoutLine: {'line': b'-- Installing: /home/ocrv/sp_vision_tutorial_27/lecture4/install/turtlesim/include/turtlesim/turtlesim/srv/detail/set_pen__type_support.h\n'}
[38.247124] (turtlesim) StdoutLine: {'line': b'-- Installing: /home/ocrv/sp_vision_tutorial_27/lecture4/install/turtlesim/include/turtlesim/turtlesim/srv/detail/spawn__type_support.h\n'}
[38.247156] (turtlesim) StdoutLine: {'line': b'-- Installing: /home/ocrv/sp_vision_tutorial_27/lecture4/install/turtlesim/include/turtlesim/turtlesim/srv/detail/kill__functions.h\n'}
[38.247185] (turtlesim) StdoutLine: {'line': b'-- Installing: /home/ocrv/sp_vision_tutorial_27/lecture4/install/turtlesim/include/turtlesim/turtlesim/srv/detail/set_pen__functions.h\n'}
[38.247256] (turtlesim) StdoutLine: {'line': b'-- Installing: /home/ocrv/sp_vision_tutorial_27/lecture4/install/turtlesim/include/turtlesim/turtlesim/srv/detail/teleport_relative__struct.h\n'}
[38.247335] (turtlesim) StdoutLine: {'line': b'-- Installing: /home/ocrv/sp_vision_tutorial_27/lecture4/install/turtlesim/include/turtlesim/turtlesim/srv/detail/teleport_absolute__struct.h\n'}
[38.247415] (turtlesim) StdoutLine: {'line': b'-- Installing: /home/ocrv/sp_vision_tutorial_27/lecture4/install/turtlesim/include/turtlesim/turtlesim/srv/detail/teleport_relative__functions.c\n'}
[38.247505] (turtlesim) StdoutLine: {'line': b'-- Installing: /home/ocrv/sp_vision_tutorial_27/lecture4/install/turtlesim/include/turtlesim/turtlesim/srv/detail/teleport_relative__functions.h\n'}
[38.247541] (turtlesim) StdoutLine: {'line': b'-- Installing: /home/ocrv/sp_vision_tutorial_27/lecture4/install/turtlesim/include/turtlesim/turtlesim/srv/detail/kill__struct.h\n'}
[38.247576] (turtlesim) StdoutLine: {'line': b'-- Installing: /home/ocrv/sp_vision_tutorial_27/lecture4/install/turtlesim/include/turtlesim/turtlesim/srv/detail/teleport_relative__type_support.h\n'}
[38.247606] (turtlesim) StdoutLine: {'line': b'-- Installing: /home/ocrv/sp_vision_tutorial_27/lecture4/install/turtlesim/include/turtlesim/turtlesim/srv/detail/teleport_absolute__functions.h\n'}
[38.247671] (turtlesim) StdoutLine: {'line': b'-- Installing: /home/ocrv/sp_vision_tutorial_27/lecture4/install/turtlesim/include/turtlesim/turtlesim/srv/detail/spawn__functions.h\n'}
[38.247709] (turtlesim) StdoutLine: {'line': b'-- Installing: /home/ocrv/sp_vision_tutorial_27/lecture4/install/turtlesim/include/turtlesim/turtlesim/srv/detail/kill__type_support.h\n'}
[38.247781] (turtlesim) StdoutLine: {'line': b'-- Installing: /home/ocrv/sp_vision_tutorial_27/lecture4/install/turtlesim/include/turtlesim/turtlesim/srv/detail/teleport_absolute__type_support.h\n'}
[38.247845] (turtlesim) StdoutLine: {'line': b'-- Installing: /home/ocrv/sp_vision_tutorial_27/lecture4/install/turtlesim/include/turtlesim/turtlesim/srv/detail/teleport_absolute__functions.c\n'}
[38.247873] (turtlesim) StdoutLine: {'line': b'-- Installing: /home/ocrv/sp_vision_tutorial_27/lecture4/install/turtlesim/include/turtlesim/turtlesim/srv/detail/spawn__struct.h\n'}
[38.247899] (turtlesim) StdoutLine: {'line': b'-- Installing: /home/ocrv/sp_vision_tutorial_27/lecture4/install/turtlesim/include/turtlesim/turtlesim/srv/detail/spawn__functions.c\n'}
[38.247990] (turtlesim) StdoutLine: {'line': b'-- Installing: /home/ocrv/sp_vision_tutorial_27/lecture4/install/turtlesim/include/turtlesim/turtlesim/srv/set_pen.h\n'}
[38.248063] (turtlesim) StdoutLine: {'line': b'-- Installing: /home/ocrv/sp_vision_tutorial_27/lecture4/install/turtlesim/include/turtlesim/turtlesim/srv/kill.h\n'}
[38.248106] (turtlesim) StdoutLine: {'line': b'-- Installing: /home/ocrv/sp_vision_tutorial_27/lecture4/install/turtlesim/include/turtlesim/turtlesim/srv/teleport_absolute.h\n'}
[38.248138] (turtlesim) StdoutLine: {'line': b'-- Installing: /home/ocrv/sp_vision_tutorial_27/lecture4/install/turtlesim/share/turtlesim/environment/library_path.sh\n'}
[38.248216] (turtlesim) StdoutLine: {'line': b'-- Installing: /home/ocrv/sp_vision_tutorial_27/lecture4/install/turtlesim/share/turtlesim/environment/library_path.dsv\n'}
[38.248253] (turtlesim) StdoutLine: {'line': b'-- Installing: /home/ocrv/sp_vision_tutorial_27/lecture4/install/turtlesim/lib/libturtlesim__rosidl_generator_c.so\n'}
[38.248591] (turtlesim) StdoutLine: {'line': b'-- Set runtime path of "/home/ocrv/sp_vision_tutorial_27/lecture4/install/turtlesim/lib/libturtlesim__rosidl_generator_c.so" to ""\n'}
[38.248720] (turtlesim) StdoutLine: {'line': b'-- Up-to-date: /home/ocrv/sp_vision_tutorial_27/lecture4/install/turtlesim/include/turtlesim/turtlesim\n'}
[38.248780] (turtlesim) StdoutLine: {'line': b'-- Up-to-date: /home/ocrv/sp_vision_tutorial_27/lecture4/install/turtlesim/include/turtlesim/turtlesim/action\n'}
[38.248908] (turtlesim) StdoutLine: {'line': b'-- Up-to-date: /home/ocrv/sp_vision_tutorial_27/lecture4/install/turtlesim/include/turtlesim/turtlesim/action/detail\n'}
[38.248958] (turtlesim) StdoutLine: {'line': b'-- Installing: /home/ocrv/sp_vision_tutorial_27/lecture4/install/turtlesim/include/turtlesim/turtlesim/action/detail/rotate_absolute__rosidl_typesupport_fastrtps_c.h\n'}
[38.249000] (turtlesim) StdoutLine: {'line': b'-- Up-to-date: /home/ocrv/sp_vision_tutorial_27/lecture4/install/turtlesim/include/turtlesim/turtlesim/msg\n'}
[38.249038] (turtlesim) StdoutLine: {'line': b'-- Installing: /home/ocrv/sp_vision_tutorial_27/lecture4/install/turtlesim/include/turtlesim/turtlesim/msg/rosidl_typesupport_fastrtps_c__visibility_control.h\n'}
[38.249145] (turtlesim) StdoutLine: {'line': b'-- Up-to-date: /home/ocrv/sp_vision_tutorial_27/lecture4/install/turtlesim/include/turtlesim/turtlesim/msg/detail\n'}
[38.249293] (turtlesim) StdoutLine: {'line': b'-- Installing: /home/ocrv/sp_vision_tutorial_27/lecture4/install/turtlesim/include/turtlesim/turtlesim/msg/detail/pose__rosidl_typesupport_fastrtps_c.h\n'}
[38.249340] (turtlesim) StdoutLine: {'line': b'-- Installing: /home/ocrv/sp_vision_tutorial_27/lecture4/install/turtlesim/include/turtlesim/turtlesim/msg/detail/color__rosidl_typesupport_fastrtps_c.h\n'}
[38.249370] (turtlesim) StdoutLine: {'line': b'-- Up-to-date: /home/ocrv/sp_vision_tutorial_27/lecture4/install/turtlesim/include/turtlesim/turtlesim/srv\n'}
[38.249398] (turtlesim) StdoutLine: {'line': b'-- Up-to-date: /home/ocrv/sp_vision_tutorial_27/lecture4/install/turtlesim/include/turtlesim/turtlesim/srv/detail\n'}
[38.249426] (turtlesim) StdoutLine: {'line': b'-- Installing: /home/ocrv/sp_vision_tutorial_27/lecture4/install/turtlesim/include/turtlesim/turtlesim/srv/detail/teleport_absolute__rosidl_typesupport_fastrtps_c.h\n'}
[38.249453] (turtlesim) StdoutLine: {'line': b'-- Installing: /home/ocrv/sp_vision_tutorial_27/lecture4/install/turtlesim/include/turtlesim/turtlesim/srv/detail/teleport_relative__rosidl_typesupport_fastrtps_c.h\n'}
[38.249479] (turtlesim) StdoutLine: {'line': b'-- Installing: /home/ocrv/sp_vision_tutorial_27/lecture4/install/turtlesim/include/turtlesim/turtlesim/srv/detail/spawn__rosidl_typesupport_fastrtps_c.h\n'}
[38.249505] (turtlesim) StdoutLine: {'line': b'-- Installing: /home/ocrv/sp_vision_tutorial_27/lecture4/install/turtlesim/include/turtlesim/turtlesim/srv/detail/kill__rosidl_typesupport_fastrtps_c.h\n'}
[38.249531] (turtlesim) StdoutLine: {'line': b'-- Installing: /home/ocrv/sp_vision_tutorial_27/lecture4/install/turtlesim/include/turtlesim/turtlesim/srv/detail/set_pen__rosidl_typesupport_fastrtps_c.h\n'}
[38.250508] (turtlesim) StdoutLine: {'line': b'-- Installing: /home/ocrv/sp_vision_tutorial_27/lecture4/install/turtlesim/lib/libturtlesim__rosidl_typesupport_fastrtps_c.so\n'}
[38.250584] (turtlesim) StdoutLine: {'line': b'-- Set runtime path of "/home/ocrv/sp_vision_tutorial_27/lecture4/install/turtlesim/lib/libturtlesim__rosidl_typesupport_fastrtps_c.so" to ""\n'}
[38.250628] (turtlesim) StdoutLine: {'line': b'-- Up-to-date: /home/ocrv/sp_vision_tutorial_27/lecture4/install/turtlesim/include/turtlesim/turtlesim\n'}
[38.250660] (turtlesim) StdoutLine: {'line': b'-- Up-to-date: /home/ocrv/sp_vision_tutorial_27/lecture4/install/turtlesim/include/turtlesim/turtlesim/action\n'}
[38.250690] (turtlesim) StdoutLine: {'line': b'-- Up-to-date: /home/ocrv/sp_vision_tutorial_27/lecture4/install/turtlesim/include/turtlesim/turtlesim/action/detail\n'}
[38.250720] (turtlesim) StdoutLine: {'line': b'-- Installing: /home/ocrv/sp_vision_tutorial_27/lecture4/install/turtlesim/include/turtlesim/turtlesim/action/detail/rotate_absolute__struct.hpp\n'}
[38.250958] (turtlesim) StdoutLine: {'line': b'-- Installing: /home/ocrv/sp_vision_tutorial_27/lecture4/install/turtlesim/include/turtlesim/turtlesim/action/detail/rotate_absolute__builder.hpp\n'}
[38.251002] (turtlesim) StdoutLine: {'line': b'-- Installing: /home/ocrv/sp_vision_tutorial_27/lecture4/install/turtlesim/include/turtlesim/turtlesim/action/detail/rotate_absolute__type_support.hpp\n'}
[38.251034] (turtlesim) StdoutLine: {'line': b'-- Installing: /home/ocrv/sp_vision_tutorial_27/lecture4/install/turtlesim/include/turtlesim/turtlesim/action/detail/rotate_absolute__traits.hpp\n'}
[38.251066] (turtlesim) StdoutLine: {'line': b'-- Installing: /home/ocrv/sp_vision_tutorial_27/lecture4/install/turtlesim/include/turtlesim/turtlesim/action/rotate_absolute.hpp\n'}
[38.251107] (turtlesim) StdoutLine: {'line': b'-- Up-to-date: /home/ocrv/sp_vision_tutorial_27/lecture4/install/turtlesim/include/turtlesim/turtlesim/msg\n'}
[38.251138] (turtlesim) StdoutLine: {'line': b'-- Installing: /home/ocrv/sp_vision_tutorial_27/lecture4/install/turtlesim/include/turtlesim/turtlesim/msg/pose.hpp\n'}
[38.251175] (turtlesim) StdoutLine: {'line': b'-- Installing: /home/ocrv/sp_vision_tutorial_27/lecture4/install/turtlesim/include/turtlesim/turtlesim/msg/color.hpp\n'}
[38.251220] (turtlesim) StdoutLine: {'line': b'-- Installing: /home/ocrv/sp_vision_tutorial_27/lecture4/install/turtlesim/include/turtlesim/turtlesim/msg/rosidl_generator_cpp__visibility_control.hpp\n'}
[38.251258] (turtlesim) StdoutLine: {'line': b'-- Up-to-date: /home/ocrv/sp_vision_tutorial_27/lecture4/install/turtlesim/include/turtlesim/turtlesim/msg/detail\n'}
[38.251288] (turtlesim) StdoutLine: {'line': b'-- Installing: /home/ocrv/sp_vision_tutorial_27/lecture4/install/turtlesim/include/turtlesim/turtlesim/msg/detail/pose__traits.hpp\n'}
[38.251319] (turtlesim) StdoutLine: {'line': b'-- Installing: /home/ocrv/sp_vision_tutorial_27/lecture4/install/turtlesim/include/turtlesim/turtlesim/msg/detail/color__traits.hpp\n'}
[38.251349] (turtlesim) StdoutLine: {'line': b'-- Installing: /home/ocrv/sp_vision_tutorial_27/lecture4/install/turtlesim/include/turtlesim/turtlesim/msg/detail/color__struct.hpp\n'}
[38.251378] (turtlesim) StdoutLine: {'line': b'-- Installing: /home/ocrv/sp_vision_tutorial_27/lecture4/install/turtlesim/include/turtlesim/turtlesim/msg/detail/pose__struct.hpp\n'}
[38.251408] (turtlesim) StdoutLine: {'line': b'-- Installing: /home/ocrv/sp_vision_tutorial_27/lecture4/install/turtlesim/include/turtlesim/turtlesim/msg/detail/pose__builder.hpp\n'}
[38.251437] (turtlesim) StdoutLine: {'line': b'-- Installing: /home/ocrv/sp_vision_tutorial_27/lecture4/install/turtlesim/include/turtlesim/turtlesim/msg/detail/pose__type_support.hpp\n'}
[38.251466] (turtlesim) StdoutLine: {'line': b'-- Installing: /home/ocrv/sp_vision_tutorial_27/lecture4/install/turtlesim/include/turtlesim/turtlesim/msg/detail/color__type_support.hpp\n'}
[38.251495] (turtlesim) StdoutLine: {'line': b'-- Installing: /home/ocrv/sp_vision_tutorial_27/lecture4/install/turtlesim/include/turtlesim/turtlesim/msg/detail/color__builder.hpp\n'}
[38.251525] (turtlesim) StdoutLine: {'line': b'-- Up-to-date: /home/ocrv/sp_vision_tutorial_27/lecture4/install/turtlesim/include/turtlesim/turtlesim/srv\n'}
[38.251554] (turtlesim) StdoutLine: {'line': b'-- Installing: /home/ocrv/sp_vision_tutorial_27/lecture4/install/turtlesim/include/turtlesim/turtlesim/srv/set_pen.hpp\n'}
[38.251588] (turtlesim) StdoutLine: {'line': b'-- Installing: /home/ocrv/sp_vision_tutorial_27/lecture4/install/turtlesim/include/turtlesim/turtlesim/srv/teleport_relative.hpp\n'}
[38.254246] (turtlesim) StdoutLine: {'line': b'-- Installing: /home/ocrv/sp_vision_tutorial_27/lecture4/install/turtlesim/include/turtlesim/turtlesim/srv/kill.hpp\n'}
[38.254401] (turtlesim) StdoutLine: {'line': b'-- Up-to-date: /home/ocrv/sp_vision_tutorial_27/lecture4/install/turtlesim/include/turtlesim/turtlesim/srv/detail\n'}
[38.254448] (turtlesim) StdoutLine: {'line': b'-- Installing: /home/ocrv/sp_vision_tutorial_27/lecture4/install/turtlesim/include/turtlesim/turtlesim/srv/detail/teleport_absolute__builder.hpp\n'}
[38.254482] (turtlesim) StdoutLine: {'line': b'-- Installing: /home/ocrv/sp_vision_tutorial_27/lecture4/install/turtlesim/include/turtlesim/turtlesim/srv/detail/set_pen__builder.hpp\n'}
[38.254514] (turtlesim) StdoutLine: {'line': b'-- Installing: /home/ocrv/sp_vision_tutorial_27/lecture4/install/turtlesim/include/turtlesim/turtlesim/srv/detail/spawn__type_support.hpp\n'}
[38.254543] (turtlesim) StdoutLine: {'line': b'-- Installing: /home/ocrv/sp_vision_tutorial_27/lecture4/install/turtlesim/include/turtlesim/turtlesim/srv/detail/kill__struct.hpp\n'}
[38.254571] (turtlesim) StdoutLine: {'line': b'-- Installing: /home/ocrv/sp_vision_tutorial_27/lecture4/install/turtlesim/include/turtlesim/turtlesim/srv/detail/set_pen__struct.hpp\n'}
[38.254598] (turtlesim) StdoutLine: {'line': b'-- Installing: /home/ocrv/sp_vision_tutorial_27/lecture4/install/turtlesim/include/turtlesim/turtlesim/srv/detail/teleport_relative__builder.hpp\n'}
[38.254625] (turtlesim) StdoutLine: {'line': b'-- Installing: /home/ocrv/sp_vision_tutorial_27/lecture4/install/turtlesim/include/turtlesim/turtlesim/srv/detail/spawn__traits.hpp\n'}
[38.254772] (turtlesim) StdoutLine: {'line': b'-- Installing: /home/ocrv/sp_vision_tutorial_27/lecture4/install/turtlesim/include/turtlesim/turtlesim/srv/detail/teleport_absolute__traits.hpp\n'}
[38.254807] (turtlesim) StdoutLine: {'line': b'-- Installing: /home/ocrv/sp_vision_tutorial_27/lecture4/install/turtlesim/include/turtlesim/turtlesim/srv/detail/set_pen__traits.hpp\n'}
[38.254836] (turtlesim) StdoutLine: {'line': b'-- Installing: /home/ocrv/sp_vision_tutorial_27/lecture4/install/turtlesim/include/turtlesim/turtlesim/srv/detail/spawn__builder.hpp\n'}
[38.254864] (turtlesim) StdoutLine: {'line': b'-- Installing: /home/ocrv/sp_vision_tutorial_27/lecture4/install/turtlesim/include/turtlesim/turtlesim/srv/detail/teleport_relative__type_support.hpp\n'}
[38.254892] (turtlesim) StdoutLine: {'line': b'-- Installing: /home/ocrv/sp_vision_tutorial_27/lecture4/install/turtlesim/include/turtlesim/turtlesim/srv/detail/teleport_absolute__struct.hpp\n'}
[38.254947] (turtlesim) StdoutLine: {'line': b'-- Installing: /home/ocrv/sp_vision_tutorial_27/lecture4/install/turtlesim/include/turtlesim/turtlesim/srv/detail/kill__type_support.hpp\n'}
[38.254996] (turtlesim) StdoutLine: {'line': b'-- Installing: /home/ocrv/sp_vision_tutorial_27/lecture4/install/turtlesim/include/turtlesim/turtlesim/srv/detail/kill__builder.hpp\n'}
[38.255030] (turtlesim) StdoutLine: {'line': b'-- Installing: /home/ocrv/sp_vision_tutorial_27/lecture4/install/turtlesim/include/turtlesim/turtlesim/srv/detail/kill__traits.hpp\n'}
[38.255059] (turtlesim) StdoutLine: {'line': b'-- Installing: /home/ocrv/sp_vision_tutorial_27/lecture4/install/turtlesim/include/turtlesim/turtlesim/srv/detail/teleport_absolute__type_support.hpp\n'}
[38.255088] (turtlesim) StdoutLine: {'line': b'-- Installing: /home/ocrv/sp_vision_tutorial_27/lecture4/install/turtlesim/include/turtlesim/turtlesim/srv/detail/teleport_relative__traits.hpp\n'}
[38.255116] (turtlesim) StdoutLine: {'line': b'-- Installing: /home/ocrv/sp_vision_tutorial_27/lecture4/install/turtlesim/include/turtlesim/turtlesim/srv/detail/teleport_relative__struct.hpp\n'}
[38.255145] (turtlesim) StdoutLine: {'line': b'-- Installing: /home/ocrv/sp_vision_tutorial_27/lecture4/install/turtlesim/include/turtlesim/turtlesim/srv/detail/spawn__struct.hpp\n'}
[38.255176] (turtlesim) StdoutLine: {'line': b'-- Installing: /home/ocrv/sp_vision_tutorial_27/lecture4/install/turtlesim/include/turtlesim/turtlesim/srv/detail/set_pen__type_support.hpp\n'}
[38.255209] (turtlesim) StdoutLine: {'line': b'-- Installing: /home/ocrv/sp_vision_tutorial_27/lecture4/install/turtlesim/include/turtlesim/turtlesim/srv/spawn.hpp\n'}
[38.255243] (turtlesim) StdoutLine: {'line': b'-- Installing: /home/ocrv/sp_vision_tutorial_27/lecture4/install/turtlesim/include/turtlesim/turtlesim/srv/teleport_absolute.hpp\n'}
[38.255270] (turtlesim) StdoutLine: {'line': b'-- Up-to-date: /home/ocrv/sp_vision_tutorial_27/lecture4/install/turtlesim/include/turtlesim/turtlesim\n'}
[38.255298] (turtlesim) StdoutLine: {'line': b'-- Up-to-date: /home/ocrv/sp_vision_tutorial_27/lecture4/install/turtlesim/include/turtlesim/turtlesim/action\n'}
[38.255325] (turtlesim) StdoutLine: {'line': b'-- Up-to-date: /home/ocrv/sp_vision_tutorial_27/lecture4/install/turtlesim/include/turtlesim/turtlesim/action/detail\n'}
[38.255352] (turtlesim) StdoutLine: {'line': b'-- Installing: /home/ocrv/sp_vision_tutorial_27/lecture4/install/turtlesim/include/turtlesim/turtlesim/action/detail/rotate_absolute__rosidl_typesupport_fastrtps_cpp.hpp\n'}
[38.255380] (turtlesim) StdoutLine: {'line': b'-- Installing: /home/ocrv/sp_vision_tutorial_27/lecture4/install/turtlesim/include/turtlesim/turtlesim/action/detail/dds_fastrtps\n'}
[38.255407] (turtlesim) StdoutLine: {'line': b'-- Up-to-date: /home/ocrv/sp_vision_tutorial_27/lecture4/install/turtlesim/include/turtlesim/turtlesim/msg\n'}
[38.255432] (turtlesim) StdoutLine: {'line': b'-- Up-to-date: /home/ocrv/sp_vision_tutorial_27/lecture4/install/turtlesim/include/turtlesim/turtlesim/msg/detail\n'}
[38.255458] (turtlesim) StdoutLine: {'line': b'-- Installing: /home/ocrv/sp_vision_tutorial_27/lecture4/install/turtlesim/include/turtlesim/turtlesim/msg/detail/dds_fastrtps\n'}
[38.255483] (turtlesim) StdoutLine: {'line': b'-- Installing: /home/ocrv/sp_vision_tutorial_27/lecture4/install/turtlesim/include/turtlesim/turtlesim/msg/detail/color__rosidl_typesupport_fastrtps_cpp.hpp\n'}
[38.255509] (turtlesim) StdoutLine: {'line': b'-- Installing: /home/ocrv/sp_vision_tutorial_27/lecture4/install/turtlesim/include/turtlesim/turtlesim/msg/detail/pose__rosidl_typesupport_fastrtps_cpp.hpp\n'}
[38.255534] (turtlesim) StdoutLine: {'line': b'-- Installing: /home/ocrv/sp_vision_tutorial_27/lecture4/install/turtlesim/include/turtlesim/turtlesim/msg/rosidl_typesupport_fastrtps_cpp__visibility_control.h\n'}
[38.255559] (turtlesim) StdoutLine: {'line': b'-- Up-to-date: /home/ocrv/sp_vision_tutorial_27/lecture4/install/turtlesim/include/turtlesim/turtlesim/srv\n'}
[38.255584] (turtlesim) StdoutLine: {'line': b'-- Up-to-date: /home/ocrv/sp_vision_tutorial_27/lecture4/install/turtlesim/include/turtlesim/turtlesim/srv/detail\n'}
[38.255609] (turtlesim) StdoutLine: {'line': b'-- Installing: /home/ocrv/sp_vision_tutorial_27/lecture4/install/turtlesim/include/turtlesim/turtlesim/srv/detail/teleport_absolute__rosidl_typesupport_fastrtps_cpp.hpp\n'}
[38.255633] (turtlesim) StdoutLine: {'line': b'-- Installing: /home/ocrv/sp_vision_tutorial_27/lecture4/install/turtlesim/include/turtlesim/turtlesim/srv/detail/set_pen__rosidl_typesupport_fastrtps_cpp.hpp\n'}
[38.255658] (turtlesim) StdoutLine: {'line': b'-- Installing: /home/ocrv/sp_vision_tutorial_27/lecture4/install/turtlesim/include/turtlesim/turtlesim/srv/detail/dds_fastrtps\n'}
[38.255683] (turtlesim) StdoutLine: {'line': b'-- Installing: /home/ocrv/sp_vision_tutorial_27/lecture4/install/turtlesim/include/turtlesim/turtlesim/srv/detail/spawn__rosidl_typesupport_fastrtps_cpp.hpp\n'}
[38.255708] (turtlesim) StdoutLine: {'line': b'-- Installing: /home/ocrv/sp_vision_tutorial_27/lecture4/install/turtlesim/include/turtlesim/turtlesim/srv/detail/teleport_relative__rosidl_typesupport_fastrtps_cpp.hpp\n'}
[38.255732] (turtlesim) StdoutLine: {'line': b'-- Installing: /home/ocrv/sp_vision_tutorial_27/lecture4/install/turtlesim/include/turtlesim/turtlesim/srv/detail/kill__rosidl_typesupport_fastrtps_cpp.hpp\n'}
[38.255759] (turtlesim) StdoutLine: {'line': b'-- Installing: /home/ocrv/sp_vision_tutorial_27/lecture4/install/turtlesim/lib/libturtlesim__rosidl_typesupport_fastrtps_cpp.so\n'}
[38.255786] (turtlesim) StdoutLine: {'line': b'-- Set runtime path of "/home/ocrv/sp_vision_tutorial_27/lecture4/install/turtlesim/lib/libturtlesim__rosidl_typesupport_fastrtps_cpp.so" to ""\n'}
[38.255815] (turtlesim) StdoutLine: {'line': b'-- Up-to-date: /home/ocrv/sp_vision_tutorial_27/lecture4/install/turtlesim/include/turtlesim/turtlesim\n'}
[38.255840] (turtlesim) StdoutLine: {'line': b'-- Up-to-date: /home/ocrv/sp_vision_tutorial_27/lecture4/install/turtlesim/include/turtlesim/turtlesim/action\n'}
[38.255865] (turtlesim) StdoutLine: {'line': b'-- Up-to-date: /home/ocrv/sp_vision_tutorial_27/lecture4/install/turtlesim/include/turtlesim/turtlesim/action/detail\n'}
[38.255890] (turtlesim) StdoutLine: {'line': b'-- Installing: /home/ocrv/sp_vision_tutorial_27/lecture4/install/turtlesim/include/turtlesim/turtlesim/action/detail/rotate_absolute__rosidl_typesupport_introspection_c.h\n'}
[38.255913] (turtlesim) StdoutLine: {'line': b'-- Installing: /home/ocrv/sp_vision_tutorial_27/lecture4/install/turtlesim/include/turtlesim/turtlesim/action/detail/rotate_absolute__type_support.c\n'}
[38.255938] (turtlesim) StdoutLine: {'line': b'-- Up-to-date: /home/ocrv/sp_vision_tutorial_27/lecture4/install/turtlesim/include/turtlesim/turtlesim/msg\n'}
[38.255962] (turtlesim) StdoutLine: {'line': b'-- Installing: /home/ocrv/sp_vision_tutorial_27/lecture4/install/turtlesim/include/turtlesim/turtlesim/msg/rosidl_typesupport_introspection_c__visibility_control.h\n'}
[38.255987] (turtlesim) StdoutLine: {'line': b'-- Up-to-date: /home/ocrv/sp_vision_tutorial_27/lecture4/install/turtlesim/include/turtlesim/turtlesim/msg/detail\n'}
[38.256012] (turtlesim) StdoutLine: {'line': b'-- Installing: /home/ocrv/sp_vision_tutorial_27/lecture4/install/turtlesim/include/turtlesim/turtlesim/msg/detail/color__type_support.c\n'}
[38.256036] (turtlesim) StdoutLine: {'line': b'-- Installing: /home/ocrv/sp_vision_tutorial_27/lecture4/install/turtlesim/include/turtlesim/turtlesim/msg/detail/pose__type_support.c\n'}
[38.256059] (turtlesim) StdoutLine: {'line': b'-- Installing: /home/ocrv/sp_vision_tutorial_27/lecture4/install/turtlesim/include/turtlesim/turtlesim/msg/detail/pose__rosidl_typesupport_introspection_c.h\n'}
[38.256084] (turtlesim) StdoutLine: {'line': b'-- Installing: /home/ocrv/sp_vision_tutorial_27/lecture4/install/turtlesim/include/turtlesim/turtlesim/msg/detail/color__rosidl_typesupport_introspection_c.h\n'}
[38.256108] (turtlesim) StdoutLine: {'line': b'-- Up-to-date: /home/ocrv/sp_vision_tutorial_27/lecture4/install/turtlesim/include/turtlesim/turtlesim/srv\n'}
[38.256133] (turtlesim) StdoutLine: {'line': b'-- Up-to-date: /home/ocrv/sp_vision_tutorial_27/lecture4/install/turtlesim/include/turtlesim/turtlesim/srv/detail\n'}
[38.256156] (turtlesim) StdoutLine: {'line': b'-- Installing: /home/ocrv/sp_vision_tutorial_27/lecture4/install/turtlesim/include/turtlesim/turtlesim/srv/detail/spawn__rosidl_typesupport_introspection_c.h\n'}
[38.256181] (turtlesim) StdoutLine: {'line': b'-- Installing: /home/ocrv/sp_vision_tutorial_27/lecture4/install/turtlesim/include/turtlesim/turtlesim/srv/detail/teleport_absolute__type_support.c\n'}
[38.256209] (turtlesim) StdoutLine: {'line': b'-- Installing: /home/ocrv/sp_vision_tutorial_27/lecture4/install/turtlesim/include/turtlesim/turtlesim/srv/detail/teleport_relative__type_support.c\n'}
[38.256493] (turtlesim) StdoutLine: {'line': b'-- Installing: /home/ocrv/sp_vision_tutorial_27/lecture4/install/turtlesim/include/turtlesim/turtlesim/srv/detail/teleport_relative__rosidl_typesupport_introspection_c.h\n'}
[38.256866] (turtlesim) StdoutLine: {'line': b'-- Installing: /home/ocrv/sp_vision_tutorial_27/lecture4/install/turtlesim/include/turtlesim/turtlesim/srv/detail/kill__rosidl_typesupport_introspection_c.h\n'}
[38.256914] (turtlesim) StdoutLine: {'line': b'-- Installing: /home/ocrv/sp_vision_tutorial_27/lecture4/install/turtlesim/include/turtlesim/turtlesim/srv/detail/teleport_absolute__rosidl_typesupport_introspection_c.h\n'}
[38.256959] (turtlesim) StdoutLine: {'line': b'-- Installing: /home/ocrv/sp_vision_tutorial_27/lecture4/install/turtlesim/include/turtlesim/turtlesim/srv/detail/set_pen__type_support.c\n'}
[38.256990] (turtlesim) StdoutLine: {'line': b'-- Installing: /home/ocrv/sp_vision_tutorial_27/lecture4/install/turtlesim/include/turtlesim/turtlesim/srv/detail/kill__type_support.c\n'}
[38.257018] (turtlesim) StdoutLine: {'line': b'-- Installing: /home/ocrv/sp_vision_tutorial_27/lecture4/install/turtlesim/include/turtlesim/turtlesim/srv/detail/set_pen__rosidl_typesupport_introspection_c.h\n'}
[38.257045] (turtlesim) StdoutLine: {'line': b'-- Installing: /home/ocrv/sp_vision_tutorial_27/lecture4/install/turtlesim/include/turtlesim/turtlesim/srv/detail/spawn__type_support.c\n'}
[38.257072] (turtlesim) StdoutLine: {'line': b'-- Installing: /home/ocrv/sp_vision_tutorial_27/lecture4/install/turtlesim/lib/libturtlesim__rosidl_typesupport_introspection_c.so\n'}
[38.257098] (turtlesim) StdoutLine: {'line': b'-- Set runtime path of "/home/ocrv/sp_vision_tutorial_27/lecture4/install/turtlesim/lib/libturtlesim__rosidl_typesupport_introspection_c.so" to ""\n'}
[38.257164] (turtlesim) StdoutLine: {'line': b'-- Installing: /home/ocrv/sp_vision_tutorial_27/lecture4/install/turtlesim/lib/libturtlesim__rosidl_typesupport_c.so\n'}
[38.257194] (turtlesim) StdoutLine: {'line': b'-- Set runtime path of "/home/ocrv/sp_vision_tutorial_27/lecture4/install/turtlesim/lib/libturtlesim__rosidl_typesupport_c.so" to ""\n'}
[38.257238] (turtlesim) StdoutLine: {'line': b'-- Up-to-date: /home/ocrv/sp_vision_tutorial_27/lecture4/install/turtlesim/include/turtlesim/turtlesim\n'}
[38.257266] (turtlesim) StdoutLine: {'line': b'-- Up-to-date: /home/ocrv/sp_vision_tutorial_27/lecture4/install/turtlesim/include/turtlesim/turtlesim/action\n'}
[38.257297] (turtlesim) StdoutLine: {'line': b'-- Up-to-date: /home/ocrv/sp_vision_tutorial_27/lecture4/install/turtlesim/include/turtlesim/turtlesim/action/detail\n'}
[38.257323] (turtlesim) StdoutLine: {'line': b'-- Installing: /home/ocrv/sp_vision_tutorial_27/lecture4/install/turtlesim/include/turtlesim/turtlesim/action/detail/rotate_absolute__rosidl_typesupport_introspection_cpp.hpp\n'}
[38.257350] (turtlesim) StdoutLine: {'line': b'-- Installing: /home/ocrv/sp_vision_tutorial_27/lecture4/install/turtlesim/include/turtlesim/turtlesim/action/detail/rotate_absolute__type_support.cpp\n'}
[38.257375] (turtlesim) StdoutLine: {'line': b'-- Up-to-date: /home/ocrv/sp_vision_tutorial_27/lecture4/install/turtlesim/include/turtlesim/turtlesim/msg\n'}
[38.257400] (turtlesim) StdoutLine: {'line': b'-- Up-to-date: /home/ocrv/sp_vision_tutorial_27/lecture4/install/turtlesim/include/turtlesim/turtlesim/msg/detail\n'}
[38.257425] (turtlesim) StdoutLine: {'line': b'-- Installing: /home/ocrv/sp_vision_tutorial_27/lecture4/install/turtlesim/include/turtlesim/turtlesim/msg/detail/color__type_support.cpp\n'}
[38.257449] (turtlesim) StdoutLine: {'line': b'-- Installing: /home/ocrv/sp_vision_tutorial_27/lecture4/install/turtlesim/include/turtlesim/turtlesim/msg/detail/color__rosidl_typesupport_introspection_cpp.hpp\n'}
[38.257473] (turtlesim) StdoutLine: {'line': b'-- Installing: /home/ocrv/sp_vision_tutorial_27/lecture4/install/turtlesim/include/turtlesim/turtlesim/msg/detail/pose__rosidl_typesupport_introspection_cpp.hpp\n'}
[38.257498] (turtlesim) StdoutLine: {'line': b'-- Installing: /home/ocrv/sp_vision_tutorial_27/lecture4/install/turtlesim/include/turtlesim/turtlesim/msg/detail/pose__type_support.cpp\n'}
[38.257523] (turtlesim) StdoutLine: {'line': b'-- Up-to-date: /home/ocrv/sp_vision_tutorial_27/lecture4/install/turtlesim/include/turtlesim/turtlesim/srv\n'}
[38.257547] (turtlesim) StdoutLine: {'line': b'-- Up-to-date: /home/ocrv/sp_vision_tutorial_27/lecture4/install/turtlesim/include/turtlesim/turtlesim/srv/detail\n'}
[38.257571] (turtlesim) StdoutLine: {'line': b'-- Installing: /home/ocrv/sp_vision_tutorial_27/lecture4/install/turtlesim/include/turtlesim/turtlesim/srv/detail/set_pen__type_support.cpp\n'}
[38.257677] (turtlesim) StdoutLine: {'line': b'-- Installing: /home/ocrv/sp_vision_tutorial_27/lecture4/install/turtlesim/include/turtlesim/turtlesim/srv/detail/spawn__type_support.cpp\n'}
[38.257731] (turtlesim) StdoutLine: {'line': b'-- Installing: /home/ocrv/sp_vision_tutorial_27/lecture4/install/turtlesim/include/turtlesim/turtlesim/srv/detail/teleport_absolute__rosidl_typesupport_introspection_cpp.hpp\n'}
[38.257830] (turtlesim) StdoutLine: {'line': b'-- Installing: /home/ocrv/sp_vision_tutorial_27/lecture4/install/turtlesim/include/turtlesim/turtlesim/srv/detail/set_pen__rosidl_typesupport_introspection_cpp.hpp\n'}
[38.257879] (turtlesim) StdoutLine: {'line': b'-- Installing: /home/ocrv/sp_vision_tutorial_27/lecture4/install/turtlesim/include/turtlesim/turtlesim/srv/detail/teleport_relative__rosidl_typesupport_introspection_cpp.hpp\n'}
[38.257913] (turtlesim) StdoutLine: {'line': b'-- Installing: /home/ocrv/sp_vision_tutorial_27/lecture4/install/turtlesim/include/turtlesim/turtlesim/srv/detail/teleport_absolute__type_support.cpp\n'}
[38.257944] (turtlesim) StdoutLine: {'line': b'-- Installing: /home/ocrv/sp_vision_tutorial_27/lecture4/install/turtlesim/include/turtlesim/turtlesim/srv/detail/spawn__rosidl_typesupport_introspection_cpp.hpp\n'}
[38.257976] (turtlesim) StdoutLine: {'line': b'-- Installing: /home/ocrv/sp_vision_tutorial_27/lecture4/install/turtlesim/include/turtlesim/turtlesim/srv/detail/teleport_relative__type_support.cpp\n'}
[38.258006] (turtlesim) StdoutLine: {'line': b'-- Installing: /home/ocrv/sp_vision_tutorial_27/lecture4/install/turtlesim/include/turtlesim/turtlesim/srv/detail/kill__type_support.cpp\n'}
[38.258081] (turtlesim) StdoutLine: {'line': b'-- Installing: /home/ocrv/sp_vision_tutorial_27/lecture4/install/turtlesim/include/turtlesim/turtlesim/srv/detail/kill__rosidl_typesupport_introspection_cpp.hpp\n'}
[38.258162] (turtlesim) StdoutLine: {'line': b'-- Installing: /home/ocrv/sp_vision_tutorial_27/lecture4/install/turtlesim/lib/libturtlesim__rosidl_typesupport_introspection_cpp.so\n'}
[38.258203] (turtlesim) StdoutLine: {'line': b'-- Set runtime path of "/home/ocrv/sp_vision_tutorial_27/lecture4/install/turtlesim/lib/libturtlesim__rosidl_typesupport_introspection_cpp.so" to ""\n'}
[38.258363] (turtlesim) StdoutLine: {'line': b'-- Installing: /home/ocrv/sp_vision_tutorial_27/lecture4/install/turtlesim/lib/libturtlesim__rosidl_typesupport_cpp.so\n'}
[38.258401] (turtlesim) StdoutLine: {'line': b'-- Set runtime path of "/home/ocrv/sp_vision_tutorial_27/lecture4/install/turtlesim/lib/libturtlesim__rosidl_typesupport_cpp.so" to ""\n'}
[38.258452] (turtlesim) StdoutLine: {'line': b'-- Installing: /home/ocrv/sp_vision_tutorial_27/lecture4/install/turtlesim/share/turtlesim/environment/pythonpath.sh\n'}
[38.258482] (turtlesim) StdoutLine: {'line': b'-- Installing: /home/ocrv/sp_vision_tutorial_27/lecture4/install/turtlesim/share/turtlesim/environment/pythonpath.dsv\n'}
[38.258530] (turtlesim) StdoutLine: {'line': b'-- Installing: /home/ocrv/sp_vision_tutorial_27/lecture4/install/turtlesim/local/lib/python3.10/dist-packages/turtlesim-1.4.3-py3.10.egg-info\n'}
[38.258707] (turtlesim) StdoutLine: {'line': b'-- Installing: /home/ocrv/sp_vision_tutorial_27/lecture4/install/turtlesim/local/lib/python3.10/dist-packages/turtlesim-1.4.3-py3.10.egg-info/top_level.txt\n'}
[38.258847] (turtlesim) StdoutLine: {'line': b'-- Installing: /home/ocrv/sp_vision_tutorial_27/lecture4/install/turtlesim/local/lib/python3.10/dist-packages/turtlesim-1.4.3-py3.10.egg-info/PKG-INFO\n'}
[38.258900] (turtlesim) StdoutLine: {'line': b'-- Installing: /home/ocrv/sp_vision_tutorial_27/lecture4/install/turtlesim/local/lib/python3.10/dist-packages/turtlesim-1.4.3-py3.10.egg-info/dependency_links.txt\n'}
[38.258934] (turtlesim) StdoutLine: {'line': b'-- Installing: /home/ocrv/sp_vision_tutorial_27/lecture4/install/turtlesim/local/lib/python3.10/dist-packages/turtlesim-1.4.3-py3.10.egg-info/SOURCES.txt\n'}
[38.258988] (turtlesim) StdoutLine: {'line': b'-- Installing: /home/ocrv/sp_vision_tutorial_27/lecture4/install/turtlesim/local/lib/python3.10/dist-packages/turtlesim\n'}
[38.259027] (turtlesim) StdoutLine: {'line': b'-- Installing: /home/ocrv/sp_vision_tutorial_27/lecture4/install/turtlesim/local/lib/python3.10/dist-packages/turtlesim/action\n'}
[38.259069] (turtlesim) StdoutLine: {'line': b'-- Installing: /home/ocrv/sp_vision_tutorial_27/lecture4/install/turtlesim/local/lib/python3.10/dist-packages/turtlesim/action/__init__.py\n'}
[38.259118] (turtlesim) StdoutLine: {'line': b'-- Installing: /home/ocrv/sp_vision_tutorial_27/lecture4/install/turtlesim/local/lib/python3.10/dist-packages/turtlesim/action/_rotate_absolute_s.c\n'}
[38.259178] (turtlesim) StdoutLine: {'line': b'-- Installing: /home/ocrv/sp_vision_tutorial_27/lecture4/install/turtlesim/local/lib/python3.10/dist-packages/turtlesim/action/_rotate_absolute.py\n'}
[38.259295] (turtlesim) StdoutLine: {'line': b'-- Installing: /home/ocrv/sp_vision_tutorial_27/lecture4/install/turtlesim/local/lib/python3.10/dist-packages/turtlesim/turtlesim_s__rosidl_typesupport_c.cpython-310-x86_64-linux-gnu.so\n'}
[38.259410] (turtlesim) StdoutLine: {'line': b'-- Installing: /home/ocrv/sp_vision_tutorial_27/lecture4/install/turtlesim/local/lib/python3.10/dist-packages/turtlesim/_turtlesim_s.ep.rosidl_typesupport_introspection_c.c\n'}
[38.259537] (turtlesim) StdoutLine: {'line': b'-- Installing: /home/ocrv/sp_vision_tutorial_27/lecture4/install/turtlesim/local/lib/python3.10/dist-packages/turtlesim/_turtlesim_s.ep.rosidl_typesupport_fastrtps_c.c\n'}
[38.259700] (turtlesim) StdoutLine: {'line': b'-- Installing: /home/ocrv/sp_vision_tutorial_27/lecture4/install/turtlesim/local/lib/python3.10/dist-packages/turtlesim/__init__.py\n'}
[38.259854] (turtlesim) StdoutLine: {'line': b'-- Installing: /home/ocrv/sp_vision_tutorial_27/lecture4/install/turtlesim/local/lib/python3.10/dist-packages/turtlesim/turtlesim_s__rosidl_typesupport_fastrtps_c.cpython-310-x86_64-linux-gnu.so\n'}
[38.260076] (turtlesim) StdoutLine: {'line': b'-- Installing: /home/ocrv/sp_vision_tutorial_27/lecture4/install/turtlesim/local/lib/python3.10/dist-packages/turtlesim/msg\n'}
[38.260215] (turtlesim) StdoutLine: {'line': b'-- Installing: /home/ocrv/sp_vision_tutorial_27/lecture4/install/turtlesim/local/lib/python3.10/dist-packages/turtlesim/msg/_pose_s.c\n'}
[38.260255] (turtlesim) StdoutLine: {'line': b'-- Installing: /home/ocrv/sp_vision_tutorial_27/lecture4/install/turtlesim/local/lib/python3.10/dist-packages/turtlesim/msg/__init__.py\n'}
[38.260284] (turtlesim) StdoutLine: {'line': b'-- Installing: /home/ocrv/sp_vision_tutorial_27/lecture4/install/turtlesim/local/lib/python3.10/dist-packages/turtlesim/msg/_pose.py\n'}
[38.260311] (turtlesim) StdoutLine: {'line': b'-- Installing: /home/ocrv/sp_vision_tutorial_27/lecture4/install/turtlesim/local/lib/python3.10/dist-packages/turtlesim/msg/_color_s.c\n'}
[38.260338] (turtlesim) StdoutLine: {'line': b'-- Installing: /home/ocrv/sp_vision_tutorial_27/lecture4/install/turtlesim/local/lib/python3.10/dist-packages/turtlesim/msg/_color.py\n'}
[38.260643] (turtlesim) StdoutLine: {'line': b'-- Installing: /home/ocrv/sp_vision_tutorial_27/lecture4/install/turtlesim/local/lib/python3.10/dist-packages/turtlesim/_turtlesim_s.ep.rosidl_typesupport_c.c\n'}
[38.260678] (turtlesim) StdoutLine: {'line': b'-- Installing: /home/ocrv/sp_vision_tutorial_27/lecture4/install/turtlesim/local/lib/python3.10/dist-packages/turtlesim/turtlesim_s__rosidl_typesupport_introspection_c.cpython-310-x86_64-linux-gnu.so\n'}
[38.260830] (turtlesim) StdoutLine: {'line': b'-- Installing: /home/ocrv/sp_vision_tutorial_27/lecture4/install/turtlesim/local/lib/python3.10/dist-packages/turtlesim/srv\n'}
[38.261001] (turtlesim) StdoutLine: {'line': b'-- Installing: /home/ocrv/sp_vision_tutorial_27/lecture4/install/turtlesim/local/lib/python3.10/dist-packages/turtlesim/srv/_set_pen_s.c\n'}
[38.261031] (turtlesim) StdoutLine: {'line': b'-- Installing: /home/ocrv/sp_vision_tutorial_27/lecture4/install/turtlesim/local/lib/python3.10/dist-packages/turtlesim/srv/_teleport_relative_s.c\n'}
[38.261152] (turtlesim) StdoutLine: {'line': b'-- Installing: /home/ocrv/sp_vision_tutorial_27/lecture4/install/turtlesim/local/lib/python3.10/dist-packages/turtlesim/srv/_teleport_absolute_s.c\n'}
[38.261241] (turtlesim) StdoutLine: {'line': b'-- Installing: /home/ocrv/sp_vision_tutorial_27/lecture4/install/turtlesim/local/lib/python3.10/dist-packages/turtlesim/srv/_kill_s.c\n'}
[38.261271] (turtlesim) StdoutLine: {'line': b'-- Installing: /home/ocrv/sp_vision_tutorial_27/lecture4/install/turtlesim/local/lib/python3.10/dist-packages/turtlesim/srv/__init__.py\n'}
[38.261297] (turtlesim) StdoutLine: {'line': b'-- Installing: /home/ocrv/sp_vision_tutorial_27/lecture4/install/turtlesim/local/lib/python3.10/dist-packages/turtlesim/srv/_set_pen.py\n'}
[38.261330] (turtlesim) StdoutLine: {'line': b'-- Installing: /home/ocrv/sp_vision_tutorial_27/lecture4/install/turtlesim/local/lib/python3.10/dist-packages/turtlesim/srv/_kill.py\n'}
[38.261355] (turtlesim) StdoutLine: {'line': b'-- Installing: /home/ocrv/sp_vision_tutorial_27/lecture4/install/turtlesim/local/lib/python3.10/dist-packages/turtlesim/srv/_spawn_s.c\n'}
[38.261379] (turtlesim) StdoutLine: {'line': b'-- Installing: /home/ocrv/sp_vision_tutorial_27/lecture4/install/turtlesim/local/lib/python3.10/dist-packages/turtlesim/srv/_teleport_relative.py\n'}
[38.261403] (turtlesim) StdoutLine: {'line': b'-- Installing: /home/ocrv/sp_vision_tutorial_27/lecture4/install/turtlesim/local/lib/python3.10/dist-packages/turtlesim/srv/_spawn.py\n'}
[38.261428] (turtlesim) StdoutLine: {'line': b'-- Installing: /home/ocrv/sp_vision_tutorial_27/lecture4/install/turtlesim/local/lib/python3.10/dist-packages/turtlesim/srv/_teleport_absolute.py\n'}
[38.261453] (turtlesim) StdoutLine: {'line': b'-- Installing: /home/ocrv/sp_vision_tutorial_27/lecture4/install/turtlesim/local/lib/python3.10/dist-packages/turtlesim/libturtlesim__rosidl_generator_py.so\n'}
[38.296608] (turtlesim) StdoutLine: {'line': b"Listing '/home/ocrv/sp_vision_tutorial_27/lecture4/install/turtlesim/local/lib/python3.10/dist-packages/turtlesim'...\n"}
[38.296781] (turtlesim) StdoutLine: {'line': b"Compiling '/home/ocrv/sp_vision_tutorial_27/lecture4/install/turtlesim/local/lib/python3.10/dist-packages/turtlesim/__init__.py'...\n"}
[38.296823] (turtlesim) StdoutLine: {'line': b"Listing '/home/ocrv/sp_vision_tutorial_27/lecture4/install/turtlesim/local/lib/python3.10/dist-packages/turtlesim/action'...\n"}
[38.296855] (turtlesim) StdoutLine: {'line': b"Compiling '/home/ocrv/sp_vision_tutorial_27/lecture4/install/turtlesim/local/lib/python3.10/dist-packages/turtlesim/action/__init__.py'...\n"}
[38.296885] (turtlesim) StdoutLine: {'line': b"Compiling '/home/ocrv/sp_vision_tutorial_27/lecture4/install/turtlesim/local/lib/python3.10/dist-packages/turtlesim/action/_rotate_absolute.py'...\n"}
[38.296915] (turtlesim) StdoutLine: {'line': b"Listing '/home/ocrv/sp_vision_tutorial_27/lecture4/install/turtlesim/local/lib/python3.10/dist-packages/turtlesim/msg'...\n"}
[38.296942] (turtlesim) StdoutLine: {'line': b"Compiling '/home/ocrv/sp_vision_tutorial_27/lecture4/install/turtlesim/local/lib/python3.10/dist-packages/turtlesim/msg/__init__.py'...\n"}
[38.296969] (turtlesim) StdoutLine: {'line': b"Compiling '/home/ocrv/sp_vision_tutorial_27/lecture4/install/turtlesim/local/lib/python3.10/dist-packages/turtlesim/msg/_color.py'...\n"}
[38.296995] (turtlesim) StdoutLine: {'line': b"Compiling '/home/ocrv/sp_vision_tutorial_27/lecture4/install/turtlesim/local/lib/python3.10/dist-packages/turtlesim/msg/_pose.py'...\n"}
[38.297019] (turtlesim) StdoutLine: {'line': b"Listing '/home/ocrv/sp_vision_tutorial_27/lecture4/install/turtlesim/local/lib/python3.10/dist-packages/turtlesim/srv'...\n"}
[38.297042] (turtlesim) StdoutLine: {'line': b"Compiling '/home/ocrv/sp_vision_tutorial_27/lecture4/install/turtlesim/local/lib/python3.10/dist-packages/turtlesim/srv/__init__.py'...\n"}
[38.297065] (turtlesim) StdoutLine: {'line': b"Compiling '/home/ocrv/sp_vision_tutorial_27/lecture4/install/turtlesim/local/lib/python3.10/dist-packages/turtlesim/srv/_kill.py'...\n"}
[38.297099] (turtlesim) StdoutLine: {'line': b"Compiling '/home/ocrv/sp_vision_tutorial_27/lecture4/install/turtlesim/local/lib/python3.10/dist-packages/turtlesim/srv/_set_pen.py'...\n"}
[38.297122] (turtlesim) StdoutLine: {'line': b"Compiling '/home/ocrv/sp_vision_tutorial_27/lecture4/install/turtlesim/local/lib/python3.10/dist-packages/turtlesim/srv/_spawn.py'...\n"}
[38.297145] (turtlesim) StdoutLine: {'line': b"Compiling '/home/ocrv/sp_vision_tutorial_27/lecture4/install/turtlesim/local/lib/python3.10/dist-packages/turtlesim/srv/_teleport_absolute.py'...\n"}
[38.297172] (turtlesim) StdoutLine: {'line': b"Compiling '/home/ocrv/sp_vision_tutorial_27/lecture4/install/turtlesim/local/lib/python3.10/dist-packages/turtlesim/srv/_teleport_relative.py'...\n"}
[38.300738] (turtlesim) StdoutLine: {'line': b'-- Installing: /home/ocrv/sp_vision_tutorial_27/lecture4/install/turtlesim/local/lib/python3.10/dist-packages/turtlesim/turtlesim_s__rosidl_typesupport_fastrtps_c.cpython-310-x86_64-linux-gnu.so\n'}
[38.301059] (turtlesim) StdoutLine: {'line': b'-- Set runtime path of "/home/ocrv/sp_vision_tutorial_27/lecture4/install/turtlesim/local/lib/python3.10/dist-packages/turtlesim/turtlesim_s__rosidl_typesupport_fastrtps_c.cpython-310-x86_64-linux-gnu.so" to ""\n'}
[38.301227] (turtlesim) StdoutLine: {'line': b'-- Installing: /home/ocrv/sp_vision_tutorial_27/lecture4/install/turtlesim/local/lib/python3.10/dist-packages/turtlesim/turtlesim_s__rosidl_typesupport_introspection_c.cpython-310-x86_64-linux-gnu.so\n'}
[38.301534] (turtlesim) StdoutLine: {'line': b'-- Set runtime path of "/home/ocrv/sp_vision_tutorial_27/lecture4/install/turtlesim/local/lib/python3.10/dist-packages/turtlesim/turtlesim_s__rosidl_typesupport_introspection_c.cpython-310-x86_64-linux-gnu.so" to ""\n'}
[38.301678] (turtlesim) StdoutLine: {'line': b'-- Installing: /home/ocrv/sp_vision_tutorial_27/lecture4/install/turtlesim/local/lib/python3.10/dist-packages/turtlesim/turtlesim_s__rosidl_typesupport_c.cpython-310-x86_64-linux-gnu.so\n'}
[38.302028] (turtlesim) StdoutLine: {'line': b'-- Set runtime path of "/home/ocrv/sp_vision_tutorial_27/lecture4/install/turtlesim/local/lib/python3.10/dist-packages/turtlesim/turtlesim_s__rosidl_typesupport_c.cpython-310-x86_64-linux-gnu.so" to ""\n'}
[38.302150] (turtlesim) StdoutLine: {'line': b'-- Installing: /home/ocrv/sp_vision_tutorial_27/lecture4/install/turtlesim/lib/libturtlesim__rosidl_generator_py.so\n'}
[38.302418] (turtlesim) StdoutLine: {'line': b'-- Set runtime path of "/home/ocrv/sp_vision_tutorial_27/lecture4/install/turtlesim/lib/libturtlesim__rosidl_generator_py.so" to ""\n'}
[38.302563] (turtlesim) StdoutLine: {'line': b'-- Installing: /home/ocrv/sp_vision_tutorial_27/lecture4/install/turtlesim/share/turtlesim/rust\n'}
[38.302726] (turtlesim) StdoutLine: {'line': b'-- Installing: /home/ocrv/sp_vision_tutorial_27/lecture4/install/turtlesim/share/turtlesim/rust/build.rs\n'}
[38.302800] (turtlesim) StdoutLine: {'line': b'-- Installing: /home/ocrv/sp_vision_tutorial_27/lecture4/install/turtlesim/share/turtlesim/rust/src\n'}
[38.302938] (turtlesim) StdoutLine: {'line': b'-- Installing: /home/ocrv/sp_vision_tutorial_27/lecture4/install/turtlesim/share/turtlesim/rust/src/action\n'}
[38.303001] (turtlesim) StdoutLine: {'line': b'-- Installing: /home/ocrv/sp_vision_tutorial_27/lecture4/install/turtlesim/share/turtlesim/rust/src/action/rmw.rs\n'}
[38.303047] (turtlesim) StdoutLine: {'line': b'-- Installing: /home/ocrv/sp_vision_tutorial_27/lecture4/install/turtlesim/share/turtlesim/rust/src/msg.rs\n'}
[38.303087] (turtlesim) StdoutLine: {'line': b'-- Installing: /home/ocrv/sp_vision_tutorial_27/lecture4/install/turtlesim/share/turtlesim/rust/src/msg\n'}
[38.303214] (turtlesim) StdoutLine: {'line': b'-- Installing: /home/ocrv/sp_vision_tutorial_27/lecture4/install/turtlesim/share/turtlesim/rust/src/msg/rmw.rs\n'}
[38.303282] (turtlesim) StdoutLine: {'line': b'-- Installing: /home/ocrv/sp_vision_tutorial_27/lecture4/install/turtlesim/share/turtlesim/rust/src/srv.rs\n'}
[38.303429] (turtlesim) StdoutLine: {'line': b'-- Installing: /home/ocrv/sp_vision_tutorial_27/lecture4/install/turtlesim/share/turtlesim/rust/src/action.rs\n'}
[38.303494] (turtlesim) StdoutLine: {'line': b'-- Installing: /home/ocrv/sp_vision_tutorial_27/lecture4/install/turtlesim/share/turtlesim/rust/src/srv\n'}
[38.303686] (turtlesim) StdoutLine: {'line': b'-- Installing: /home/ocrv/sp_vision_tutorial_27/lecture4/install/turtlesim/share/turtlesim/rust/src/srv/rmw.rs\n'}
[38.303732] (turtlesim) StdoutLine: {'line': b'-- Installing: /home/ocrv/sp_vision_tutorial_27/lecture4/install/turtlesim/share/turtlesim/rust/src/lib.rs\n'}
[38.303804] (turtlesim) StdoutLine: {'line': b'-- Installing: /home/ocrv/sp_vision_tutorial_27/lecture4/install/turtlesim/share/turtlesim/rust/Cargo.toml\n'}
[38.303907] (turtlesim) StdoutLine: {'line': b'-- Installing: /home/ocrv/sp_vision_tutorial_27/lecture4/install/turtlesim/share/turtlesim/action/RotateAbsolute.idl\n'}
[38.303949] (turtlesim) StdoutLine: {'line': b'-- Installing: /home/ocrv/sp_vision_tutorial_27/lecture4/install/turtlesim/share/turtlesim/msg/Color.idl\n'}
[38.303986] (turtlesim) StdoutLine: {'line': b'-- Installing: /home/ocrv/sp_vision_tutorial_27/lecture4/install/turtlesim/share/turtlesim/msg/Pose.idl\n'}
[38.304023] (turtlesim) StdoutLine: {'line': b'-- Installing: /home/ocrv/sp_vision_tutorial_27/lecture4/install/turtlesim/share/turtlesim/srv/Kill.idl\n'}
[38.304056] (turtlesim) StdoutLine: {'line': b'-- Installing: /home/ocrv/sp_vision_tutorial_27/lecture4/install/turtlesim/share/turtlesim/srv/SetPen.idl\n'}
[38.304095] (turtlesim) StdoutLine: {'line': b'-- Installing: /home/ocrv/sp_vision_tutorial_27/lecture4/install/turtlesim/share/turtlesim/srv/Spawn.idl\n'}
[38.304179] (turtlesim) StdoutLine: {'line': b'-- Installing: /home/ocrv/sp_vision_tutorial_27/lecture4/install/turtlesim/share/turtlesim/srv/TeleportAbsolute.idl\n'}
[38.304296] (turtlesim) StdoutLine: {'line': b'-- Installing: /home/ocrv/sp_vision_tutorial_27/lecture4/install/turtlesim/share/turtlesim/srv/TeleportRelative.idl\n'}
[38.304339] (turtlesim) StdoutLine: {'line': b'-- Installing: /home/ocrv/sp_vision_tutorial_27/lecture4/install/turtlesim/share/turtlesim/action/RotateAbsolute.action\n'}
[38.304377] (turtlesim) StdoutLine: {'line': b'-- Installing: /home/ocrv/sp_vision_tutorial_27/lecture4/install/turtlesim/share/turtlesim/msg/Color.msg\n'}
[38.304408] (turtlesim) StdoutLine: {'line': b'-- Installing: /home/ocrv/sp_vision_tutorial_27/lecture4/install/turtlesim/share/turtlesim/msg/Pose.msg\n'}
[38.304439] (turtlesim) StdoutLine: {'line': b'-- Installing: /home/ocrv/sp_vision_tutorial_27/lecture4/install/turtlesim/share/turtlesim/srv/Kill.srv\n'}
[38.304468] (turtlesim) StdoutLine: {'line': b'-- Installing: /home/ocrv/sp_vision_tutorial_27/lecture4/install/turtlesim/share/turtlesim/srv/Kill_Request.msg\n'}
[38.304536] (turtlesim) StdoutLine: {'line': b'-- Installing: /home/ocrv/sp_vision_tutorial_27/lecture4/install/turtlesim/share/turtlesim/srv/Kill_Response.msg\n'}
[38.304574] (turtlesim) StdoutLine: {'line': b'-- Installing: /home/ocrv/sp_vision_tutorial_27/lecture4/install/turtlesim/share/turtlesim/srv/SetPen.srv\n'}
[38.304608] (turtlesim) StdoutLine: {'line': b'-- Installing: /home/ocrv/sp_vision_tutorial_27/lecture4/install/turtlesim/share/turtlesim/srv/SetPen_Request.msg\n'}
[38.304637] (turtlesim) StdoutLine: {'line': b'-- Installing: /home/ocrv/sp_vision_tutorial_27/lecture4/install/turtlesim/share/turtlesim/srv/SetPen_Response.msg\n'}
[38.304703] (turtlesim) StdoutLine: {'line': b'-- Installing: /home/ocrv/sp_vision_tutorial_27/lecture4/install/turtlesim/share/turtlesim/srv/Spawn.srv\n'}
[38.304779] (turtlesim) StdoutLine: {'line': b'-- Installing: /home/ocrv/sp_vision_tutorial_27/lecture4/install/turtlesim/share/turtlesim/srv/Spawn_Request.msg\n'}
[38.304853] (turtlesim) StdoutLine: {'line': b'-- Installing: /home/ocrv/sp_vision_tutorial_27/lecture4/install/turtlesim/share/turtlesim/srv/Spawn_Response.msg\n'}
[38.304934] (turtlesim) StdoutLine: {'line': b'-- Installing: /home/ocrv/sp_vision_tutorial_27/lecture4/install/turtlesim/share/turtlesim/srv/TeleportAbsolute.srv\n'}
[38.304977] (turtlesim) StdoutLine: {'line': b'-- Installing: /home/ocrv/sp_vision_tutorial_27/lecture4/install/turtlesim/share/turtlesim/srv/TeleportAbsolute_Request.msg\n'}
[38.305009] (turtlesim) StdoutLine: {'line': b'-- Installing: /home/ocrv/sp_vision_tutorial_27/lecture4/install/turtlesim/share/turtlesim/srv/TeleportAbsolute_Response.msg\n'}
[38.305046] (turtlesim) StdoutLine: {'line': b'-- Installing: /home/ocrv/sp_vision_tutorial_27/lecture4/install/turtlesim/share/turtlesim/srv/TeleportRelative.srv\n'}
[38.305122] (turtlesim) StdoutLine: {'line': b'-- Installing: /home/ocrv/sp_vision_tutorial_27/lecture4/install/turtlesim/share/turtlesim/srv/TeleportRelative_Request.msg\n'}
[38.305186] (turtlesim) StdoutLine: {'line': b'-- Installing: /home/ocrv/sp_vision_tutorial_27/lecture4/install/turtlesim/share/turtlesim/srv/TeleportRelative_Response.msg\n'}
[38.305232] (turtlesim) StdoutLine: {'line': b'-- Installing: /home/ocrv/sp_vision_tutorial_27/lecture4/install/turtlesim/lib/turtlesim/turtlesim_node\n'}
[38.311632] (turtlesim) StdoutLine: {'line': b'-- Set runtime path of "/home/ocrv/sp_vision_tutorial_27/lecture4/install/turtlesim/lib/turtlesim/turtlesim_node" to ""\n'}
[38.311729] (turtlesim) StdoutLine: {'line': b'-- Installing: /home/ocrv/sp_vision_tutorial_27/lecture4/install/turtlesim/lib/turtlesim/turtle_teleop_key\n'}
[38.312963] (turtlesim) StdoutLine: {'line': b'-- Set runtime path of "/home/ocrv/sp_vision_tutorial_27/lecture4/install/turtlesim/lib/turtlesim/turtle_teleop_key" to ""\n'}
[38.313021] (turtlesim) StdoutLine: {'line': b'-- Installing: /home/ocrv/sp_vision_tutorial_27/lecture4/install/turtlesim/lib/turtlesim/draw_square\n'}
[38.316510] (turtlesim) StdoutLine: {'line': b'-- Set runtime path of "/home/ocrv/sp_vision_tutorial_27/lecture4/install/turtlesim/lib/turtlesim/draw_square" to ""\n'}
[38.316606] (turtlesim) StdoutLine: {'line': b'-- Installing: /home/ocrv/sp_vision_tutorial_27/lecture4/install/turtlesim/lib/turtlesim/mimic\n'}
[38.319215] (turtlesim) StdoutLine: {'line': b'-- Set runtime path of "/home/ocrv/sp_vision_tutorial_27/lecture4/install/turtlesim/lib/turtlesim/mimic" to ""\n'}
[38.319374] (turtlesim) StdoutLine: {'line': b'-- Installing: /home/ocrv/sp_vision_tutorial_27/lecture4/install/turtlesim/share/turtlesim/images\n'}
[38.319476] (turtlesim) StdoutLine: {'line': b'-- Installing: /home/ocrv/sp_vision_tutorial_27/lecture4/install/turtlesim/share/turtlesim/images/crystal.png\n'}
[38.319580] (turtlesim) StdoutLine: {'line': b'-- Installing: /home/ocrv/sp_vision_tutorial_27/lecture4/install/turtlesim/share/turtlesim/images/bouncy.png\n'}
[38.319669] (turtlesim) StdoutLine: {'line': b'-- Installing: /home/ocrv/sp_vision_tutorial_27/lecture4/install/turtlesim/share/turtlesim/images/dashing.png\n'}
[38.319718] (turtlesim) StdoutLine: {'line': b'-- Installing: /home/ocrv/sp_vision_tutorial_27/lecture4/install/turtlesim/share/turtlesim/images/eloquent.png\n'}
[38.319797] (turtlesim) StdoutLine: {'line': b'-- Installing: /home/ocrv/sp_vision_tutorial_27/lecture4/install/turtlesim/share/turtlesim/images/galactic.png\n'}
[38.319834] (turtlesim) StdoutLine: {'line': b'-- Installing: /home/ocrv/sp_vision_tutorial_27/lecture4/install/turtlesim/share/turtlesim/images/ardent.png\n'}
[38.319951] (turtlesim) StdoutLine: {'line': b'-- Installing: /home/ocrv/sp_vision_tutorial_27/lecture4/install/turtlesim/share/turtlesim/images/humble.png\n'}
[38.320100] (turtlesim) StdoutLine: {'line': b'-- Installing: /home/ocrv/sp_vision_tutorial_27/lecture4/install/turtlesim/share/turtlesim/images/foxy.png\n'}
[38.320235] (turtlesim) StdoutLine: {'line': b'-- Installing: /home/ocrv/sp_vision_tutorial_27/lecture4/install/turtlesim/share/turtlesim/images/rolling.png\n'}
[38.320290] (turtlesim) StdoutLine: {'line': b'-- Installing: /home/ocrv/sp_vision_tutorial_27/lecture4/install/turtlesim/share/turtlesim/launch\n'}
[38.320327] (turtlesim) StdoutLine: {'line': b'-- Installing: /home/ocrv/sp_vision_tutorial_27/lecture4/install/turtlesim/share/turtlesim/launch/multisim.launch.py\n'}
[38.320428] (turtlesim) StdoutLine: {'line': b'-- Installing: /home/ocrv/sp_vision_tutorial_27/lecture4/install/turtlesim/share/ament_index/resource_index/package_run_dependencies/turtlesim\n'}
[38.320500] (turtlesim) StdoutLine: {'line': b'-- Installing: /home/ocrv/sp_vision_tutorial_27/lecture4/install/turtlesim/share/ament_index/resource_index/parent_prefix_path/turtlesim\n'}
[38.320575] (turtlesim) StdoutLine: {'line': b'-- Installing: /home/ocrv/sp_vision_tutorial_27/lecture4/install/turtlesim/share/turtlesim/environment/ament_prefix_path.sh\n'}
[38.320617] (turtlesim) StdoutLine: {'line': b'-- Installing: /home/ocrv/sp_vision_tutorial_27/lecture4/install/turtlesim/share/turtlesim/environment/ament_prefix_path.dsv\n'}
[38.320678] (turtlesim) StdoutLine: {'line': b'-- Installing: /home/ocrv/sp_vision_tutorial_27/lecture4/install/turtlesim/share/turtlesim/environment/path.sh\n'}
[38.320717] (turtlesim) StdoutLine: {'line': b'-- Installing: /home/ocrv/sp_vision_tutorial_27/lecture4/install/turtlesim/share/turtlesim/environment/path.dsv\n'}
[38.320783] (turtlesim) StdoutLine: {'line': b'-- Installing: /home/ocrv/sp_vision_tutorial_27/lecture4/install/turtlesim/share/turtlesim/local_setup.bash\n'}
[38.320867] (turtlesim) StdoutLine: {'line': b'-- Installing: /home/ocrv/sp_vision_tutorial_27/lecture4/install/turtlesim/share/turtlesim/local_setup.sh\n'}
[38.320965] (turtlesim) StdoutLine: {'line': b'-- Installing: /home/ocrv/sp_vision_tutorial_27/lecture4/install/turtlesim/share/turtlesim/local_setup.zsh\n'}
[38.321016] (turtlesim) StdoutLine: {'line': b'-- Installing: /home/ocrv/sp_vision_tutorial_27/lecture4/install/turtlesim/share/turtlesim/local_setup.dsv\n'}
[38.321137] (turtlesim) StdoutLine: {'line': b'-- Installing: /home/ocrv/sp_vision_tutorial_27/lecture4/install/turtlesim/share/turtlesim/package.dsv\n'}
[38.321181] (turtlesim) StdoutLine: {'line': b'-- Installing: /home/ocrv/sp_vision_tutorial_27/lecture4/install/turtlesim/share/ament_index/resource_index/packages/turtlesim\n'}
[38.321298] (turtlesim) StdoutLine: {'line': b'-- Installing: /home/ocrv/sp_vision_tutorial_27/lecture4/install/turtlesim/share/turtlesim/cmake/export_turtlesim__rosidl_generator_cExport.cmake\n'}
[38.321413] (turtlesim) StdoutLine: {'line': b'-- Installing: /home/ocrv/sp_vision_tutorial_27/lecture4/install/turtlesim/share/turtlesim/cmake/export_turtlesim__rosidl_generator_cExport-noconfig.cmake\n'}
[38.321473] (turtlesim) StdoutLine: {'line': b'-- Installing: /home/ocrv/sp_vision_tutorial_27/lecture4/install/turtlesim/share/turtlesim/cmake/export_turtlesim__rosidl_typesupport_fastrtps_cExport.cmake\n'}
[38.321568] (turtlesim) StdoutLine: {'line': b'-- Installing: /home/ocrv/sp_vision_tutorial_27/lecture4/install/turtlesim/share/turtlesim/cmake/export_turtlesim__rosidl_typesupport_fastrtps_cExport-noconfig.cmake\n'}
[38.321675] (turtlesim) StdoutLine: {'line': b'-- Installing: /home/ocrv/sp_vision_tutorial_27/lecture4/install/turtlesim/share/turtlesim/cmake/export_turtlesim__rosidl_generator_cppExport.cmake\n'}
[38.321722] (turtlesim) StdoutLine: {'line': b'-- Installing: /home/ocrv/sp_vision_tutorial_27/lecture4/install/turtlesim/share/turtlesim/cmake/export_turtlesim__rosidl_typesupport_fastrtps_cppExport.cmake\n'}
[38.321824] (turtlesim) StdoutLine: {'line': b'-- Installing: /home/ocrv/sp_vision_tutorial_27/lecture4/install/turtlesim/share/turtlesim/cmake/export_turtlesim__rosidl_typesupport_fastrtps_cppExport-noconfig.cmake\n'}
[38.321878] (turtlesim) StdoutLine: {'line': b'-- Installing: /home/ocrv/sp_vision_tutorial_27/lecture4/install/turtlesim/share/turtlesim/cmake/turtlesim__rosidl_typesupport_introspection_cExport.cmake\n'}
[38.321937] (turtlesim) StdoutLine: {'line': b'-- Installing: /home/ocrv/sp_vision_tutorial_27/lecture4/install/turtlesim/share/turtlesim/cmake/turtlesim__rosidl_typesupport_introspection_cExport-noconfig.cmake\n'}
[38.321983] (turtlesim) StdoutLine: {'line': b'-- Installing: /home/ocrv/sp_vision_tutorial_27/lecture4/install/turtlesim/share/turtlesim/cmake/turtlesim__rosidl_typesupport_cExport.cmake\n'}
[38.322032] (turtlesim) StdoutLine: {'line': b'-- Installing: /home/ocrv/sp_vision_tutorial_27/lecture4/install/turtlesim/share/turtlesim/cmake/turtlesim__rosidl_typesupport_cExport-noconfig.cmake\n'}
[38.322065] (turtlesim) StdoutLine: {'line': b'-- Installing: /home/ocrv/sp_vision_tutorial_27/lecture4/install/turtlesim/share/turtlesim/cmake/turtlesim__rosidl_typesupport_introspection_cppExport.cmake\n'}
[38.322102] (turtlesim) StdoutLine: {'line': b'-- Installing: /home/ocrv/sp_vision_tutorial_27/lecture4/install/turtlesim/share/turtlesim/cmake/turtlesim__rosidl_typesupport_introspection_cppExport-noconfig.cmake\n'}
[38.322228] (turtlesim) StdoutLine: {'line': b'-- Installing: /home/ocrv/sp_vision_tutorial_27/lecture4/install/turtlesim/share/turtlesim/cmake/turtlesim__rosidl_typesupport_cppExport.cmake\n'}
[38.322377] (turtlesim) StdoutLine: {'line': b'-- Installing: /home/ocrv/sp_vision_tutorial_27/lecture4/install/turtlesim/share/turtlesim/cmake/turtlesim__rosidl_typesupport_cppExport-noconfig.cmake\n'}
[38.322435] (turtlesim) StdoutLine: {'line': b'-- Installing: /home/ocrv/sp_vision_tutorial_27/lecture4/install/turtlesim/share/turtlesim/cmake/export_turtlesim__rosidl_generator_pyExport.cmake\n'}
[38.322525] (turtlesim) StdoutLine: {'line': b'-- Installing: /home/ocrv/sp_vision_tutorial_27/lecture4/install/turtlesim/share/turtlesim/cmake/export_turtlesim__rosidl_generator_pyExport-noconfig.cmake\n'}
[38.322584] (turtlesim) StdoutLine: {'line': b'-- Installing: /home/ocrv/sp_vision_tutorial_27/lecture4/install/turtlesim/share/turtlesim/cmake/rosidl_cmake-extras.cmake\n'}
[38.322671] (turtlesim) StdoutLine: {'line': b'-- Installing: /home/ocrv/sp_vision_tutorial_27/lecture4/install/turtlesim/share/turtlesim/cmake/ament_cmake_export_dependencies-extras.cmake\n'}
[38.322710] (turtlesim) StdoutLine: {'line': b'-- Installing: /home/ocrv/sp_vision_tutorial_27/lecture4/install/turtlesim/share/turtlesim/cmake/ament_cmake_export_include_directories-extras.cmake\n'}
[38.322854] (turtlesim) StdoutLine: {'line': b'-- Installing: /home/ocrv/sp_vision_tutorial_27/lecture4/install/turtlesim/share/turtlesim/cmake/ament_cmake_export_libraries-extras.cmake\n'}
[38.322923] (turtlesim) StdoutLine: {'line': b'-- Installing: /home/ocrv/sp_vision_tutorial_27/lecture4/install/turtlesim/share/turtlesim/cmake/ament_cmake_export_targets-extras.cmake\n'}
[38.322963] (turtlesim) StdoutLine: {'line': b'-- Installing: /home/ocrv/sp_vision_tutorial_27/lecture4/install/turtlesim/share/turtlesim/cmake/rosidl_cmake_export_typesupport_targets-extras.cmake\n'}
[38.323052] (turtlesim) StdoutLine: {'line': b'-- Installing: /home/ocrv/sp_vision_tutorial_27/lecture4/install/turtlesim/share/turtlesim/cmake/rosidl_cmake_export_typesupport_libraries-extras.cmake\n'}
[38.323202] (turtlesim) StdoutLine: {'line': b'-- Installing: /home/ocrv/sp_vision_tutorial_27/lecture4/install/turtlesim/share/turtlesim/cmake/rosidl_cmake_aggregate_target-extras.cmake\n'}
[38.323279] (turtlesim) StdoutLine: {'line': b'-- Installing: /home/ocrv/sp_vision_tutorial_27/lecture4/install/turtlesim/share/turtlesim/cmake/turtlesimConfig.cmake\n'}
[38.323323] (turtlesim) StdoutLine: {'line': b'-- Installing: /home/ocrv/sp_vision_tutorial_27/lecture4/install/turtlesim/share/turtlesim/cmake/turtlesimConfig-version.cmake\n'}
[38.323354] (turtlesim) StdoutLine: {'line': b'-- Installing: /home/ocrv/sp_vision_tutorial_27/lecture4/install/turtlesim/share/turtlesim/package.xml\n'}
[38.325701] (turtlesim) CommandEnded: {'returncode': 0}
[38.336143] (-) TimerEvent: {}
[38.337843] (turtlesim) JobEnded: {'identifier': 'turtlesim', 'rc': 0}
[38.338610] (-) EventReactorShutdown: {}
